team_name,team,season,games,wins,losses,ties,pts_allowed,pts_allowed_per_game,sacks,def_int,def_int_td,safeties,ret_td,fpts,fpts_per_game,featured
Baltimore Colts,BAL,1950,12,1,11,0,462,38.5,,0,0,0,0,-27,-2.25,
Chicago Bears,CHI,1950,12,9,3,0,207,17.2,,0,0,0,0,25,2.08,
Chicago Cardinals,CRD,1950,12,5,7,0,287,23.9,,0,0,0,0,11,0.92,
Cleveland Browns,CLE,1950,12,10,2,0,144,12.0,,0,0,0,0,37,3.08,
Detroit Lions,DET,1950,12,6,6,0,285,23.8,,0,0,0,0,6,0.5,
Green Bay Packers,GNB,1950,12,3,9,0,406,33.8,,0,0,0,0,-26,-2.17,
Los Angeles Rams,RAM,1950,12,9,3,0,309,25.8,,0,0,0,0,-7,-0.58,
New York Giants,NYG,1950,12,10,2,0,150,12.5,,0,0,0,0,37,3.08,
New York Yanks,NYY,1950,12,7,5,0,367,30.6,,0,0,0,0,-15,-1.25,
Philadelphia Eagles,PHI,1950,12,6,6,0,141,11.8,,0,0,0,0,40,3.33,
Pittsburgh Steelers,PIT,1950,12,6,6,0,195,16.2,,0,0,0,0,25,2.08,
San Francisco 49ers,SFO,1950,12,3,9,0,300,25.0,,0,0,0,0,-5,-0.42,
Washington Redskins,WAS,1950,12,3,9,0,326,27.2,,0,0,0,0,-12,-1.0,
Chicago Bears,CHI,1951,12,7,5,0,282,23.5,,0,0,0,0,6,0.5,
Chicago Cardinals,CRD,1951,12,3,9,0,287,23.9,,0,0,0,0,1,0.08,
Cleveland Browns,CLE,1951,12,11,1,0,152,12.7,,0,0,0,0,49,4.08,
Detroit Lions,DET,1951,12,7,4,1,259,21.6,,0,0,0,0,5,0.42,
Green Bay Packers,GNB,1951,12,3,9,0,375,31.2,,0,0,0,0,-14,-1.17,
Los Angeles Rams,RAM,1951,12,8,4,0,261,21.8,,0,0,0,0,5,0.42,
New York Giants,NYG,1951,12,9,2,1,161,13.4,,0,0,0,0,36,3.0,
New York Yanks,NYY,1951,12,1,9,2,382,31.8,,0,0,0,0,-17,-1.42,
Philadelphia Eagles,PHI,1951,12,4,8,0,264,22.0,,0,0,0,0,3,0.25,
Pittsburgh Steelers,PIT,1951,12,4,7,1,235,19.6,,0,0,0,0,12,1.0,
San Francisco 49ers,SFO,1951,12,7,4,1,205,17.1,,0,0,0,0,20,1.67,
Washington Redskins,WAS,1951,12,5,7,0,296,24.7,,0,0,0,0,-4,-0.33,
Chicago Bears,CHI,1952,12,5,7,0,326,27.2,,0,0,0,0,-10,-0.83,
Chicago Cardinals,CRD,1952,12,4,8,0,221,18.4,,0,0,0,0,21,1.75,
Cleveland Browns,CLE,1952,12,8,4,0,213,17.8,,0,0,0,0,20,1.67,
Dallas Texans,DTX,1952,12,1,11,0,427,35.6,,0,0,0,0,-32,-2.67,
Detroit Lions,DET,1952,12,9,3,0,192,16.0,,0,0,0,0,28,2.33,
Green Bay Packers,GNB,1952,12,6,6,0,312,26.0,,0,0,0,0,0,0.0,
Los Angeles Rams,RAM,1952,12,9,3,0,234,19.5,,0,0,0,0,13,1.08,
New York Giants,NYG,1952,12,7,5,0,231,19.2,,0,0,0,0,24,2.0,
Philadelphia Eagles,PHI,1952,12,7,5,0,271,22.6,,0,0,0,0,8,0.67,
Pittsburgh Steelers,PIT,1952,12,5,7,0,273,22.8,,0,0,0,0,3,0.25,
San Francisco 49ers,SFO,1952,12,7,5,0,221,18.4,,0,0,0,0,17,1.42,
Washington Redskins,WAS,1952,12,4,8,0,287,23.9,,0,0,0,0,-4,-0.33,
Baltimore Colts,BAL,1953,12,3,9,0,350,29.2,,0,0,0,0,-17,-1.42,
Chicago Bears,CHI,1953,12,3,8,1,262,21.8,,0,0,0,0,6,0.5,
Chicago Cardinals,CRD,1953,12,1,10,1,337,28.1,,0,0,0,0,-9,-0.75,
Cleveland Browns,CLE,1953,12,11,1,0,162,13.5,,0,0,0,0,36,3.0,
Detroit Lions,DET,1953,12,10,2,0,205,17.1,,0,0,0,0,15,1.25,
Green Bay Packers,GNB,1953,12,2,9,1,338,28.2,,0,0,0,0,-12,-1.0,
Los Angeles Rams,RAM,1953,12,8,3,1,236,19.7,,0,0,0,0,16,1.33,
New York Giants,NYG,1953,12,3,9,0,277,23.1,,0,0,0,0,8,0.67,
Philadelphia Eagles,PHI,1953,12,7,4,1,215,17.9,,0,0,0,0,19,1.58,
Pittsburgh Steelers,PIT,1953,12,6,6,0,263,21.9,,0,0,0,0,3,0.25,
San Francisco 49ers,SFO,1953,12,9,3,0,237,19.8,,0,0,0,0,6,0.5,
Washington Redskins,WAS,1953,12,6,5,1,215,17.9,,0,0,0,0,23,1.92,
Baltimore Colts,BAL,1954,12,3,9,0,279,23.2,,0,0,0,0,3,0.25,
Chicago Bears,CHI,1954,12,8,4,0,279,23.2,,0,0,0,0,10,0.83,
Chicago Cardinals,CRD,1954,12,2,10,0,347,28.9,,0,0,0,0,-18,-1.5,
Cleveland Browns,CLE,1954,12,9,3,0,162,13.5,,0,0,0,0,38,3.17,
Detroit Lions,DET,1954,12,9,2,1,189,15.8,,0,0,0,0,32,2.67,
Green Bay Packers,GNB,1954,12,4,8,0,251,20.9,,0,0,0,0,7,0.58,
Los Angeles Rams,RAM,1954,12,6,5,1,285,23.8,,0,0,0,0,3,0.25,
New York Giants,NYG,1954,12,7,5,0,184,15.3,,0,0,0,0,26,2.17,
Philadelphia Eagles,PHI,1954,12,7,4,1,230,19.2,,0,0,0,0,14,1.17,
Pittsburgh Steelers,PIT,1954,12,5,7,0,263,21.9,,0,0,0,0,6,0.5,
San Francisco 49ers,SFO,1954,12,7,4,1,251,20.9,,0,0,0,0,17,1.42,
Washington Redskins,WAS,1954,12,3,9,0,432,36.0,,0,0,0,0,-27,-2.25,
Baltimore Colts,BAL,1955,12,5,6,1,239,19.9,,0,0,0,0,7,0.58,
Chicago Bears,CHI,1955,12,8,4,0,251,20.9,,0,0,0,0,14,1.17,
Chicago Cardinals,CRD,1955,12,4,7,1,252,21.0,,0,0,0,0,9,0.75,
Cleveland Browns,CLE,1955,12,9,2,1,218,18.2,,0,0,0,0,15,1.25,
Detroit Lions,DET,1955,12,3,9,0,275,22.9,,0,0,0,0,1,0.08,
Green Bay Packers,GNB,1955,12,6,6,0,276,23.0,,0,0,0,0,4,0.33,
Los Angeles Rams,RAM,1955,12,8,3,1,231,19.2,,0,0,0,0,11,0.92,
New York Giants,NYG,1955,12,6,5,1,223,18.6,,0,0,0,0,19,1.58,
Philadelphia Eagles,PHI,1955,12,4,7,1,231,19.2,,0,0,0,0,21,1.75,
Pittsburgh Steelers,PIT,1955,12,4,8,0,285,23.8,,0,0,0,0,2,0.17,
San Francisco 49ers,SFO,1955,12,4,8,0,298,24.8,,0,0,0,0,-1,-0.08,
Washington Redskins,WAS,1955,12,8,4,0,222,18.5,,0,0,0,0,22,1.83,
Baltimore Colts,BAL,1956,12,5,7,0,322,26.8,,0,0,0,0,-5,-0.42,
Chicago Bears,CHI,1956,12,9,2,1,246,20.5,,0,0,0,0,8,0.67,
Chicago Cardinals,CRD,1956,12,7,5,0,182,15.2,,0,0,0,0,29,2.42,
Cleveland Browns,CLE,1956,12,5,7,0,177,14.8,,0,0,0,0,29,2.42,
Detroit Lions,DET,1956,12,9,3,0,188,15.7,,0,0,0,0,23,1.92,
Green Bay Packers,GNB,1956,12,4,8,0,342,28.5,,0,0,0,0,-14,-1.17,
Los Angeles Rams,RAM,1956,12,4,8,0,307,25.6,,0,0,0,0,1,0.08,
New York Giants,NYG,1956,12,8,3,1,197,16.4,,0,0,0,0,21,1.75,
Philadelphia Eagles,PHI,1956,12,3,8,1,215,17.9,,0,0,0,0,16,1.33,
Pittsburgh Steelers,PIT,1956,12,5,7,0,250,20.8,,0,0,0,0,10,0.83,
San Francisco 49ers,SFO,1956,12,5,6,1,284,23.7,,0,0,0,0,-1,-0.08,
Washington Redskins,WAS,1956,12,6,6,0,225,18.8,,0,0,0,0,14,1.17,
Baltimore Colts,BAL,1957,12,7,5,0,235,19.6,,0,0,0,0,6,0.5,
Chicago Bears,CHI,1957,12,5,7,0,211,17.6,,0,0,0,0,16,1.33,
Chicago Cardinals,CRD,1957,12,3,9,0,299,24.9,,0,0,0,0,-4,-0.33,
Cleveland Browns,CLE,1957,12,9,2,1,172,14.3,,0,0,0,0,39,3.25,
Detroit Lions,DET,1957,12,8,4,0,231,19.2,,0,0,0,0,16,1.33,
Green Bay Packers,GNB,1957,12,3,9,0,311,25.9,,0,0,0,0,-4,-0.33,
Los Angeles Rams,RAM,1957,12,6,6,0,278,23.2,,0,0,0,0,5,0.42,
New York Giants,NYG,1957,12,7,5,0,211,17.6,,0,0,0,0,29,2.42,
Philadelphia Eagles,PHI,1957,12,4,8,0,230,19.2,,0,0,0,0,22,1.83,
Pittsburgh Steelers,PIT,1957,12,6,6,0,178,14.8,,0,0,0,0,34,2.83,
San Francisco 49ers,SFO,1957,12,8,4,0,264,22.0,,0,0,0,0,5,0.42,
Washington Redskins,WAS,1957,12,5,6,1,230,19.2,,0,0,0,0,14,1.17,
Baltimore Colts,BAL,1958,12,9,3,0,203,16.9,,0,0,0,0,26,2.17,
Chicago Bears,CHI,1958,12,8,4,0,230,19.2,,0,0,0,0,16,1.33,
Chicago Cardinals,CRD,1958,12,2,9,1,356,29.7,,0,0,0,0,-13,-1.08,
Cleveland Browns,CLE,1958,12,9,3,0,217,18.1,,0,0,0,0,17,1.42,
Detroit Lions,DET,1958,12,4,7,1,276,23.0,,0,0,0,0,2,0.17,
Green Bay Packers,GNB,1958,12,1,10,1,382,31.8,,0,0,0,0,-14,-1.17,
Los Angeles Rams,RAM,1958,12,8,4,0,278,23.2,,0,0,0,0,4,0.33,
New York Giants,NYG,1958,12,9,3,0,183,15.2,,0,0,0,0,31,2.58,
Philadelphia Eagles,PHI,1958,12,2,9,1,306,25.5,,0,0,0,0,-6,-0.5,
Pittsburgh Steelers,PIT,1958,12,7,4,1,230,19.2,,0,0,0,0,15,1.25,
San Francisco 49ers,SFO,1958,12,6,6,0,324,27.0,,0,0,0,0,-5,-0.42,
Washington Redskins,WAS,1958,12,4,7,1,268,22.3,,0,0,0,0,3,0.25,
Baltimore Colts,BAL,1959,12,9,3,0,251,20.9,,0,0,0,0,6,0.5,
Chicago Bears,CHI,1959,12,8,4,0,196,16.3,,0,0,0,0,18,1.5,
Chicago Cardinals,CRD,1959,12,2,10,0,324,27.0,,0,0,0,0,-7,-0.58,
Cleveland Browns,CLE,1959,12,7,5,0,214,17.8,,0,0,0,0,17,1.42,
Detroit Lions,DET,1959,12,3,8,1,275,22.9,,0,0,0,0,5,0.42,
Green Bay Packers,GNB,1959,12,7,5,0,246,20.5,,0,0,0,0,16,1.33,
Los Angeles Rams,RAM,1959,12,2,10,0,315,26.2,,0,0,0,0,-5,-0.42,
New York Giants,NYG,1959,12,10,2,0,170,14.2,,0,0,0,0,33,2.75,
Philadelphia Eagles,PHI,1959,12,7,5,0,278,23.2,,0,0,0,0,0,0.0,
Pittsburgh Steelers,PIT,1959,12,6,5,1,216,18.0,,0,0,0,0,26,2.17,
San Francisco 49ers,SFO,1959,12,7,5,0,237,19.8,,0,0,0,0,14,1.17,
Washington Redskins,WAS,1959,12,3,9,0,350,29.2,,0,0,0,0,-10,-0.83,
Baltimore Colts,BAL,1960,12,6,6,0,234,19.5,,30,0,0,1,84,7.0,
Boston Patriots,BOS,1960,14,5,9,0,349,24.9,,25,0,0,0,54,3.86,
Buffalo Bills,BUF,1960,14,5,8,1,303,21.6,,31,0,0,0,77,5.5,
Chicago Bears,CHI,1960,12,5,6,1,299,24.9,,10,0,0,0,17,1.42,
Cleveland Browns,CLE,1960,12,8,3,1,217,18.1,,31,0,0,1,89,7.42,
Dallas Cowboys,DAL,1960,12,0,11,1,369,30.8,,15,0,0,0,14,1.17,
Dallas Texans,DTX,1960,14,8,6,0,253,18.1,,32,0,0,1,99,7.07,
Denver Broncos,DEN,1960,14,4,9,1,393,28.1,,27,0,0,1,48,3.43,
Detroit Lions,DET,1960,12,7,5,0,212,17.7,,19,0,0,0,63,5.25,
Green Bay Packers,GNB,1960,12,8,4,0,209,17.4,,22,0,0,0,67,5.58,
Houston Oilers,HOU,1960,14,10,4,0,285,20.4,,25,0,0,2,73,5.21,
Los Angeles Chargers,LAC,1960,14,10,4,0,336,24.0,,26,0,0,0,50,3.57,
Los Angeles Rams,RAM,1960,12,4,7,1,297,24.8,,21,0,0,1,52,4.33,
New York Giants,NYG,1960,12,6,4,2,261,21.8,,22,0,0,0,54,4.5,
New York Titans,NYT,1960,14,7,7,0,399,28.5,,24,0,0,2,48,3.43,
Oakland Raiders,OAK,1960,14,6,8,0,388,27.7,,23,0,0,1,46,3.29,
Philadelphia Eagles,PHI,1960,12,10,2,0,246,20.5,,30,0,0,0,77,6.42,
Pittsburgh Steelers,PIT,1960,12,5,6,1,275,22.9,,16,0,0,0,36,3.0,
San Francisco 49ers,SFO,1960,12,7,5,0,205,17.1,,20,0,0,1,67,5.58,
St. Louis Cardinals,STL,1960,12,6,5,1,230,19.2,,21,0,0,0,55,4.58,
Washington Redskins,WAS,1960,12,1,9,2,309,25.8,,15,0,0,0,25,2.08,
Baltimore Colts,BAL,1961,14,8,6,0,307,21.9,,16,0,0,0,45,3.21,
Boston Patriots,BOS,1961,14,9,4,1,313,22.4,,22,0,0,2,60,4.29,
Buffalo Bills,BUF,1961,14,6,8,0,342,24.4,,28,0,0,1,64,4.57,
Chicago Bears,CHI,1961,14,8,6,0,302,21.6,,18,0,0,0,43,3.07,
Cleveland Browns,CLE,1961,14,8,5,1,270,19.3,,20,0,0,2,70,5.0,
Dallas Cowboys,DAL,1961,14,4,9,1,380,27.1,,25,0,0,0,44,3.14,
Dallas Texans,DTX,1961,14,6,8,0,343,24.5,,25,0,0,1,54,3.86,
Denver Broncos,DEN,1961,14,3,11,0,432,30.9,,26,0,0,2,48,3.43,
Detroit Lions,DET,1961,14,8,5,1,258,18.4,,28,0,0,1,83,5.93,
Green Bay Packers,GNB,1961,14,11,3,0,223,15.9,,29,0,0,2,100,7.14,
Houston Oilers,HOU,1961,14,10,3,1,242,17.3,,31,0,0,0,87,6.21,
Los Angeles Rams,RAM,1961,14,4,10,0,333,23.8,,23,0,0,2,52,3.71,
Minnesota Vikings,MIN,1961,14,3,11,0,407,29.1,,22,0,0,1,38,2.71,
New York Giants,NYG,1961,14,10,3,1,220,15.7,,33,0,0,0,92,6.57,
New York Titans,NYT,1961,14,7,7,0,390,27.9,,25,0,0,2,57,4.07,
Oakland Raiders,OAK,1961,14,2,12,0,458,32.7,,21,0,0,0,17,1.21,
Philadelphia Eagles,PHI,1961,14,10,4,0,297,21.2,,17,0,0,2,55,3.93,
Pittsburgh Steelers,PIT,1961,14,6,8,0,287,20.5,,25,0,0,1,72,5.14,
San Diego Chargers,SDG,1961,14,12,2,0,219,15.6,,49,0,0,1,145,10.36,
San Francisco 49ers,SFO,1961,14,7,6,1,272,19.4,,19,0,0,2,77,5.5,
St. Louis Cardinals,STL,1961,14,7,7,0,267,19.1,,24,0,0,1,81,5.79,
Washington Redskins,WAS,1961,14,1,12,1,392,28.0,,26,0,0,0,40,2.86,
Baltimore Colts,BAL,1962,14,7,7,0,288,20.6,,22,0,0,0,57,4.07,
Boston Patriots,BOS,1962,14,9,4,1,295,21.1,,25,0,0,1,61,4.36,
Buffalo Bills,BUF,1962,14,7,6,1,272,19.4,,36,0,0,2,103,7.36,
Chicago Bears,CHI,1962,14,9,5,0,287,20.5,,20,0,0,1,72,5.14,
Cleveland Browns,CLE,1962,14,7,6,1,257,18.4,,24,0,0,0,59,4.21,
Dallas Cowboys,DAL,1962,14,5,8,1,402,28.7,,20,0,0,1,33,2.36,
Dallas Texans,DTX,1962,14,11,3,0,233,16.6,,32,0,0,0,88,6.29,
Denver Broncos,DEN,1962,14,7,7,0,334,23.9,,26,0,0,0,60,4.29,
Detroit Lions,DET,1962,14,11,3,0,177,12.6,,24,0,0,0,92,6.57,
Green Bay Packers,GNB,1962,14,13,1,0,148,10.6,,31,0,0,1,130,9.29,
Houston Oilers,HOU,1962,14,11,3,0,270,19.3,,35,0,0,0,87,6.21,
Los Angeles Rams,RAM,1962,14,1,12,1,334,23.9,,19,0,0,0,40,2.86,
Minnesota Vikings,MIN,1962,14,2,11,1,410,29.3,,24,0,0,0,31,2.21,
New York Giants,NYG,1962,14,12,2,0,283,20.2,,26,0,0,1,72,5.14,
New York Titans,NYT,1962,14,5,9,0,423,30.2,,29,0,0,2,62,4.43,
Oakland Raiders,OAK,1962,14,1,13,0,370,26.4,,25,0,0,1,54,3.86,
Philadelphia Eagles,PHI,1962,14,3,10,1,356,25.4,,26,0,0,1,56,4.0,
Pittsburgh Steelers,PIT,1962,14,9,5,0,363,25.9,,27,0,0,0,46,3.29,
San Diego Chargers,SDG,1962,14,4,10,0,392,28.0,,29,0,0,1,50,3.57,
San Francisco 49ers,SFO,1962,14,6,8,0,331,23.6,,12,0,0,1,36,2.57,
St. Louis Cardinals,STL,1962,14,4,9,1,361,25.8,,16,0,0,0,25,1.79,
Washington Redskins,WAS,1962,14,5,7,2,376,26.9,,28,0,0,1,49,3.5,
Baltimore Colts,BAL,1963,14,8,6,0,285,20.4,,15,0,0,0,43,3.07,
Boston Patriots,BOS,1963,14,7,6,1,257,18.4,,29,0,0,0,71,5.07,
Buffalo Bills,BUF,1963,14,7,6,1,291,20.8,,21,0,0,0,53,3.79,
Chicago Bears,CHI,1963,14,11,1,2,144,10.3,,33,0,0,0,115,8.21,Monsters of the Midway
Cleveland Browns,CLE,1963,14,10,4,0,262,18.7,,22,0,0,0,63,4.5,
Dallas Cowboys,DAL,1963,14,4,10,0,378,27.0,,26,0,0,0,44,3.14,
Denver Broncos,DEN,1963,14,2,11,1,473,33.8,,15,0,0,1,15,1.07,
Detroit Lions,DET,1963,14,5,8,1,265,18.9,,24,0,0,1,78,5.57,
Green Bay Packers,GNB,1963,14,11,2,1,206,14.7,,22,0,0,1,82,5.86,
Houston Oilers,HOU,1963,14,6,8,0,372,26.6,,36,0,0,0,67,4.79,
Kansas City Chiefs,KAN,1963,14,5,7,2,263,18.8,,26,0,0,1,79,5.64,
Los Angeles Rams,RAM,1963,14,5,9,0,350,25.0,,19,0,0,1,42,3.0,
Minnesota Vikings,MIN,1963,14,5,8,1,390,27.9,,11,0,0,2,25,1.79,
New York Giants,NYG,1963,14,11,3,0,280,20.0,,34,0,0,0,75,5.36,
New York Jets,NYJ,1963,14,5,8,1,399,28.5,,21,0,0,1,43,3.07,
Oakland Raiders,OAK,1963,14,10,4,0,282,20.1,,35,0,0,2,103,7.36,
Philadelphia Eagles,PHI,1963,14,2,10,2,381,27.2,,15,0,0,1,24,1.71,
Pittsburgh Steelers,PIT,1963,14,7,4,3,295,21.1,,25,0,0,1,70,5.0,
San Diego Chargers,SDG,1963,14,11,3,0,255,18.2,,29,0,0,0,90,6.43,
San Francisco 49ers,SFO,1963,14,2,12,0,391,27.9,,14,0,0,3,35,2.5,
St. Louis Cardinals,STL,1963,14,9,5,0,283,20.2,,18,0,0,0,43,3.07,
Washington Redskins,WAS,1963,14,3,11,0,398,28.4,,21,0,0,1,29,2.07,
Baltimore Colts,BAL,1964,14,12,2,0,225,16.1,,23,0,0,0,83,5.93,
Boston Patriots,BOS,1964,14,10,3,1,297,21.2,,31,0,0,0,70,5.0,
Buffalo Bills,BUF,1964,14,12,2,0,242,17.3,,28,0,0,1,83,5.93,
Chicago Bears,CHI,1964,14,5,9,0,379,27.1,,10,0,0,1,18,1.29,
Cleveland Browns,CLE,1964,14,10,3,1,293,20.9,,19,0,0,1,57,4.07,
Dallas Cowboys,DAL,1964,14,5,8,1,289,20.6,,18,0,0,1,54,3.86,
Denver Broncos,DEN,1964,14,2,11,1,438,31.3,,32,0,0,1,51,3.64,
Detroit Lions,DET,1964,14,7,5,2,260,18.6,,22,0,0,2,77,5.5,
Green Bay Packers,GNB,1964,14,8,5,1,245,17.5,,13,0,0,1,56,4.0,
Houston Oilers,HOU,1964,14,4,10,0,355,25.4,,30,0,0,2,69,4.93,
Kansas City Chiefs,KAN,1964,14,7,7,0,306,21.9,,28,0,0,0,68,4.86,
Los Angeles Rams,RAM,1964,14,5,7,2,339,24.2,,17,0,0,0,31,2.21,
Minnesota Vikings,MIN,1964,14,8,5,1,296,21.1,,19,0,0,0,47,3.36,
New York Giants,NYG,1964,14,2,10,2,399,28.5,,15,0,0,1,27,1.93,
New York Jets,NYJ,1964,14,5,8,1,315,22.5,,34,0,0,0,74,5.29,
Oakland Raiders,OAK,1964,14,5,7,2,350,25.0,,26,0,0,0,50,3.57,
Philadelphia Eagles,PHI,1964,14,6,8,0,313,22.4,,17,0,0,0,32,2.29,
Pittsburgh Steelers,PIT,1964,14,5,9,0,315,22.5,,12,0,0,0,30,2.14,
San Diego Chargers,SDG,1964,14,8,5,1,300,21.4,,30,0,0,0,68,4.86,
San Francisco 49ers,SFO,1964,14,4,10,0,330,23.6,,15,0,0,1,34,2.43,
St. Louis Cardinals,STL,1964,14,9,3,2,331,23.6,,25,0,0,1,69,4.93,
Washington Redskins,WAS,1964,14,6,8,0,305,21.8,,34,0,0,0,81,5.79,
Baltimore Colts,BAL,1965,14,10,3,1,284,20.3,,22,0,0,0,55,3.93,
Boston Patriots,BOS,1965,14,4,8,2,302,21.6,,21,0,0,0,56,4.0,
Buffalo Bills,BUF,1965,14,10,3,1,226,16.1,,32,0,0,2,101,7.21,
Chicago Bears,CHI,1965,14,9,5,0,275,19.6,,18,0,0,2,74,5.29,
Cleveland Browns,CLE,1965,14,11,3,0,325,23.2,,24,0,0,2,61,4.36,
Dallas Cowboys,DAL,1965,14,7,7,0,280,20.0,,18,0,0,1,59,4.21,
Denver Broncos,DEN,1965,14,4,10,0,392,28.0,,25,0,0,1,47,3.36,
Detroit Lions,DET,1965,14,6,7,1,295,21.1,,26,0,0,0,67,4.79,
Green Bay Packers,GNB,1965,14,10,3,1,224,16.0,,27,0,0,0,86,6.14,
Houston Oilers,HOU,1965,14,4,10,0,429,30.6,,27,0,0,0,34,2.43,
Kansas City Chiefs,KAN,1965,14,7,5,2,285,20.4,,20,0,0,1,58,4.14,
Los Angeles Rams,RAM,1965,14,4,10,0,328,23.4,,11,0,0,0,30,2.14,
Minnesota Vikings,MIN,1965,14,7,7,0,403,28.8,,19,0,0,2,32,2.29,
New York Giants,NYG,1965,14,7,7,0,338,24.1,,14,0,0,0,28,2.0,
New York Jets,NYJ,1965,14,5,8,1,303,21.6,,26,0,0,0,62,4.43,
Oakland Raiders,OAK,1965,14,8,5,1,239,17.1,,24,0,0,1,73,5.21,
Philadelphia Eagles,PHI,1965,14,5,9,0,359,25.6,,24,0,0,1,44,3.14,
Pittsburgh Steelers,PIT,1965,14,2,12,0,397,28.4,,12,0,0,0,9,0.64,
San Diego Chargers,SDG,1965,14,9,2,3,227,16.2,,28,0,0,2,99,7.07,
San Francisco 49ers,SFO,1965,14,7,6,1,402,28.7,,13,0,0,0,15,1.07,
St. Louis Cardinals,STL,1965,14,5,9,0,309,22.1,,17,0,0,0,45,3.21,
Washington Redskins,WAS,1965,14,6,8,0,301,21.5,,27,0,0,1,66,4.71,
Atlanta Falcons,ATL,1966,14,3,11,0,437,31.2,,19,0,0,0,27,1.93,
Baltimore Colts,BAL,1966,14,9,5,0,226,16.1,,22,0,0,0,66,4.71,
Boston Patriots,BOS,1966,14,8,4,2,283,20.2,,22,0,0,0,55,3.93,
Buffalo Bills,BUF,1966,14,9,4,1,255,18.2,,29,0,0,3,99,7.07,
Chicago Bears,CHI,1966,14,5,7,2,272,19.4,,14,0,0,2,59,4.21,
Cleveland Browns,CLE,1966,14,9,5,0,259,18.5,,30,0,0,0,80,5.71,
Dallas Cowboys,DAL,1966,14,10,3,1,239,17.1,,17,0,0,1,61,4.36,
Denver Broncos,DEN,1966,14,4,10,0,381,27.2,,13,0,0,3,34,2.43,
Detroit Lions,DET,1966,14,4,9,1,317,22.6,,23,0,0,1,59,4.21,
Green Bay Packers,GNB,1966,14,12,2,0,163,11.6,,28,0,0,1,113,8.07,
Houston Oilers,HOU,1966,14,3,11,0,396,28.3,,18,0,0,0,35,2.5,
Kansas City Chiefs,KAN,1966,14,11,2,1,276,19.7,,33,0,0,1,87,6.21,
Los Angeles Rams,RAM,1966,14,8,6,0,212,15.1,,26,0,0,0,82,5.86,
Miami Dolphins,MIA,1966,14,3,11,0,362,25.9,,31,0,0,1,68,4.86,
Minnesota Vikings,MIN,1966,14,4,9,1,304,21.7,,14,0,0,0,37,2.64,
New York Giants,NYG,1966,14,1,12,1,501,35.8,,17,0,0,1,19,1.36,
New York Jets,NYJ,1966,14,6,6,2,312,22.3,,21,0,0,1,55,3.93,
Oakland Raiders,OAK,1966,14,8,5,1,288,20.6,,23,0,0,0,62,4.43,
Philadelphia Eagles,PHI,1966,14,9,5,0,340,24.3,,20,0,0,3,62,4.43,
Pittsburgh Steelers,PIT,1966,14,5,8,1,347,24.8,,24,0,0,1,67,4.79,
San Diego Chargers,SDG,1966,14,7,6,1,284,20.3,,27,0,0,1,75,5.36,
San Francisco 49ers,SFO,1966,14,6,6,2,325,23.2,,18,0,0,1,43,3.07,
St. Louis Cardinals,STL,1966,14,8,5,1,265,18.9,,21,0,0,2,74,5.29,
Washington Redskins,WAS,1966,14,7,7,0,355,25.4,,23,0,0,1,49,3.5,
Atlanta Falcons,ATL,1967,14,1,12,1,422,30.1,,17,0,0,1,21,1.5,
Baltimore Colts,BAL,1967,14,11,1,2,198,14.1,,32,0,0,1,112,8.0,
Boston Patriots,BOS,1967,14,3,10,1,389,27.8,,17,0,0,0,31,2.21,
Buffalo Bills,BUF,1967,14,4,10,0,285,20.4,,27,0,0,0,63,4.5,
Chicago Bears,CHI,1967,14,7,6,1,218,15.6,,28,0,0,4,112,8.0,
Cleveland Browns,CLE,1967,14,9,5,0,297,21.2,,22,0,0,2,68,4.86,
Dallas Cowboys,DAL,1967,14,9,5,0,268,19.1,,29,0,0,1,75,5.36,
Denver Broncos,DEN,1967,14,3,11,0,409,29.2,,28,0,0,1,45,3.21,
Detroit Lions,DET,1967,14,5,7,2,259,18.5,,23,0,0,0,69,4.93,
Green Bay Packers,GNB,1967,14,9,4,1,209,14.9,,26,0,0,4,118,8.43,
Houston Oilers,HOU,1967,14,9,4,1,199,14.2,,26,0,0,1,99,7.07,
Kansas City Chiefs,KAN,1967,14,9,5,0,254,18.1,,31,0,0,1,99,7.07,
Los Angeles Rams,RAM,1967,14,11,1,2,196,14.0,,32,0,0,0,106,7.57,
Miami Dolphins,MIA,1967,14,4,10,0,407,29.1,,28,0,0,0,38,2.71,
Minnesota Vikings,MIN,1967,14,3,8,3,294,21.0,,16,0,0,1,48,3.43,
New Orleans Saints,NOR,1967,14,3,11,0,379,27.1,,22,0,0,2,48,3.43,
New York Giants,NYG,1967,14,7,7,0,379,27.1,,16,0,0,0,24,1.71,
New York Jets,NYJ,1967,14,8,5,1,329,23.5,,27,0,0,0,54,3.86,
Oakland Raiders,OAK,1967,14,13,1,0,233,16.6,,30,0,0,0,85,6.07,
Philadelphia Eagles,PHI,1967,14,6,7,1,409,29.2,,21,0,0,0,24,1.71,
Pittsburgh Steelers,PIT,1967,14,4,9,1,320,22.9,,26,0,0,0,56,4.0,
San Diego Chargers,SDG,1967,14,8,5,1,352,25.1,,13,0,0,0,29,2.07,
San Francisco 49ers,SFO,1967,14,7,7,0,337,24.1,,16,0,0,0,35,2.5,
St. Louis Cardinals,STL,1967,14,6,7,1,356,25.4,,21,0,0,0,33,2.36,
Washington Redskins,WAS,1967,14,5,6,3,353,25.2,,19,0,0,1,40,2.86,
Atlanta Falcons,ATL,1968,14,2,12,0,389,27.8,,14,0,0,0,16,1.14,
Baltimore Colts,BAL,1968,14,13,1,0,144,10.3,,29,0,0,2,132,9.43,Featured
Boston Patriots,BOS,1968,14,4,10,0,406,29.0,,23,0,0,0,34,2.43,
Buffalo Bills,BUF,1968,14,1,12,1,367,26.2,,22,0,0,2,48,3.43,
Chicago Bears,CHI,1968,14,7,7,0,333,23.8,,18,0,0,0,34,2.43,
Cincinnati Bengals,CIN,1968,14,3,11,0,329,23.5,,10,0,0,0,28,2.0,
Cleveland Browns,CLE,1968,14,10,4,0,273,19.5,,32,0,0,0,81,5.79,
Dallas Cowboys,DAL,1968,14,12,2,0,186,13.3,,26,0,0,2,107,7.64,
Denver Broncos,DEN,1968,14,5,9,0,404,28.9,,20,0,0,1,37,2.64,
Detroit Lions,DET,1968,14,4,8,2,241,17.2,,24,0,0,1,85,6.07,
Green Bay Packers,GNB,1968,14,6,7,1,227,16.2,,17,0,0,1,65,4.64,
Houston Oilers,HOU,1968,14,7,7,0,248,17.7,,20,0,0,0,68,4.86,
Kansas City Chiefs,KAN,1968,14,12,2,0,170,12.1,,37,0,0,2,133,9.5,
Los Angeles Rams,RAM,1968,14,10,3,1,200,14.3,,25,0,0,1,93,6.64,
Miami Dolphins,MIA,1968,14,5,8,1,355,25.4,,22,0,0,0,40,2.86,
Minnesota Vikings,MIN,1968,14,8,6,0,242,17.3,,16,0,0,1,65,4.64,
New Orleans Saints,NOR,1968,14,4,9,1,327,23.4,,16,0,0,1,36,2.57,
New York Giants,NYG,1968,14,7,7,0,325,23.2,,26,0,0,0,58,4.14,
New York Jets,NYJ,1968,14,11,3,0,280,20.0,,28,0,0,0,62,4.43,
Oakland Raiders,OAK,1968,14,12,2,0,233,16.6,,25,0,0,2,95,6.79,
Philadelphia Eagles,PHI,1968,14,2,12,0,351,25.1,,13,0,0,2,46,3.29,
Pittsburgh Steelers,PIT,1968,14,2,11,1,397,28.4,,17,0,0,1,30,2.14,
San Diego Chargers,SDG,1968,14,9,5,0,310,22.1,,20,0,0,1,54,3.86,
San Francisco 49ers,SFO,1968,14,7,6,1,310,22.1,,20,0,0,0,52,3.71,
St. Louis Cardinals,STL,1968,14,9,4,1,289,20.6,,13,0,0,1,40,2.86,
Washington Redskins,WAS,1968,14,5,9,0,358,25.6,,21,0,0,0,44,3.14,
Atlanta Falcons,ATL,1969,14,6,8,0,268,19.1,,19,0,0,1,66,4.71,
Baltimore Colts,BAL,1969,14,8,5,1,268,19.1,,15,0,0,1,59,4.21,
Boston Patriots,BOS,1969,14,4,10,0,316,22.6,,20,0,0,0,46,3.29,
Buffalo Bills,BUF,1969,14,4,10,0,359,25.6,,19,0,0,0,36,2.57,
Chicago Bears,CHI,1969,14,1,13,0,339,24.2,,16,0,0,0,35,2.5,
Cincinnati Bengals,CIN,1969,14,4,9,1,367,26.2,,21,0,0,0,32,2.29,
Cleveland Browns,CLE,1969,14,10,3,1,300,21.4,,19,0,0,0,50,3.57,
Dallas Cowboys,DAL,1969,14,11,2,1,223,15.9,,24,0,0,0,77,5.5,
Denver Broncos,DEN,1969,14,5,8,1,344,24.6,,14,0,0,0,32,2.29,
Detroit Lions,DET,1969,14,9,4,1,188,13.4,,21,0,0,2,101,7.21,
Green Bay Packers,GNB,1969,14,8,6,0,221,15.8,,19,0,0,3,91,6.5,
Houston Oilers,HOU,1969,14,6,6,2,279,19.9,,23,0,0,0,61,4.36,
Kansas City Chiefs,KAN,1969,14,11,3,0,177,12.6,,32,0,0,1,120,8.57,
Los Angeles Rams,RAM,1969,14,11,3,0,243,17.4,,26,0,0,0,77,5.5,
Miami Dolphins,MIA,1969,14,3,10,1,332,23.7,,18,0,0,1,46,3.29,
Minnesota Vikings,MIN,1969,14,12,2,0,133,9.5,,30,0,0,0,118,8.43,Purple People Eaters
New Orleans Saints,NOR,1969,14,5,9,0,393,28.1,,12,0,0,0,12,0.86,
New York Giants,NYG,1969,14,6,8,0,298,21.3,,19,0,0,0,48,3.43,
New York Jets,NYJ,1969,14,10,4,0,269,19.2,,29,0,0,0,78,5.57,
Oakland Raiders,OAK,1969,14,12,1,1,242,17.3,,26,0,0,0,73,5.21,
Philadelphia Eagles,PHI,1969,14,4,9,1,377,26.9,,15,0,0,0,25,1.79,
Pittsburgh Steelers,PIT,1969,14,1,13,0,404,28.9,,25,0,0,1,45,3.21,
San Diego Chargers,SDG,1969,14,8,6,0,276,19.7,,31,0,0,0,80,5.71,
San Francisco 49ers,SFO,1969,14,4,8,2,319,22.8,,20,0,0,0,43,3.07,
St. Louis Cardinals,STL,1969,14,4,9,1,389,27.8,,15,0,0,1,30,2.14,
Washington Redskins,WAS,1969,14,7,5,2,319,22.8,,16,0,0,1,39,2.79,
Atlanta Falcons,ATL,1970,14,4,8,2,261,18.6,,19,0,0,2,70,5.0,
Baltimore Colts,BAL,1970,14,11,2,1,234,16.7,,25,0,0,2,95,6.79,
Boston Patriots,BOS,1970,14,2,12,0,361,25.8,,8,0,0,0,7,0.5,
Buffalo Bills,BUF,1970,14,3,10,1,337,24.1,,11,0,0,2,39,2.79,
Chicago Bears,CHI,1970,14,6,8,0,261,18.6,,17,0,0,4,72,5.14,
Cincinnati Bengals,CIN,1970,14,8,6,0,255,18.2,,23,0,0,2,77,5.5,
Cleveland Browns,CLE,1970,14,7,7,0,265,18.9,,19,0,0,1,69,4.93,
Dallas Cowboys,DAL,1970,14,10,4,0,221,15.8,,24,0,0,1,95,6.79,
Denver Broncos,DEN,1970,14,5,8,1,264,18.9,,16,0,0,0,54,3.86,
Detroit Lions,DET,1970,14,10,4,0,202,14.4,,28,0,0,2,111,7.93,
Green Bay Packers,GNB,1970,14,6,8,0,293,20.9,,20,0,0,2,64,4.57,
Houston Oilers,HOU,1970,14,3,10,1,352,25.1,,18,0,0,0,37,2.64,
Kansas City Chiefs,KAN,1970,14,7,5,2,244,17.4,,31,0,0,0,91,6.5,
Los Angeles Rams,RAM,1970,14,9,4,1,202,14.4,,19,0,0,1,86,6.14,
Miami Dolphins,MIA,1970,14,10,4,0,228,16.3,,23,0,0,2,87,6.21,
Minnesota Vikings,MIN,1970,14,12,2,0,143,10.2,,28,0,0,0,118,8.43,
New Orleans Saints,NOR,1970,14,2,11,1,347,24.8,,22,0,0,0,43,3.07,
New York Giants,NYG,1970,14,9,5,0,270,19.3,,17,0,0,1,62,4.43,
New York Jets,NYJ,1970,14,4,10,0,286,20.4,,23,0,0,0,58,4.14,
Oakland Raiders,OAK,1970,14,8,4,2,293,20.9,,19,0,0,1,56,4.0,
Philadelphia Eagles,PHI,1970,14,3,10,1,332,23.7,,10,0,0,0,21,1.5,
Pittsburgh Steelers,PIT,1970,14,5,9,0,272,19.4,,23,0,0,0,66,4.71,
San Diego Chargers,SDG,1970,14,5,6,3,278,19.9,,9,0,0,0,30,2.14,
San Francisco 49ers,SFO,1970,14,10,3,1,267,19.1,,22,0,0,0,62,4.43,
St. Louis Cardinals,STL,1970,14,8,5,1,228,16.3,,21,0,0,1,87,6.21,
Washington Redskins,WAS,1970,14,6,8,0,314,22.4,,15,0,0,0,49,3.5,
Atlanta Falcons,ATL,1971,14,7,6,1,277,19.8,,20,0,0,0,58,4.14,
Baltimore Colts,BAL,1971,14,10,4,0,140,10.0,,28,0,0,0,116,8.29,
Buffalo Bills,BUF,1971,14,1,13,0,394,28.1,,11,0,0,2,23,1.64,
Chicago Bears,CHI,1971,14,6,8,0,276,19.7,,18,0,0,0,51,3.64,
Cincinnati Bengals,CIN,1971,14,4,10,0,265,18.9,,27,0,0,0,76,5.43,
Cleveland Browns,CLE,1971,14,9,5,0,273,19.5,,24,0,0,0,74,5.29,
Dallas Cowboys,DAL,1971,14,11,3,0,222,15.9,,26,0,0,2,96,6.86,Doomsday Defense
Denver Broncos,DEN,1971,14,4,9,1,275,19.6,,20,0,0,0,62,4.43,
Detroit Lions,DET,1971,14,7,6,1,286,20.4,,21,0,0,2,64,4.57,
Green Bay Packers,GNB,1971,14,4,8,2,298,21.3,,16,0,0,1,49,3.5,
Houston Oilers,HOU,1971,14,4,9,1,330,23.6,,23,0,0,0,53,3.79,
Kansas City Chiefs,KAN,1971,14,10,3,1,208,14.9,,27,0,0,0,86,6.14,
Los Angeles Rams,RAM,1971,14,8,5,1,260,18.6,,27,0,0,1,84,6.0,
Miami Dolphins,MIA,1971,14,10,3,1,174,12.4,,17,0,0,1,84,6.0,
Minnesota Vikings,MIN,1971,14,11,3,0,139,9.9,,27,0,0,0,123,8.79,Purple People Eaters
New England Patriots,NWE,1971,14,6,8,0,325,23.2,,15,0,0,0,47,3.36,
New Orleans Saints,NOR,1971,14,4,8,2,347,24.8,,20,0,0,0,34,2.43,
New York Giants,NYG,1971,14,4,10,0,362,25.9,,15,0,0,1,28,2.0,
New York Jets,NYJ,1971,14,6,8,0,299,21.4,,13,0,0,0,40,2.86,
Oakland Raiders,OAK,1971,14,8,4,2,278,19.9,,23,0,0,0,64,4.57,
Philadelphia Eagles,PHI,1971,14,6,7,1,302,21.6,,22,0,0,0,54,3.86,
Pittsburgh Steelers,PIT,1971,14,6,8,0,292,20.9,,17,0,0,1,53,3.79,
San Diego Chargers,SDG,1971,14,6,8,0,341,24.4,,22,0,0,0,44,3.14,
San Francisco 49ers,SFO,1971,14,9,5,0,216,15.4,,14,0,0,0,65,4.64,
St. Louis Cardinals,STL,1971,14,4,9,1,279,19.9,,17,0,0,1,52,3.71,
Washington Redskins,WAS,1971,14,9,4,1,190,13.6,,29,0,0,0,100,7.14,
Atlanta Falcons,ATL,1972,14,7,7,0,274,19.6,,18,0,0,0,53,3.79,
Baltimore Colts,BAL,1972,14,5,9,0,252,18.0,,23,0,0,1,79,5.64,
Buffalo Bills,BUF,1972,14,4,9,1,377,26.9,,23,0,0,0,32,2.29,
Chicago Bears,CHI,1972,14,4,9,1,275,19.6,,21,0,0,1,70,5.0,
Cincinnati Bengals,CIN,1972,14,8,6,0,229,16.4,,20,0,0,2,80,5.71,
Cleveland Browns,CLE,1972,14,10,4,0,249,17.8,,13,0,0,0,54,3.86,
Dallas Cowboys,DAL,1972,14,10,4,0,240,17.1,,16,0,0,0,64,4.57,
Denver Broncos,DEN,1972,14,5,9,0,350,25.0,,10,0,0,2,28,2.0,
Detroit Lions,DET,1972,14,8,5,1,290,20.7,,12,0,0,0,37,2.64,
Green Bay Packers,GNB,1972,14,10,4,0,226,16.1,,17,0,0,2,74,5.29,
Houston Oilers,HOU,1972,14,1,13,0,380,27.1,,6,0,0,0,11,0.79,
Kansas City Chiefs,KAN,1972,14,8,6,0,254,18.1,,24,0,0,0,62,4.43,
Los Angeles Rams,RAM,1972,14,6,7,1,286,20.4,,16,0,0,0,49,3.5,
Miami Dolphins,MIA,1972,14,14,0,0,171,12.2,,26,0,0,0,105,7.5,No-Name Defense
Minnesota Vikings,MIN,1972,14,7,7,0,252,18.0,,26,0,0,0,76,5.43,
New England Patriots,NWE,1972,14,3,11,0,446,31.9,,10,0,0,0,1,0.07,
New Orleans Saints,NOR,1972,14,2,11,1,361,25.8,,14,0,0,0,22,1.57,
New York Giants,NYG,1972,14,8,6,0,247,17.6,,23,0,0,1,76,5.43,
New York Jets,NYJ,1972,14,7,7,0,324,23.1,,19,0,0,1,51,3.64,
Oakland Raiders,OAK,1972,14,10,3,1,248,17.7,,25,0,0,0,73,5.21,
Philadelphia Eagles,PHI,1972,14,2,11,1,352,25.1,,19,0,0,0,41,2.93,
Pittsburgh Steelers,PIT,1972,14,11,3,0,175,12.5,,28,0,0,0,102,7.29,
San Diego Chargers,SDG,1972,14,4,9,1,344,24.6,,24,0,0,0,46,3.29,
San Francisco 49ers,SFO,1972,14,8,5,1,249,17.8,,19,0,0,1,73,5.21,
St. Louis Cardinals,STL,1972,14,4,9,1,303,21.6,,11,0,0,0,39,2.79,
Washington Redskins,WAS,1972,14,11,3,0,218,15.6,,17,0,0,0,70,5.0,
Atlanta Falcons,ATL,1973,14,9,5,0,224,16.0,,22,0,0,0,84,6.0,
Baltimore Colts,BAL,1973,14,4,10,0,341,24.4,,15,0,0,1,44,3.14,
Buffalo Bills,BUF,1973,14,9,5,0,230,16.4,,14,0,0,3,77,5.5,
Chicago Bears,CHI,1973,14,3,11,0,334,23.9,,14,0,0,2,39,2.79,
Cincinnati Bengals,CIN,1973,14,10,4,0,231,16.5,,18,0,0,0,68,4.86,
Cleveland Browns,CLE,1973,14,7,5,2,255,18.2,,12,0,0,0,49,3.5,
Dallas Cowboys,DAL,1973,14,10,4,0,203,14.5,,18,0,0,0,71,5.07,
Denver Broncos,DEN,1973,14,7,5,2,296,21.1,,14,0,0,0,37,2.64,
Detroit Lions,DET,1973,14,6,7,1,247,17.6,,22,0,0,0,74,5.29,
Green Bay Packers,GNB,1973,14,5,7,2,259,18.5,,15,0,0,0,58,4.14,
Houston Oilers,HOU,1973,14,1,13,0,447,31.9,,17,0,0,1,17,1.21,
Kansas City Chiefs,KAN,1973,14,7,5,2,192,13.7,,21,0,0,0,79,5.64,
Los Angeles Rams,RAM,1973,14,12,2,0,178,12.7,,20,0,2,1,103,7.36,
Miami Dolphins,MIA,1973,14,12,2,0,150,10.7,,21,0,0,0,99,7.07,
Minnesota Vikings,MIN,1973,14,12,2,0,168,12.0,,21,0,0,0,90,6.43,
New England Patriots,NWE,1973,14,5,9,0,300,21.4,,13,0,0,1,46,3.29,
New Orleans Saints,NOR,1973,14,5,9,0,312,22.3,,16,0,0,0,47,3.36,
New York Giants,NYG,1973,14,2,11,1,362,25.9,,20,0,0,0,34,2.43,
New York Jets,NYJ,1973,14,4,10,0,306,21.9,,19,0,0,1,55,3.93,
Oakland Raiders,OAK,1973,14,9,4,1,175,12.5,,17,0,0,1,84,6.0,
Philadelphia Eagles,PHI,1973,14,5,8,1,393,28.1,,15,0,0,0,16,1.14,
Pittsburgh Steelers,PIT,1973,14,10,4,0,210,15.0,,37,0,0,0,104,7.43,
San Diego Chargers,SDG,1973,14,2,11,1,386,27.6,,16,0,0,2,32,2.29,
San Francisco 49ers,SFO,1973,14,5,9,0,319,22.8,,17,0,0,0,45,3.21,
St. Louis Cardinals,STL,1973,14,4,9,1,365,26.1,,10,0,0,1,23,1.64,
Washington Redskins,WAS,1973,14,10,4,0,198,14.1,,26,0,0,1,103,7.36,
Atlanta Falcons,ATL,1974,14,3,11,0,271,19.4,,17,0,0,1,57,4.07,
Baltimore Colts,BAL,1974,14,2,12,0,329,23.5,,10,0,0,0,26,1.86,
Buffalo Bills,BUF,1974,14,9,5,0,244,17.4,,20,0,0,0,67,4.79,
Chicago Bears,CHI,1974,14,4,10,0,279,19.9,,18,0,0,0,56,4.0,
Cincinnati Bengals,CIN,1974,14,7,7,0,259,18.5,,9,0,0,2,54,3.86,
Cleveland Browns,CLE,1974,14,4,10,0,344,24.6,,24,0,0,1,55,3.93,
Dallas Cowboys,DAL,1974,14,8,6,0,235,16.8,,13,0,0,1,62,4.43,
Denver Broncos,DEN,1974,14,7,6,1,294,21.0,,22,0,0,0,51,3.64,
Detroit Lions,DET,1974,14,7,7,0,270,19.3,,17,0,0,0,44,3.14,
Green Bay Packers,GNB,1974,14,6,8,0,206,14.7,,23,0,0,2,100,7.14,
Houston Oilers,HOU,1974,14,7,7,0,282,20.1,,21,0,0,0,59,4.21,
Kansas City Chiefs,KAN,1974,14,5,9,0,293,20.9,,28,0,0,0,68,4.86,
Los Angeles Rams,RAM,1974,14,10,4,0,181,12.9,,22,0,0,1,96,6.86,
Miami Dolphins,MIA,1974,14,11,3,0,216,15.4,,16,0,0,0,67,4.79,
Minnesota Vikings,MIN,1974,14,10,4,0,195,13.9,,22,0,0,0,83,5.93,
New England Patriots,NWE,1974,14,7,7,0,289,20.6,,24,0,0,0,62,4.43,
New Orleans Saints,NOR,1974,14,5,9,0,263,18.8,,16,0,0,0,56,4.0,
New York Giants,NYG,1974,14,2,12,0,299,21.4,,15,0,0,0,40,2.86,
New York Jets,NYJ,1974,14,7,7,0,300,21.4,,17,0,0,0,36,2.57,
Oakland Raiders,OAK,1974,14,12,2,0,228,16.3,,27,0,0,0,89,6.36,
Philadelphia Eagles,PHI,1974,14,7,7,0,217,15.5,,18,0,0,0,66,4.71,
Pittsburgh Steelers,PIT,1974,14,10,3,1,189,13.5,,25,0,0,1,97,6.93,Steel Curtain
San Diego Chargers,SDG,1974,14,5,9,0,285,20.4,,15,0,0,0,45,3.21,
San Francisco 49ers,SFO,1974,14,6,8,0,236,16.9,,20,0,0,1,79,5.64,
St. Louis Cardinals,STL,1974,14,10,4,0,218,15.6,,16,0,0,1,67,4.79,
Washington Redskins,WAS,1974,14,10,4,0,196,14.0,,25,0,0,2,104,7.43,
Atlanta Falcons,ATL,1975,14,4,10,0,289,20.6,,25,0,0,0,58,4.14,
Baltimore Colts,BAL,1975,14,10,4,0,269,19.2,,29,0,0,0,73,5.21,
Buffalo Bills,BUF,1975,14,8,6,0,355,25.4,,25,0,0,0,39,2.79,
Chicago Bears,CHI,1975,14,4,10,0,379,27.1,,13,0,0,0,19,1.36,
Cincinnati Bengals,CIN,1975,14,11,3,0,246,17.6,,22,0,0,0,69,4.93,
Cleveland Browns,CLE,1975,14,3,11,0,372,26.6,,10,0,0,0,6,0.43,
Dallas Cowboys,DAL,1975,14,10,4,0,268,19.1,,25,0,0,2,83,5.93,
Denver Broncos,DEN,1975,14,6,8,0,307,21.9,,16,0,0,0,37,2.64,
Detroit Lions,DET,1975,14,7,7,0,262,18.7,,20,0,0,0,56,4.0,
Green Bay Packers,GNB,1975,14,4,10,0,285,20.4,,14,0,0,1,47,3.36,
Houston Oilers,HOU,1975,14,10,4,0,226,16.1,,24,0,0,4,107,7.64,
Kansas City Chiefs,KAN,1975,14,5,9,0,341,24.4,,20,0,0,0,40,2.86,
Los Angeles Rams,RAM,1975,14,12,2,0,135,9.6,,22,0,0,0,102,7.29,
Miami Dolphins,MIA,1975,14,10,4,0,222,15.9,,21,0,0,1,82,5.86,
Minnesota Vikings,MIN,1975,14,12,2,0,180,12.9,,28,0,0,0,103,7.36,
New England Patriots,NWE,1975,14,3,11,0,358,25.6,,13,0,0,1,31,2.21,
New Orleans Saints,NOR,1975,14,2,12,0,360,25.7,,16,0,0,0,21,1.5,
New York Giants,NYG,1975,14,5,9,0,306,21.9,,16,0,0,1,43,3.07,
New York Jets,NYJ,1975,14,3,11,0,433,30.9,,15,0,0,0,12,0.86,
Oakland Raiders,OAK,1975,14,11,3,0,255,18.2,,35,0,0,1,104,7.43,
Philadelphia Eagles,PHI,1975,14,4,10,0,302,21.6,,26,0,0,0,64,4.57,
Pittsburgh Steelers,PIT,1975,14,12,2,0,162,11.6,,27,0,0,1,113,8.07,Steel Curtain
San Diego Chargers,SDG,1975,14,2,12,0,345,24.6,,20,0,0,1,52,3.71,
San Francisco 49ers,SFO,1975,14,5,9,0,286,20.4,,11,0,0,0,42,3.0,
St. Louis Cardinals,STL,1975,14,11,3,0,276,19.7,,16,0,0,2,61,4.36,
Washington Redskins,WAS,1975,14,8,6,0,276,19.7,,18,0,0,1,65,4.64,
Atlanta Falcons,ATL,1976,14,4,10,0,312,22.3,,18,0,0,0,49,3.5,
Baltimore Colts,BAL,1976,14,11,3,0,246,17.6,,15,0,0,0,53,3.79,
Buffalo Bills,BUF,1976,14,2,12,0,363,25.9,,19,0,0,1,46,3.29,
Chicago Bears,CHI,1976,14,7,7,0,216,15.4,,24,0,0,0,83,5.93,
Cincinnati Bengals,CIN,1976,14,10,4,0,210,15.0,,26,0,0,1,97,6.93,
Cleveland Browns,CLE,1976,14,9,5,0,287,20.5,,21,0,0,0,56,4.0,
Dallas Cowboys,DAL,1976,14,11,3,0,194,13.9,,16,0,0,0,69,4.93,
Denver Broncos,DEN,1976,14,9,5,0,206,14.7,,24,0,0,4,113,8.07,
Detroit Lions,DET,1976,14,6,8,0,220,15.7,,24,0,0,0,79,5.64,
Green Bay Packers,GNB,1976,14,5,9,0,299,21.4,,11,0,0,0,31,2.21,
Houston Oilers,HOU,1976,14,5,9,0,273,19.5,,11,0,0,1,51,3.64,
Kansas City Chiefs,KAN,1976,14,5,9,0,376,26.9,,23,0,0,0,37,2.64,
Los Angeles Rams,RAM,1976,14,10,3,1,190,13.6,,32,0,0,1,113,8.07,
Miami Dolphins,MIA,1976,14,6,8,0,264,18.9,,11,0,0,1,50,3.57,
Minnesota Vikings,MIN,1976,14,11,2,1,176,12.6,,19,0,0,0,80,5.71,
New England Patriots,NWE,1976,14,11,3,0,236,16.9,,23,0,0,2,81,5.79,
New Orleans Saints,NOR,1976,14,4,10,0,346,24.7,,12,0,0,0,29,2.07,
New York Giants,NYG,1976,14,3,11,0,250,17.9,,12,0,0,0,45,3.21,
New York Jets,NYJ,1976,14,3,11,0,383,27.4,,11,0,0,1,18,1.29,
Oakland Raiders,OAK,1976,14,13,1,0,237,16.9,,16,0,0,0,64,4.57,
Philadelphia Eagles,PHI,1976,14,4,10,0,286,20.4,,9,0,0,0,39,2.79,
Pittsburgh Steelers,PIT,1976,14,10,4,0,138,9.9,,22,0,0,0,117,8.36,Steel Curtain
San Diego Chargers,SDG,1976,14,6,8,0,285,20.4,,19,0,0,0,54,3.86,
San Francisco 49ers,SFO,1976,14,8,6,0,190,13.6,,9,0,0,2,75,5.36,
Seattle Seahawks,SEA,1976,14,2,12,0,429,30.6,,15,0,0,0,17,1.21,
St. Louis Cardinals,STL,1976,14,10,4,0,267,19.1,,19,0,0,0,52,3.71,
Tampa Bay Buccaneers,TAM,1976,14,0,14,0,412,29.4,,9,0,0,0,5,0.36,
Washington Redskins,WAS,1976,14,10,4,0,217,15.5,,26,0,0,1,91,6.5,
Atlanta Falcons,ATL,1977,14,7,7,0,129,9.2,,26,0,0,0,118,8.43,Grits Blitz
Baltimore Colts,BAL,1977,14,10,4,0,221,15.8,,30,0,0,0,93,6.64,
Buffalo Bills,BUF,1977,14,3,11,0,313,22.4,,21,0,0,2,72,5.14,
Chicago Bears,CHI,1977,14,9,5,0,253,18.1,,18,0,0,2,76,5.43,
Cincinnati Bengals,CIN,1977,14,8,6,0,235,16.8,,16,0,0,0,59,4.21,
Cleveland Browns,CLE,1977,14,6,8,0,267,19.1,,23,0,0,0,63,4.5,
Dallas Cowboys,DAL,1977,14,12,2,0,212,15.1,,21,0,0,0,76,5.43,Doomsday II
Denver Broncos,DEN,1977,14,12,2,0,148,10.6,,25,0,0,1,108,7.71,
Detroit Lions,DET,1977,14,6,8,0,252,18.0,,19,0,0,2,78,5.57,
Green Bay Packers,GNB,1977,14,4,10,0,219,15.6,,13,0,0,2,70,5.0,
Houston Oilers,HOU,1977,14,8,6,0,230,16.4,,26,0,0,3,108,7.71,
Kansas City Chiefs,KAN,1977,14,2,12,0,349,24.9,,21,0,0,0,38,2.71,
Los Angeles Rams,RAM,1977,14,10,4,0,146,10.4,,25,0,0,0,110,7.86,
Miami Dolphins,MIA,1977,14,10,4,0,197,14.1,,15,0,0,1,74,5.29,
Minnesota Vikings,MIN,1977,14,9,5,0,227,16.2,,16,0,0,0,60,4.29,
New England Patriots,NWE,1977,14,9,5,0,217,15.5,,19,0,0,3,96,6.86,
New Orleans Saints,NOR,1977,14,3,11,0,336,24.0,,10,0,0,1,25,1.79,
New York Giants,NYG,1977,14,5,9,0,265,18.9,,12,0,0,1,52,3.71,
New York Jets,NYJ,1977,14,3,11,0,300,21.4,,11,0,0,0,30,2.14,
Oakland Raiders,OAK,1977,14,11,3,0,230,16.4,,26,0,0,0,86,6.14,
Philadelphia Eagles,PHI,1977,14,5,9,0,207,14.8,,21,0,0,1,79,5.64,
Pittsburgh Steelers,PIT,1977,14,9,5,0,243,17.4,,31,0,0,0,88,6.29,
San Diego Chargers,SDG,1977,14,7,7,0,205,14.6,,21,0,0,1,84,6.0,
San Francisco 49ers,SFO,1977,14,5,9,0,260,18.6,,8,0,0,1,43,3.07,
Seattle Seahawks,SEA,1977,14,5,9,0,373,26.6,,25,0,0,0,48,3.43,
St. Louis Cardinals,STL,1977,14,7,7,0,287,20.5,,19,0,0,0,58,4.14,
Tampa Bay Buccaneers,TAM,1977,14,2,12,0,223,15.9,,23,0,0,0,76,5.43,
Washington Redskins,WAS,1977,14,9,5,0,189,13.5,,21,0,0,0,84,6.0,
Atlanta Falcons,ATL,1978,16,9,7,0,290,18.1,,12,0,0,1,54,3.38,
Baltimore Colts,BAL,1978,16,5,11,0,421,26.3,,17,0,0,1,30,1.88,
Buffalo Bills,BUF,1978,16,5,11,0,354,22.1,,14,0,0,2,49,3.06,
Chicago Bears,CHI,1978,16,7,9,0,274,17.1,,17,0,0,1,79,4.94,
Cincinnati Bengals,CIN,1978,16,4,12,0,284,17.8,,20,0,0,0,68,4.25,
Cleveland Browns,CLE,1978,16,8,8,0,356,22.2,,27,0,0,0,61,3.81,
Dallas Cowboys,DAL,1978,16,12,4,0,208,13.0,,23,0,0,0,96,6.0,
Denver Broncos,DEN,1978,16,10,6,0,198,12.4,,31,0,0,1,119,7.44,
Detroit Lions,DET,1978,16,7,9,0,300,18.8,,22,0,0,0,54,3.38,
Green Bay Packers,GNB,1978,16,8,7,1,269,16.8,,27,0,0,1,85,5.31,
Houston Oilers,HOU,1978,16,10,6,0,298,18.6,,17,0,0,0,60,3.75,
Kansas City Chiefs,KAN,1978,16,4,12,0,327,20.4,,21,0,0,0,65,4.06,
Los Angeles Rams,RAM,1978,16,12,4,0,245,15.3,,28,0,0,0,91,5.69,
Miami Dolphins,MIA,1978,16,11,5,0,254,15.9,,32,0,0,0,112,7.0,
Minnesota Vikings,MIN,1978,16,8,7,1,306,19.1,,22,0,0,0,68,4.25,
New England Patriots,NWE,1978,16,11,5,0,286,17.9,,22,0,0,0,67,4.19,
New Orleans Saints,NOR,1978,16,7,9,0,298,18.6,,21,0,0,0,66,4.12,
New York Giants,NYG,1978,16,6,10,0,298,18.6,,21,0,0,0,71,4.44,
New York Jets,NYJ,1978,16,8,8,0,364,22.8,,23,0,0,1,59,3.69,
Oakland Raiders,OAK,1978,16,9,7,0,283,17.7,,28,0,0,0,81,5.06,
Philadelphia Eagles,PHI,1978,16,9,7,0,250,15.6,,28,0,0,1,95,5.94,
Pittsburgh Steelers,PIT,1978,16,14,2,0,195,12.2,,27,0,0,1,110,6.88,
San Diego Chargers,SDG,1978,16,9,7,0,309,19.3,,22,0,0,0,68,4.25,
San Francisco 49ers,SFO,1978,16,2,14,0,350,21.9,,18,0,0,1,52,3.25,
Seattle Seahawks,SEA,1978,16,9,7,0,358,22.4,,22,0,0,0,47,2.94,
St. Louis Cardinals,STL,1978,16,6,10,0,296,18.5,,26,0,0,1,74,4.62,
Tampa Bay Buccaneers,TAM,1978,16,5,11,0,259,16.2,,29,0,0,0,91,5.69,
Washington Redskins,WAS,1978,16,8,8,0,283,17.7,,22,0,0,2,81,5.06,
Atlanta Falcons,ATL,1979,16,6,10,0,388,24.2,,15,0,0,0,32,2.0,
Baltimore Colts,BAL,1979,16,5,11,0,351,21.9,,23,0,0,1,65,4.06,
Buffalo Bills,BUF,1979,16,7,9,0,279,17.4,,24,0,0,0,78,4.88,
Chicago Bears,CHI,1979,16,10,6,0,249,15.6,,29,0,0,2,117,7.31,
Cincinnati Bengals,CIN,1979,16,4,12,0,421,26.3,,20,0,0,0,37,2.31,
Cleveland Browns,CLE,1979,16,9,7,0,352,22.0,,16,0,0,0,45,2.81,
Dallas Cowboys,DAL,1979,16,11,5,0,313,19.6,,13,0,0,0,50,3.12,
Denver Broncos,DEN,1979,16,10,6,0,262,16.4,,19,0,0,0,81,5.06,
Detroit Lions,DET,1979,16,2,14,0,365,22.8,,14,0,0,0,36,2.25,
Green Bay Packers,GNB,1979,16,5,11,0,316,19.8,,18,0,0,1,58,3.62,
Houston Oilers,HOU,1979,16,11,5,0,331,20.7,,32,0,0,0,81,5.06,
Kansas City Chiefs,KAN,1979,16,7,9,0,262,16.4,,23,0,0,2,95,5.94,
Los Angeles Rams,RAM,1979,16,9,7,0,309,19.3,,25,0,0,0,76,4.75,
Miami Dolphins,MIA,1979,16,10,6,0,257,16.1,,23,0,0,1,92,5.75,
Minnesota Vikings,MIN,1979,16,7,9,0,337,21.1,,22,0,0,0,57,3.56,
New England Patriots,NWE,1979,16,9,7,0,326,20.4,,20,0,0,1,63,3.94,
New Orleans Saints,NOR,1979,16,8,8,0,360,22.5,,26,0,0,0,54,3.38,
New York Giants,NYG,1979,16,6,10,0,323,20.2,,21,0,0,0,58,3.62,
New York Jets,NYJ,1979,16,8,8,0,383,23.9,,21,0,0,0,48,3.0,
Oakland Raiders,OAK,1979,16,9,7,0,337,21.1,,24,0,0,1,67,4.19,
Philadelphia Eagles,PHI,1979,16,11,5,0,282,17.6,,22,0,0,1,70,4.38,
Pittsburgh Steelers,PIT,1979,16,12,4,0,262,16.4,,27,0,0,0,91,5.69,
San Diego Chargers,SDG,1979,16,12,4,0,246,15.4,,28,0,0,0,93,5.81,
San Francisco 49ers,SFO,1979,16,2,14,0,416,26.0,,15,0,0,1,30,1.88,
Seattle Seahawks,SEA,1979,16,9,7,0,372,23.2,,17,0,0,0,35,2.19,
St. Louis Cardinals,STL,1979,16,5,11,0,358,22.4,,18,0,0,1,45,2.81,
Tampa Bay Buccaneers,TAM,1979,16,10,6,0,237,14.8,,14,0,0,0,72,4.5,
Washington Redskins,WAS,1979,16,10,6,0,295,18.4,,26,0,0,0,71,4.44,
Atlanta Falcons,ATL,1980,16,12,4,0,272,17.0,,26,0,0,0,78,4.88,
Baltimore Colts,BAL,1980,16,7,9,0,387,24.2,,17,0,0,0,32,2.0,
Buffalo Bills,BUF,1980,16,11,5,0,260,16.2,,24,0,0,0,86,5.38,
Chicago Bears,CHI,1980,16,7,9,0,264,16.5,,17,0,0,1,78,4.88,
Cincinnati Bengals,CIN,1980,16,6,10,0,312,19.5,,20,0,0,0,62,3.88,
Cleveland Browns,CLE,1980,16,11,5,0,310,19.4,,22,0,0,0,62,3.88,
Dallas Cowboys,DAL,1980,16,12,4,0,311,19.4,,27,0,0,0,74,4.62,
Denver Broncos,DEN,1980,16,8,8,0,323,20.2,,16,0,0,0,48,3.0,
Detroit Lions,DET,1980,16,9,7,0,272,17.0,,23,0,0,1,85,5.31,
Green Bay Packers,GNB,1980,16,5,10,1,371,23.2,,13,0,0,0,41,2.56,
Houston Oilers,HOU,1980,16,11,5,0,251,15.7,,25,0,0,0,91,5.69,
Kansas City Chiefs,KAN,1980,16,8,8,0,336,21.0,,27,0,0,2,76,4.75,
Los Angeles Rams,RAM,1980,16,11,5,0,289,18.1,,17,0,0,1,63,3.94,
Miami Dolphins,MIA,1980,16,8,8,0,305,19.1,,28,0,0,0,71,4.44,
Minnesota Vikings,MIN,1980,16,9,7,0,308,19.2,,24,0,0,1,73,4.56,
New England Patriots,NWE,1980,16,10,6,0,325,20.3,,24,0,0,2,75,4.69,
New Orleans Saints,NOR,1980,16,1,15,0,487,30.4,,12,0,0,0,-1,-0.06,
New York Giants,NYG,1980,16,4,12,0,425,26.6,,18,0,0,0,22,1.38,
New York Jets,NYJ,1980,16,4,12,0,395,24.7,,23,0,0,0,39,2.44,
Oakland Raiders,OAK,1980,16,11,5,0,306,19.1,,35,0,0,2,100,6.25,
Philadelphia Eagles,PHI,1980,16,12,4,0,222,13.9,,25,0,0,0,94,5.88,
Pittsburgh Steelers,PIT,1980,16,9,7,0,313,19.6,,26,0,0,0,74,4.62,
San Diego Chargers,SDG,1980,16,11,5,0,327,20.4,,20,0,0,0,52,3.25,
San Francisco 49ers,SFO,1980,16,6,10,0,415,25.9,,17,0,0,3,50,3.12,
Seattle Seahawks,SEA,1980,16,4,12,0,408,25.5,,23,0,0,1,54,3.38,
St. Louis Cardinals,STL,1980,16,5,11,0,350,21.9,,20,0,0,1,54,3.38,
Tampa Bay Buccaneers,TAM,1980,16,5,10,1,341,21.3,,15,0,0,0,40,2.5,
Washington Redskins,WAS,1980,16,6,10,0,293,18.3,,33,0,0,0,86,5.38,
Atlanta Falcons,ATL,1981,16,7,9,0,355,22.2,,25,0,0,0,61,3.81,
Baltimore Colts,BAL,1981,16,2,14,0,533,33.3,,16,0,0,0,-7,-0.44,
Buffalo Bills,BUF,1981,16,10,6,0,276,17.2,,19,0,0,0,71,4.44,
Chicago Bears,CHI,1981,16,6,10,0,324,20.2,,18,0,0,1,60,3.75,
Cincinnati Bengals,CIN,1981,16,12,4,0,304,19.0,,19,0,0,0,53,3.31,
Cleveland Browns,CLE,1981,16,5,11,0,375,23.4,,15,0,0,0,33,2.06,
Dallas Cowboys,DAL,1981,16,12,4,0,277,17.3,,37,0,0,0,103,6.44,
Denver Broncos,DEN,1981,16,10,6,0,289,18.1,,23,0,0,0,76,4.75,
Detroit Lions,DET,1981,16,8,8,0,322,20.1,,24,0,0,1,76,4.75,
Green Bay Packers,GNB,1981,16,8,8,0,361,22.6,,29,0,0,1,67,4.19,
Houston Oilers,HOU,1981,16,7,9,0,355,22.2,,15,0,0,2,54,3.38,
Kansas City Chiefs,KAN,1981,16,9,7,0,290,18.1,,26,0,0,0,81,5.06,
Los Angeles Rams,RAM,1981,16,6,10,0,351,21.9,,17,0,0,3,60,3.75,
Miami Dolphins,MIA,1981,16,11,4,1,275,17.2,,18,0,0,2,80,5.0,
Minnesota Vikings,MIN,1981,16,7,9,0,369,23.1,,16,0,0,1,44,2.75,
New England Patriots,NWE,1981,16,2,14,0,370,23.1,,16,0,0,0,37,2.31,
New Orleans Saints,NOR,1981,16,4,12,0,378,23.6,,17,0,0,0,36,2.25,
New York Giants,NYG,1981,16,9,7,0,257,16.1,,17,0,0,0,70,4.38,
New York Jets,NYJ,1981,16,10,5,1,287,17.9,,21,0,0,0,72,4.5,
Oakland Raiders,OAK,1981,16,7,9,0,343,21.4,,13,0,0,1,44,2.75,
Philadelphia Eagles,PHI,1981,16,10,6,0,221,13.8,,26,0,0,0,98,6.12,
Pittsburgh Steelers,PIT,1981,16,8,8,0,297,18.6,,30,0,0,0,89,5.56,
San Diego Chargers,SDG,1981,16,10,6,0,390,24.4,,23,0,0,0,44,2.75,
San Francisco 49ers,SFO,1981,16,13,3,0,250,15.6,,27,0,0,1,92,5.75,
Seattle Seahawks,SEA,1981,16,6,10,0,388,24.2,,21,0,0,0,44,2.75,
St. Louis Cardinals,STL,1981,16,7,9,0,408,25.5,,21,0,0,1,52,3.25,
Tampa Bay Buccaneers,TAM,1981,16,9,7,0,268,16.8,,32,0,0,0,95,5.94,
Washington Redskins,WAS,1981,16,8,8,0,349,21.8,,24,0,0,2,68,4.25,
Atlanta Falcons,ATL,1982,9,5,4,0,199,22.1,18,10,0,0,0,42,4.67,
Baltimore Colts,BAL,1982,9,0,8,1,236,26.2,11,5,0,0,0,19,2.11,
Buffalo Bills,BUF,1982,9,4,5,0,154,17.1,12,13,0,0,0,64,7.11,
Chicago Bears,CHI,1982,9,3,6,0,174,19.3,30,13,0,0,0,67,7.44,
Cincinnati Bengals,CIN,1982,9,7,2,0,177,19.7,22,14,0,0,0,64,7.11,
Cleveland Browns,CLE,1982,9,4,5,0,182,20.2,22,17,0,0,0,63,7.0,
Dallas Cowboys,DAL,1982,9,6,3,0,145,16.1,32,15,0,0,0,78,8.67,
Denver Broncos,DEN,1982,9,2,7,0,226,25.1,16,12,0,0,2,51,5.67,
Detroit Lions,DET,1982,9,4,5,0,176,19.6,32,18,0,0,1,86,9.56,
Green Bay Packers,GNB,1982,9,5,3,1,169,18.8,20,12,0,0,0,54,6.0,
Houston Oilers,HOU,1982,9,1,8,0,245,27.2,29,3,0,0,0,24,2.67,
Kansas City Chiefs,KAN,1982,9,3,6,0,184,20.4,15,12,0,0,0,46,5.11,
Los Angeles Raiders,RAI,1982,9,8,1,0,200,22.2,38,18,0,0,0,78,8.67,
Los Angeles Rams,RAM,1982,9,2,7,0,250,27.8,18,11,0,0,1,38,4.22,
Miami Dolphins,MIA,1982,9,7,2,0,131,14.6,29,19,0,0,1,94,10.44,
Minnesota Vikings,MIN,1982,9,5,4,0,198,22.0,30,12,0,0,0,61,6.78,
New England Patriots,NWE,1982,9,5,4,0,157,17.4,20,12,0,0,1,74,8.22,
New Orleans Saints,NOR,1982,9,4,5,0,160,17.8,31,9,0,0,0,68,7.56,
New York Giants,NYG,1982,9,4,5,0,160,17.8,31,12,0,0,0,69,7.67,
New York Jets,NYJ,1982,9,6,3,0,166,18.4,20,17,0,0,0,71,7.89,
Philadelphia Eagles,PHI,1982,9,3,6,0,195,21.7,30,15,0,0,0,63,7.0,
Pittsburgh Steelers,PIT,1982,9,6,3,0,146,16.2,34,17,0,0,0,83,9.22,
San Diego Chargers,SDG,1982,9,6,3,0,221,24.6,19,13,0,0,0,48,5.33,
San Francisco 49ers,SFO,1982,9,3,6,0,206,22.9,15,9,0,0,1,41,4.56,
Seattle Seahawks,SEA,1982,9,4,5,0,147,16.3,17,13,0,0,0,62,6.89,
St. Louis Cardinals,STL,1982,9,5,4,0,170,18.9,23,6,0,0,0,47,5.22,
Tampa Bay Buccaneers,TAM,1982,9,5,4,0,178,19.8,24,11,0,0,0,52,5.81,
Washington Redskins,WAS,1982,9,8,1,0,128,14.2,32,11,0,0,0,81,9.0,
Atlanta Falcons,ATL,1983,16,7,9,0,389,24.3,31,15,0,0,1,62,3.88,
Baltimore Colts,BAL,1983,16,7,9,0,354,22.1,41,20,0,0,0,85,5.31,
Buffalo Bills,BUF,1983,16,8,8,0,351,21.9,32,13,0,0,0,71,4.44,
Chicago Bears,CHI,1983,16,8,8,0,301,18.8,51,21,0,0,1,127,7.94,
Cincinnati Bengals,CIN,1983,16,7,9,0,302,18.9,38,23,0,0,0,102,6.38,
Cleveland Browns,CLE,1983,16,9,7,0,342,21.4,32,22,0,0,0,96,6.0,
Dallas Cowboys,DAL,1983,16,12,4,0,360,22.5,57,27,0,0,1,124,7.75,
Denver Broncos,DEN,1983,16,9,7,0,327,20.4,36,27,0,0,1,119,7.44,
Detroit Lions,DET,1983,16,9,7,0,286,17.9,43,22,0,0,1,122,7.62,
Green Bay Packers,GNB,1983,16,8,8,0,439,27.4,41,19,0,0,1,73,4.56,
Houston Oilers,HOU,1983,16,2,14,0,460,28.8,30,14,0,0,2,59,3.69,
Kansas City Chiefs,KAN,1983,16,6,10,0,367,22.9,31,30,0,0,0,93,5.81,
Los Angeles Raiders,RAI,1983,16,12,4,0,338,21.1,57,20,0,0,1,117,7.31,
Los Angeles Rams,RAM,1983,16,9,7,0,344,21.5,33,24,0,0,1,103,6.44,
Miami Dolphins,MIA,1983,16,12,4,0,250,15.6,49,26,0,0,1,142,8.88,
Minnesota Vikings,MIN,1983,16,8,8,0,348,21.8,47,25,0,0,0,98,6.12,
New England Patriots,NWE,1983,16,8,8,0,289,18.1,39,17,0,0,0,112,7.0,
New Orleans Saints,NOR,1983,16,8,8,0,337,21.1,56,23,0,0,0,114,7.12,
New York Giants,NYG,1983,16,3,12,1,347,21.7,44,23,0,0,0,105,6.56,
New York Jets,NYJ,1983,16,7,9,0,331,20.7,48,22,0,0,1,121,7.56,
Philadelphia Eagles,PHI,1983,16,5,11,0,322,20.1,36,8,0,0,0,66,4.12,
Pittsburgh Steelers,PIT,1983,16,10,6,0,303,18.9,50,28,0,0,0,126,7.88,
San Diego Chargers,SDG,1983,16,6,10,0,462,28.9,30,16,0,0,0,44,2.75,
San Francisco 49ers,SFO,1983,16,10,6,0,293,18.3,57,24,0,0,1,140,8.75,
Seattle Seahawks,SEA,1983,16,9,7,0,397,24.8,43,26,0,0,2,109,6.81,
St. Louis Cardinals,STL,1983,16,8,7,1,428,26.8,58,28,0,0,0,107,6.69,
Tampa Bay Buccaneers,TAM,1983,16,2,14,0,380,23.8,42,23,0,0,0,95,5.94,
Washington Redskins,WAS,1983,16,14,2,0,332,20.8,51,34,0,0,0,131,8.19,
Atlanta Falcons,ATL,1984,16,4,12,0,382,23.9,37,12,0,0,0,58,3.62,
Buffalo Bills,BUF,1984,16,2,14,0,454,28.4,26,16,0,0,1,49,3.06,
Chicago Bears,CHI,1984,16,10,6,0,248,15.5,72,21,0,0,0,153,9.56,
Cincinnati Bengals,CIN,1984,16,8,8,0,339,21.2,40,25,0,0,0,102,6.38,
Cleveland Browns,CLE,1984,16,5,11,0,297,18.6,43,20,0,0,0,107,6.69,
Dallas Cowboys,DAL,1984,16,9,7,0,308,19.2,56,28,0,0,0,135,8.44,
Denver Broncos,DEN,1984,16,13,3,0,241,15.1,57,31,0,0,0,156,9.75,
Detroit Lions,DET,1984,16,4,11,1,408,25.5,37,14,0,0,0,57,3.56,
Green Bay Packers,GNB,1984,16,8,8,0,309,19.3,44,27,0,0,1,124,7.75,
Houston Oilers,HOU,1984,16,3,13,0,437,27.3,32,10,0,0,0,43,2.69,
Indianapolis Colts,IND,1984,16,4,12,0,414,25.9,42,18,0,0,1,74,4.62,
Kansas City Chiefs,KAN,1984,16,8,8,0,324,20.2,49,30,0,0,0,126,7.88,
Los Angeles Raiders,RAI,1984,16,11,5,0,278,17.4,64,20,0,0,1,134,8.38,
Los Angeles Rams,RAM,1984,16,10,6,0,316,19.8,43,17,0,0,3,116,7.25,
Miami Dolphins,MIA,1984,16,14,2,0,298,18.6,42,24,0,0,0,109,6.81,
Minnesota Vikings,MIN,1984,16,3,13,0,484,30.2,25,11,0,0,0,25,1.56,
New England Patriots,NWE,1984,16,9,7,0,352,22.0,55,17,0,0,0,97,6.06,
New Orleans Saints,NOR,1984,16,7,9,0,361,22.6,55,13,0,0,0,90,5.62,
New York Giants,NYG,1984,16,9,7,0,301,18.8,48,19,0,0,0,112,7.0,
New York Jets,NYJ,1984,16,7,9,0,364,22.8,44,15,0,0,1,84,5.25,
Philadelphia Eagles,PHI,1984,16,6,9,1,320,20.0,59,20,0,0,1,120,7.5,
Pittsburgh Steelers,PIT,1984,16,9,7,0,310,19.4,46,31,0,0,1,128,8.0,
San Diego Chargers,SDG,1984,16,7,9,0,413,25.8,32,19,0,0,1,74,4.62,
San Francisco 49ers,SFO,1984,16,15,1,0,227,14.2,51,25,0,0,1,152,9.5,
Seattle Seahawks,SEA,1984,16,12,4,0,282,17.6,55,38,0,0,1,177,11.06,
St. Louis Cardinals,STL,1984,16,9,7,0,345,21.6,55,21,0,0,0,103,6.44,
Tampa Bay Buccaneers,TAM,1984,16,6,10,0,380,23.8,32,18,0,0,0,76,4.75,
Washington Redskins,WAS,1984,16,11,5,0,310,19.4,66,21,0,0,0,120,7.5,
Atlanta Falcons,ATL,1985,16,4,12,0,452,28.2,34,22,0,0,1,67,4.22,
Buffalo Bills,BUF,1985,16,2,14,0,381,23.8,24,20,0,0,0,68,4.25,
Chicago Bears,CHI,1985,16,15,1,0,198,12.4,64,34,0,0,2,203,12.69,46 Defense
Cincinnati Bengals,CIN,1985,16,7,9,0,437,27.3,40,19,0,0,0,71,4.44,
Cleveland Browns,CLE,1985,16,8,8,0,294,18.4,44,18,0,0,1,113,7.06,
Dallas Cowboys,DAL,1985,16,10,6,0,333,20.8,59,33,0,0,0,139,8.69,
Denver Broncos,DEN,1985,16,11,5,0,329,20.6,47,24,0,0,0,111,6.94,
Detroit Lions,DET,1985,16,7,9,0,366,22.9,44,18,0,0,1,86,5.38,
Green Bay Packers,GNB,1985,16,8,8,0,355,22.2,48,15,0,0,0,88,5.5,
Houston Oilers,HOU,1985,16,5,11,0,412,25.8,41,15,0,0,0,64,4.0,
Indianapolis Colts,IND,1985,16,5,11,0,386,24.1,36,16,0,0,1,75,4.69,
Kansas City Chiefs,KAN,1985,16,6,10,0,360,22.5,35,27,0,0,0,96,6.0,
Los Angeles Raiders,RAI,1985,16,12,4,0,308,19.2,65,17,0,0,0,130,8.12,
Los Angeles Rams,RAM,1985,16,11,5,0,277,17.3,56,29,0,0,4,172,10.75,
Miami Dolphins,MIA,1985,16,12,4,0,320,20.0,37,23,0,0,0,107,6.69,
Minnesota Vikings,MIN,1985,16,7,9,0,359,22.4,33,22,0,0,0,84,5.25,
New England Patriots,NWE,1985,16,11,5,0,290,18.1,51,23,0,0,2,135,8.44,
New Orleans Saints,NOR,1985,16,5,11,0,401,25.1,46,21,0,0,0,88,5.5,
New York Giants,NYG,1985,16,10,6,0,283,17.7,68,24,0,0,0,146,9.12,
New York Jets,NYJ,1985,16,11,5,0,264,16.5,49,22,0,0,0,126,7.88,
Philadelphia Eagles,PHI,1985,16,7,9,0,310,19.4,53,18,0,0,0,102,6.38,
Pittsburgh Steelers,PIT,1985,16,7,9,0,355,22.2,34,20,0,0,2,104,6.5,
San Diego Chargers,SDG,1985,16,8,8,0,435,27.2,40,26,0,0,1,89,5.56,
San Francisco 49ers,SFO,1985,16,10,6,0,263,16.4,60,18,0,0,1,134,8.38,
Seattle Seahawks,SEA,1985,16,8,8,0,303,18.9,61,24,0,0,0,136,8.5,
St. Louis Cardinals,STL,1985,16,5,11,0,414,25.9,32,13,0,0,0,54,3.38,
Tampa Bay Buccaneers,TAM,1985,16,2,14,0,448,28.0,35,18,0,0,0,67,4.19,
Washington Redskins,WAS,1985,16,10,6,0,312,19.5,52,23,0,0,0,120,7.5,
Atlanta Falcons,ATL,1986,16,7,8,1,280,17.5,25,22,0,0,0,93,5.81,
Buffalo Bills,BUF,1986,16,4,12,0,348,21.8,36,10,0,0,1,71,4.44,
Chicago Bears,CHI,1986,16,14,2,0,187,11.7,62,31,0,0,2,194,12.12,
Cincinnati Bengals,CIN,1986,16,10,6,0,394,24.6,42,17,0,0,0,79,4.94,
Cleveland Browns,CLE,1986,16,12,4,0,310,19.4,35,18,0,0,2,102,6.38,
Dallas Cowboys,DAL,1986,16,7,9,0,337,21.1,53,17,0,0,0,100,6.25,
Denver Broncos,DEN,1986,16,11,5,0,327,20.4,48,18,0,0,2,107,6.69,
Detroit Lions,DET,1986,16,5,11,0,326,20.4,40,22,0,0,1,106,6.62,
Green Bay Packers,GNB,1986,16,4,12,0,418,26.1,28,20,0,0,1,72,4.5,
Houston Oilers,HOU,1986,16,5,11,0,329,20.6,32,16,0,0,0,81,5.06,
Indianapolis Colts,IND,1986,16,3,13,0,400,25.0,24,16,0,0,0,51,3.19,
Kansas City Chiefs,KAN,1986,16,10,6,0,326,20.4,44,30,0,0,1,121,7.56,
Los Angeles Raiders,RAI,1986,16,8,8,0,346,21.6,63,26,0,0,1,130,8.12,
Los Angeles Rams,RAM,1986,16,10,6,0,267,16.7,39,28,0,0,0,133,8.31,
Miami Dolphins,MIA,1986,16,8,8,0,405,25.3,33,13,0,0,1,73,4.56,
Minnesota Vikings,MIN,1986,16,9,7,0,273,17.1,38,24,0,0,0,118,7.38,
New England Patriots,NWE,1986,16,11,5,0,307,19.2,48,21,0,0,1,126,7.88,
New Orleans Saints,NOR,1986,16,7,9,0,287,17.9,47,26,0,0,1,134,8.38,
New York Giants,NYG,1986,16,14,2,0,236,14.8,59,24,0,0,0,141,8.81,Big Blue Wrecking Crew
New York Jets,NYJ,1986,16,10,6,0,386,24.1,28,20,0,0,2,84,5.25,
Philadelphia Eagles,PHI,1986,16,5,10,1,312,19.5,53,23,0,0,1,129,8.06,
Pittsburgh Steelers,PIT,1986,16,6,10,0,336,21.0,42,20,0,0,0,97,6.06,
San Diego Chargers,SDG,1986,16,4,12,0,396,24.8,62,15,0,0,0,101,6.31,
San Francisco 49ers,SFO,1986,16,10,5,1,247,15.4,51,39,0,0,1,165,10.31,
Seattle Seahawks,SEA,1986,16,10,6,0,293,18.3,46,22,0,0,1,125,7.81,
St. Louis Cardinals,STL,1986,16,4,11,1,351,21.9,41,10,0,0,2,81,5.06,
Tampa Bay Buccaneers,TAM,1986,16,2,14,0,473,29.6,19,13,0,0,0,26,1.62,
Washington Redskins,WAS,1986,16,12,4,0,296,18.5,55,19,0,0,0,117,7.31,
Atlanta Falcons,ATL,1987,15,3,12,0,436,29.1,17,15,0,0,1,36,2.4,
Buffalo Bills,BUF,1987,15,7,8,0,305,20.3,34,17,0,0,0,92,6.13,
Chicago Bears,CHI,1987,15,11,4,0,282,18.8,69,13,0,0,3,141,9.4,
Cincinnati Bengals,CIN,1987,15,4,11,0,370,24.7,40,14,0,0,0,70,4.67,
Cleveland Browns,CLE,1987,15,10,5,0,239,15.9,34,23,0,0,0,115,7.67,
Dallas Cowboys,DAL,1987,15,7,8,0,348,23.2,50,23,0,0,0,96,6.4,
Denver Broncos,DEN,1987,15,10,4,1,288,19.2,31,28,0,0,1,114,7.6,
Detroit Lions,DET,1987,15,4,11,0,384,25.6,42,19,0,0,0,79,5.27,
Green Bay Packers,GNB,1987,15,5,9,1,300,20.0,34,18,0,0,0,88,5.87,
Houston Oilers,HOU,1987,15,9,6,0,349,23.3,35,23,0,0,0,89,5.93,
Indianapolis Colts,IND,1987,15,9,6,0,238,15.9,39,20,0,0,0,114,7.6,
Kansas City Chiefs,KAN,1987,15,4,11,0,388,25.9,26,11,0,0,3,61,4.07,
Los Angeles Raiders,RAI,1987,15,5,10,0,289,19.3,43,13,0,0,1,94,6.27,
Los Angeles Rams,RAM,1987,15,6,9,0,361,24.1,38,16,0,0,1,83,5.53,
Miami Dolphins,MIA,1987,15,8,7,0,335,22.3,21,16,0,0,0,62,4.13,
Minnesota Vikings,MIN,1987,15,8,7,0,335,22.3,41,26,0,0,1,104,6.93,
New England Patriots,NWE,1987,15,8,7,0,293,19.5,43,21,0,0,0,107,7.13,
New Orleans Saints,NOR,1987,15,12,3,0,283,18.9,47,30,0,0,0,128,8.53,
New York Giants,NYG,1987,15,6,9,0,312,20.8,55,20,0,0,0,111,7.4,
New York Jets,NYJ,1987,15,6,9,0,360,24.0,29,18,0,0,2,76,5.07,
Philadelphia Eagles,PHI,1987,15,7,8,0,380,25.3,57,21,0,0,0,95,6.33,
Pittsburgh Steelers,PIT,1987,15,8,7,0,299,19.9,24,27,0,0,0,91,6.07,
San Diego Chargers,SDG,1987,15,8,7,0,317,21.1,45,13,0,0,1,91,6.07,
San Francisco 49ers,SFO,1987,15,13,2,0,253,16.9,36,25,0,0,2,134,8.93,
Seattle Seahawks,SEA,1987,15,9,6,0,314,20.9,37,17,0,0,0,82,5.47,
St. Louis Cardinals,STL,1987,15,7,8,0,368,24.5,41,14,0,0,1,75,5.0,
Tampa Bay Buccaneers,TAM,1987,15,4,11,0,360,24.0,38,16,0,0,0,72,4.8,
Washington Redskins,WAS,1987,15,11,4,0,285,19.0,53,23,0,0,0,117,7.8,
Atlanta Falcons,ATL,1988,16,5,11,0,315,19.7,30,24,0,0,0,107,6.69,
Buffalo Bills,BUF,1988,16,12,4,0,237,14.8,46,15,0,0,0,121,7.56,
Chicago Bears,CHI,1988,16,12,4,0,215,13.4,43,26,0,0,0,146,9.12,
Cincinnati Bengals,CIN,1988,16,12,4,0,329,20.6,41,22,0,0,1,102,6.38,
Cleveland Browns,CLE,1988,16,10,6,0,288,18.0,36,20,0,0,0,100,6.25,
Dallas Cowboys,DAL,1988,16,3,13,0,381,23.8,46,10,0,0,0,63,3.94,
Denver Broncos,DEN,1988,16,8,8,0,352,22.0,36,16,0,0,0,86,5.38,
Detroit Lions,DET,1988,16,4,12,0,313,19.6,47,15,0,0,0,96,6.0,
Green Bay Packers,GNB,1988,16,4,12,0,315,19.7,30,20,0,0,1,98,6.12,
Houston Oilers,HOU,1988,16,10,6,0,365,22.8,42,22,0,0,1,101,6.31,
Indianapolis Colts,IND,1988,16,9,7,0,315,19.7,28,15,0,0,1,86,5.38,
Kansas City Chiefs,KAN,1988,16,4,11,1,320,20.0,23,18,0,0,0,78,4.88,
Los Angeles Raiders,RAI,1988,16,7,9,0,369,23.1,40,17,0,0,1,89,5.56,
Los Angeles Rams,RAM,1988,16,10,6,0,293,18.3,56,22,0,0,0,126,7.88,
Miami Dolphins,MIA,1988,16,6,10,0,380,23.8,24,16,0,0,0,58,3.62,
Minnesota Vikings,MIN,1988,16,11,5,0,233,14.6,37,36,0,0,0,161,10.06,
New England Patriots,NWE,1988,16,9,7,0,284,17.8,28,20,0,0,1,101,6.31,
New Orleans Saints,NOR,1988,16,10,6,0,283,17.7,31,17,0,0,1,106,6.62,
New York Giants,NYG,1988,16,10,6,0,304,19.0,52,15,0,0,0,105,6.56,
New York Jets,NYJ,1988,16,8,7,1,354,22.1,44,24,0,0,1,105,6.56,
Philadelphia Eagles,PHI,1988,16,10,6,0,319,19.9,42,32,0,0,0,119,7.44,
Phoenix Cardinals,PHO,1988,16,7,9,0,398,24.9,39,16,0,0,0,67,4.19,
Pittsburgh Steelers,PIT,1988,16,5,11,0,421,26.3,19,20,0,0,2,65,4.06,
San Diego Chargers,SDG,1988,16,6,10,0,332,20.8,34,16,0,0,2,98,6.12,
San Francisco 49ers,SFO,1988,16,10,6,0,294,18.4,42,22,0,0,2,122,7.62,
Seattle Seahawks,SEA,1988,16,9,7,0,329,20.6,30,22,0,0,0,87,5.44,
Tampa Bay Buccaneers,TAM,1988,16,5,11,0,350,21.9,20,21,0,0,0,75,4.69,
Washington Redskins,WAS,1988,16,7,9,0,387,24.2,42,14,0,0,0,69,4.31,
Atlanta Falcons,ATL,1989,16,3,13,0,437,27.3,31,20,0,0,1,70,4.38,
Buffalo Bills,BUF,1989,16,9,7,0,317,19.8,38,23,0,0,0,105,6.56,
Chicago Bears,CHI,1989,16,6,10,0,377,23.6,39,26,0,0,1,107,6.69,
Cincinnati Bengals,CIN,1989,16,8,8,0,285,17.8,33,21,0,0,0,100,6.25,
Cleveland Browns,CLE,1989,16,9,6,1,254,15.9,45,27,0,0,0,136,8.5,
Dallas Cowboys,DAL,1989,16,1,15,0,393,24.6,28,7,0,0,1,47,2.94,
Denver Broncos,DEN,1989,16,11,5,0,226,14.1,46,21,0,0,0,127,7.94,
Detroit Lions,DET,1989,16,7,9,0,364,22.8,40,16,0,0,0,73,4.56,
Green Bay Packers,GNB,1989,16,10,6,0,356,22.2,34,25,0,0,0,93,5.81,
Houston Oilers,HOU,1989,16,9,7,0,412,25.8,36,21,0,0,0,82,5.12,
Indianapolis Colts,IND,1989,16,8,8,0,301,18.8,45,21,0,0,1,117,7.31,
Kansas City Chiefs,KAN,1989,16,8,7,1,286,17.9,35,15,0,0,0,93,5.81,
Los Angeles Raiders,RAI,1989,16,8,8,0,297,18.6,35,18,0,0,0,89,5.56,
Los Angeles Rams,RAM,1989,16,11,5,0,344,21.5,42,21,0,0,0,89,5.56,
Miami Dolphins,MIA,1989,16,8,8,0,379,23.7,38,15,0,0,2,88,5.5,
Minnesota Vikings,MIN,1989,16,10,6,0,275,17.2,71,18,0,0,1,137,8.56,
New England Patriots,NWE,1989,16,5,11,0,391,24.4,30,16,0,0,0,61,3.81,
New Orleans Saints,NOR,1989,16,9,7,0,301,18.8,47,21,0,0,2,124,7.75,
New York Giants,NYG,1989,16,12,4,0,252,15.8,39,22,0,0,1,128,8.0,
New York Jets,NYJ,1989,16,4,12,0,411,25.7,28,15,0,0,0,53,3.31,
Philadelphia Eagles,PHI,1989,16,11,5,0,274,17.1,62,30,0,0,0,154,9.62,
Phoenix Cardinals,PHO,1989,16,5,11,0,377,23.6,30,16,0,0,0,61,3.81,
Pittsburgh Steelers,PIT,1989,16,9,7,0,326,20.4,31,21,0,0,1,100,6.25,
San Diego Chargers,SDG,1989,16,6,10,0,290,18.1,48,25,0,0,1,133,8.31,
San Francisco 49ers,SFO,1989,16,14,2,0,253,15.8,42,21,0,0,0,124,7.75,
Seattle Seahawks,SEA,1989,16,7,9,0,327,20.4,32,9,0,0,1,69,4.31,
Tampa Bay Buccaneers,TAM,1989,16,5,11,0,419,26.2,33,21,0,0,0,72,4.5,
Washington Redskins,WAS,1989,16,10,6,0,308,19.2,40,27,0,0,1,122,7.62,
Atlanta Falcons,ATL,1990,16,5,11,0,365,22.8,33,17,0,0,2,88,5.5,
Buffalo Bills,BUF,1990,16,13,3,0,263,16.4,43,18,0,0,0,118,7.38,
Chicago Bears,CHI,1990,16,11,5,0,280,17.5,41,31,0,0,1,141,8.81,
Cincinnati Bengals,CIN,1990,16,9,7,0,352,22.0,25,15,0,0,1,74,4.62,
Cleveland Browns,CLE,1990,16,3,13,0,462,28.9,32,13,0,0,2,58,3.62,
Dallas Cowboys,DAL,1990,16,7,9,0,308,19.2,36,11,0,0,1,83,5.19,
Denver Broncos,DEN,1990,16,5,11,0,374,23.4,33,10,0,0,0,57,3.56,
Detroit Lions,DET,1990,16,6,10,0,413,25.8,41,17,0,0,0,66,4.12,
Green Bay Packers,GNB,1990,16,6,10,0,347,21.7,27,16,0,0,1,74,4.62,
Houston Oilers,HOU,1990,16,9,7,0,307,19.2,38,21,0,0,0,98,6.12,
Indianapolis Colts,IND,1990,16,7,9,0,353,22.1,28,9,0,0,0,53,3.31,
Kansas City Chiefs,KAN,1990,16,11,5,0,257,16.1,60,20,0,0,0,136,8.5,
Los Angeles Raiders,RAI,1990,16,12,4,0,268,16.8,48,13,0,0,0,109,6.81,
Los Angeles Rams,RAM,1990,16,5,11,0,412,25.8,30,12,0,0,1,54,3.38,
Miami Dolphins,MIA,1990,16,12,4,0,242,15.1,45,19,0,0,0,125,7.81,
Minnesota Vikings,MIN,1990,16,6,10,0,326,20.4,46,22,0,0,0,108,6.75,
New England Patriots,NWE,1990,16,1,15,0,446,27.9,33,14,0,0,0,50,3.12,
New Orleans Saints,NOR,1990,16,8,8,0,275,17.2,42,8,0,0,0,87,5.44,
New York Giants,NYG,1990,16,13,3,0,211,13.2,30,23,0,0,1,128,8.0,
New York Jets,NYJ,1990,16,6,10,0,345,21.6,38,18,0,0,1,89,5.56,
Philadelphia Eagles,PHI,1990,16,10,6,0,299,18.7,45,19,0,0,0,110,6.88,
Phoenix Cardinals,PHO,1990,16,5,11,0,396,24.8,36,16,0,0,0,67,4.19,
Pittsburgh Steelers,PIT,1990,16,9,7,0,240,15.0,34,24,0,0,1,134,8.38,
San Diego Chargers,SDG,1990,16,6,10,0,281,17.6,44,19,0,0,2,116,7.25,
San Francisco 49ers,SFO,1990,16,14,2,0,239,14.9,44,17,0,0,0,119,7.44,
Seattle Seahawks,SEA,1990,16,9,7,0,286,17.9,33,12,0,0,0,81,5.06,
Tampa Bay Buccaneers,TAM,1990,16,6,10,0,367,22.9,34,25,0,0,0,83,5.19,
Washington Redskins,WAS,1990,16,10,6,0,301,18.8,45,21,0,0,0,108,6.75,
Atlanta Falcons,ATL,1991,16,10,6,0,338,21.1,29,19,0,0,1,86,5.38,
Buffalo Bills,BUF,1991,16,13,3,0,318,19.9,30,23,0,0,1,104,6.5,
Chicago Bears,CHI,1991,16,11,5,0,269,16.8,40,17,0,0,0,113,7.06,
Cincinnati Bengals,CIN,1991,16,3,13,0,435,27.2,21,17,0,0,1,45,2.81,
Cleveland Browns,CLE,1991,16,6,10,0,298,18.6,35,15,0,0,0,93,5.81,
Dallas Cowboys,DAL,1991,16,11,5,0,310,19.4,23,12,0,0,2,77,4.81,
Denver Broncos,DEN,1991,16,12,4,0,235,14.7,52,23,0,0,0,139,8.69,
Detroit Lions,DET,1991,16,12,4,0,295,18.4,30,19,0,0,1,98,6.12,
Green Bay Packers,GNB,1991,16,4,12,0,313,19.6,44,15,0,0,1,101,6.31,
Houston Oilers,HOU,1991,16,11,5,0,251,15.7,44,20,0,0,0,119,7.44,
Indianapolis Colts,IND,1991,16,1,15,0,381,23.8,29,15,0,0,1,63,3.94,
Kansas City Chiefs,KAN,1991,16,10,6,0,252,15.8,39,15,0,0,0,107,6.69,
Los Angeles Raiders,RAI,1991,16,9,7,0,297,18.6,42,18,0,0,1,112,7.0,
Los Angeles Rams,RAM,1991,16,3,13,0,390,24.4,17,11,0,0,0,42,2.62,
Miami Dolphins,MIA,1991,16,8,8,0,349,21.8,34,12,0,0,0,72,4.5,
Minnesota Vikings,MIN,1991,16,8,8,0,306,19.1,33,17,0,0,0,94,5.88,
New England Patriots,NWE,1991,16,6,10,0,305,19.1,25,12,0,0,1,77,4.81,
New Orleans Saints,NOR,1991,16,11,5,0,211,13.2,50,29,0,0,0,166,10.38,
New York Giants,NYG,1991,16,8,8,0,297,18.6,34,12,0,0,1,83,5.19,
New York Jets,NYJ,1991,16,8,8,0,293,18.3,35,18,0,0,0,99,6.19,
Philadelphia Eagles,PHI,1991,16,10,6,0,244,15.2,54,26,0,0,0,145,9.06,Gang Green
Phoenix Cardinals,PHO,1991,16,4,12,0,344,21.5,25,17,0,0,0,72,4.5,
Pittsburgh Steelers,PIT,1991,16,7,9,0,344,21.5,38,19,0,0,1,100,6.25,
San Diego Chargers,SDG,1991,16,4,12,0,342,21.4,28,19,0,0,1,85,5.31,
San Francisco 49ers,SFO,1991,16,10,6,0,239,14.9,29,12,0,0,1,92,5.75,
Seattle Seahawks,SEA,1991,16,7,9,0,261,16.3,36,18,0,0,1,112,7.0,
Tampa Bay Buccaneers,TAM,1991,16,3,13,0,365,22.8,39,11,0,0,0,68,4.25,
Washington Redskins,WAS,1991,16,14,2,0,224,14.0,50,27,0,0,2,169,10.56,
Atlanta Falcons,ATL,1992,16,6,10,0,414,25.9,31,11,0,0,2,64,4.0,
Buffalo Bills,BUF,1992,16,11,5,0,283,17.7,44,23,0,0,0,115,7.19,
Chicago Bears,CHI,1992,16,5,11,0,361,22.6,43,14,0,0,1,85,5.31,
Cincinnati Bengals,CIN,1992,16,5,11,0,364,22.8,45,16,0,0,1,88,5.5,
Cleveland Browns,CLE,1992,16,7,9,0,275,17.2,48,13,0,0,1,102,6.38,
Dallas Cowboys,DAL,1992,16,13,3,0,243,15.2,44,17,0,0,2,136,8.5,
Denver Broncos,DEN,1992,16,8,8,0,329,20.6,49,15,0,0,0,104,6.5,
Detroit Lions,DET,1992,16,5,11,0,332,20.8,29,21,0,0,2,100,6.25,
Green Bay Packers,GNB,1992,16,9,7,0,296,18.5,34,15,0,0,1,97,6.06,
Houston Oilers,HOU,1992,16,10,6,0,258,16.1,50,20,0,0,0,126,7.88,
Indianapolis Colts,IND,1992,16,9,7,0,302,18.9,39,20,0,0,2,123,7.69,
Kansas City Chiefs,KAN,1992,16,10,6,0,282,17.6,49,24,0,0,2,128,8.0,
Los Angeles Raiders,RAI,1992,16,7,9,0,281,17.6,45,12,0,0,0,107,6.69,
Los Angeles Rams,RAM,1992,16,6,10,0,383,23.9,30,18,0,0,2,87,5.44,
Miami Dolphins,MIA,1992,16,11,5,0,281,17.6,36,18,0,0,0,102,6.38,
Minnesota Vikings,MIN,1992,16,11,5,0,249,15.6,51,28,0,0,0,140,8.75,
New England Patriots,NWE,1992,16,2,14,0,363,22.7,20,14,0,0,1,65,4.06,
New Orleans Saints,NOR,1992,16,12,4,0,202,12.6,57,18,0,0,0,139,8.69,
New York Giants,NYG,1992,16,6,10,0,367,22.9,25,14,0,0,1,66,4.12,
New York Jets,NYJ,1992,16,4,12,0,315,19.7,36,21,0,0,0,95,5.94,
Philadelphia Eagles,PHI,1992,16,11,5,0,245,15.3,54,24,0,0,1,150,9.38,
Phoenix Cardinals,PHO,1992,16,4,12,0,332,20.8,27,16,0,0,0,74,4.62,
Pittsburgh Steelers,PIT,1992,16,11,5,0,225,14.1,36,22,0,0,1,133,8.31,
San Diego Chargers,SDG,1992,16,11,5,0,241,15.1,51,25,0,0,0,138,8.62,
San Francisco 49ers,SFO,1992,16,14,2,0,236,14.8,39,17,0,0,1,118,7.38,
Seattle Seahawks,SEA,1992,16,2,14,0,312,19.5,46,20,0,0,0,107,6.69,
Tampa Bay Buccaneers,TAM,1992,16,5,11,0,365,22.8,36,20,0,0,0,81,5.06,
Washington Redskins,WAS,1992,16,9,7,0,255,15.9,39,23,0,0,1,128,8.0,
Atlanta Falcons,ATL,1993,16,6,10,0,385,24.1,26,13,0,0,1,65,4.06,
Buffalo Bills,BUF,1993,16,12,4,0,242,15.1,37,23,0,0,1,123,7.69,
Chicago Bears,CHI,1993,16,7,9,0,230,14.4,45,18,0,0,0,129,8.06,
Cincinnati Bengals,CIN,1993,16,3,13,0,319,19.9,22,12,0,0,0,63,3.94,
Cleveland Browns,CLE,1993,16,7,9,0,307,19.2,48,13,0,0,3,107,6.69,
Dallas Cowboys,DAL,1993,16,12,4,0,229,14.3,34,14,0,0,2,114,7.12,
Denver Broncos,DEN,1993,16,9,7,0,284,17.8,46,18,0,0,0,109,6.81,
Detroit Lions,DET,1993,16,10,6,0,292,18.2,43,19,0,0,1,119,7.44,
Green Bay Packers,GNB,1993,16,9,7,0,282,17.6,46,18,0,0,1,119,7.44,
Houston Oilers,HOU,1993,16,12,4,0,238,14.9,51,26,0,0,0,146,9.12,
Indianapolis Colts,IND,1993,16,4,12,0,378,23.6,21,10,0,0,0,52,3.25,
Kansas City Chiefs,KAN,1993,16,11,5,0,291,18.2,35,21,0,0,0,99,6.19,
Los Angeles Raiders,RAI,1993,16,10,6,0,326,20.4,44,14,0,0,1,92,5.75,
Los Angeles Rams,RAM,1993,16,5,11,0,367,22.9,35,11,0,0,0,68,4.25,
Miami Dolphins,MIA,1993,16,9,7,0,351,21.9,29,13,0,0,2,79,4.94,
Minnesota Vikings,MIN,1993,16,9,7,0,290,18.1,45,24,0,0,0,125,7.81,
New England Patriots,NWE,1993,16,5,11,0,286,17.9,34,13,0,0,0,92,5.75,
New Orleans Saints,NOR,1993,16,8,8,0,343,21.4,51,10,0,0,3,102,6.38,
New York Giants,NYG,1993,16,11,5,0,205,12.8,41,18,0,0,1,130,8.12,
New York Jets,NYJ,1993,16,8,8,0,247,15.4,30,19,0,0,0,110,6.88,
Philadelphia Eagles,PHI,1993,16,8,8,0,315,19.7,36,20,0,0,0,91,5.69,
Phoenix Cardinals,PHO,1993,16,7,9,0,269,16.8,34,9,0,0,1,94,5.88,
Pittsburgh Steelers,PIT,1993,16,9,7,0,281,17.6,42,24,0,0,0,116,7.25,
San Diego Chargers,SDG,1993,16,8,8,0,290,18.1,32,22,0,0,0,103,6.44,
San Francisco 49ers,SFO,1993,16,10,6,0,295,18.4,41,19,0,0,1,105,6.56,
Seattle Seahawks,SEA,1993,16,6,10,0,314,19.6,38,22,0,0,0,104,6.5,
Tampa Bay Buccaneers,TAM,1993,16,5,11,0,376,23.5,29,9,0,0,0,55,3.44,
Washington Redskins,WAS,1993,16,4,12,0,345,21.6,31,17,0,0,0,71,4.44,
Arizona Cardinals,ARI,1994,16,8,8,0,267,16.7,35,23,0,0,0,109,6.81,
Atlanta Falcons,ATL,1994,16,7,9,0,385,24.1,32,22,0,0,0,89,5.56,
Buffalo Bills,BUF,1994,16,7,9,0,356,22.2,25,16,0,0,0,63,3.94,
Chicago Bears,CHI,1994,16,9,7,0,307,19.2,28,12,0,0,1,84,5.25,
Cincinnati Bengals,CIN,1994,16,3,13,0,406,25.4,31,10,0,0,1,49,3.06,
Cleveland Browns,CLE,1994,16,11,5,0,204,12.8,38,18,0,0,3,140,8.75,
Dallas Cowboys,DAL,1994,16,12,4,0,248,15.5,47,22,0,0,2,136,8.5,
Denver Broncos,DEN,1994,16,7,9,0,396,24.8,20,12,0,0,0,44,2.78,
Detroit Lions,DET,1994,16,9,7,0,342,21.4,28,12,0,0,4,86,5.38,
Green Bay Packers,GNB,1994,16,9,7,0,287,17.9,37,21,0,0,2,125,7.81,
Houston Oilers,HOU,1994,16,2,14,0,352,22.0,31,14,0,0,1,80,5.0,
Indianapolis Colts,IND,1994,16,8,8,0,320,20.0,29,18,0,0,2,94,5.88,
Kansas City Chiefs,KAN,1994,16,9,7,0,298,18.6,39,12,0,0,1,93,5.81,
Los Angeles Raiders,RAI,1994,16,9,7,0,327,20.4,38,12,0,0,0,72,4.5,
Los Angeles Rams,RAM,1994,16,4,12,0,365,22.8,26,14,0,0,1,74,4.62,
Miami Dolphins,MIA,1994,16,10,6,0,327,20.4,28,23,0,0,0,82,5.12,
Minnesota Vikings,MIN,1994,16,10,6,0,314,19.6,35,18,0,0,0,88,5.5,
New England Patriots,NWE,1994,16,10,6,0,312,19.5,39,22,0,0,0,102,6.38,
New Orleans Saints,NOR,1994,16,7,9,0,407,25.4,36,17,0,0,2,73,4.56,
New York Giants,NYG,1994,16,9,7,0,305,19.1,26,16,0,0,2,93,5.81,
New York Jets,NYJ,1994,16,6,10,0,320,20.0,29,17,0,0,0,79,4.94,
Philadelphia Eagles,PHI,1994,16,7,9,0,308,19.2,42,21,0,0,1,111,6.94,
Pittsburgh Steelers,PIT,1994,16,12,4,0,234,14.6,55,17,0,0,0,132,8.25,
San Diego Chargers,SDG,1994,16,11,5,0,306,19.1,42,17,0,0,4,127,7.94,
San Francisco 49ers,SFO,1994,16,13,3,0,296,18.5,38,23,0,0,1,105,6.56,
Seattle Seahawks,SEA,1994,16,6,10,0,323,20.2,29,19,0,0,1,82,5.12,
Tampa Bay Buccaneers,TAM,1994,16,6,10,0,351,21.9,20,9,0,0,1,47,2.94,
Washington Redskins,WAS,1994,16,3,13,0,412,25.8,28,17,0,0,2,68,4.25,
Arizona Cardinals,ARI,1995,16,4,12,0,422,26.4,31,19,0,0,0,60,3.75,
Atlanta Falcons,ATL,1995,16,9,7,0,349,21.8,30,18,0,0,1,80,5.0,
Buffalo Bills,BUF,1995,16,10,6,0,335,20.9,46,11,0,0,0,79,4.97,
Carolina Panthers,CAR,1995,16,7,9,0,325,20.3,35,21,0,0,1,101,6.31,
Chicago Bears,CHI,1995,16,9,7,0,360,22.5,34,16,0,0,0,77,4.81,
Cincinnati Bengals,CIN,1995,16,7,9,0,374,23.4,42,12,0,0,0,72,4.5,
Cleveland Browns,CLE,1995,16,5,11,0,356,22.2,29,17,0,0,1,78,4.88,
Dallas Cowboys,DAL,1995,16,12,4,0,291,18.2,35,19,0,0,0,103,6.44,
Denver Broncos,DEN,1995,16,8,8,0,345,21.6,30,8,0,0,0,67,4.19,
Detroit Lions,DET,1995,16,10,6,0,336,21.0,42,22,0,0,0,100,6.25,
Green Bay Packers,GNB,1995,16,11,5,0,314,19.6,39,13,0,0,0,86,5.38,
Houston Oilers,HOU,1995,16,7,9,0,324,20.2,30,21,0,0,0,90,5.62,
Indianapolis Colts,IND,1995,16,9,7,0,316,19.8,29,13,0,0,1,79,4.94,
Jacksonville Jaguars,JAX,1995,16,4,12,0,404,25.2,17,13,0,0,1,44,2.75,
Kansas City Chiefs,KAN,1995,16,13,3,0,241,15.1,47,16,0,0,3,137,8.56,
Miami Dolphins,MIA,1995,16,9,7,0,332,20.8,29,14,0,0,0,76,4.75,
Minnesota Vikings,MIN,1995,16,8,8,0,385,24.1,44,25,0,0,1,99,6.19,
New England Patriots,NWE,1995,16,6,10,0,377,23.6,37,15,0,0,0,67,4.19,
New Orleans Saints,NOR,1995,16,7,9,0,348,21.8,44,17,0,0,0,92,5.75,
New York Giants,NYG,1995,16,5,11,0,340,21.2,28,16,0,0,1,76,4.75,
New York Jets,NYJ,1995,16,3,13,0,384,24.0,43,17,0,0,0,85,5.31,
Oakland Raiders,OAK,1995,16,8,8,0,332,20.8,43,11,0,0,1,87,5.44,
Philadelphia Eagles,PHI,1995,16,10,6,0,338,21.1,48,19,0,0,1,108,6.75,
Pittsburgh Steelers,PIT,1995,16,11,5,0,327,20.4,42,22,0,0,1,110,6.88,
San Diego Chargers,SDG,1995,16,9,7,0,323,20.2,36,17,0,0,3,109,6.81,
San Francisco 49ers,SFO,1995,16,11,5,0,258,16.1,40,26,0,0,1,138,8.62,
Seattle Seahawks,SEA,1995,16,8,8,0,366,22.9,28,16,0,0,1,71,4.44,
St. Louis Rams,STL,1995,16,7,9,0,418,26.1,36,22,0,0,0,72,4.5,
Tampa Bay Buccaneers,TAM,1995,16,7,9,0,335,20.9,25,14,0,0,0,69,4.31,
Washington Redskins,WAS,1995,16,6,10,0,359,22.4,29,16,0,0,1,68,4.25,
Arizona Cardinals,ARI,1996,16,7,9,0,397,24.8,28,11,0,0,0,48,3.0,
Atlanta Falcons,ATL,1996,16,3,13,0,461,28.8,36,6,0,0,0,35,2.19,
Baltimore Ravens,BAL,1996,16,4,12,0,441,27.6,30,15,0,0,0,49,3.06,
Buffalo Bills,BUF,1996,16,10,6,0,266,16.6,44,10,0,0,1,101,6.34,
Carolina Panthers,CAR,1996,16,12,4,0,218,13.6,60,22,0,0,2,163,10.19,
Chicago Bears,CHI,1996,16,7,9,0,305,19.1,30,17,0,0,0,83,5.19,
Cincinnati Bengals,CIN,1996,16,8,8,0,369,23.1,32,34,0,0,1,109,6.81,
Dallas Cowboys,DAL,1996,16,10,6,0,250,15.6,37,19,0,0,0,122,7.62,
Denver Broncos,DEN,1996,16,13,3,0,275,17.2,40,23,0,0,0,114,7.12,
Detroit Lions,DET,1996,16,5,11,0,368,23.0,32,11,0,0,0,62,3.88,
Green Bay Packers,GNB,1996,16,13,3,0,210,13.1,37,26,0,0,4,167,10.44,Featured
Houston Oilers,HOU,1996,16,8,8,0,319,19.9,35,12,0,0,0,79,4.94,
Indianapolis Colts,IND,1996,16,9,7,0,334,20.9,28,13,0,0,1,78,4.88,
Jacksonville Jaguars,JAX,1996,16,9,7,0,335,20.9,36,13,0,0,0,73,4.56,
Kansas City Chiefs,KAN,1996,16,9,7,0,300,18.8,31,17,0,0,1,94,5.88,
Miami Dolphins,MIA,1996,16,8,8,0,325,20.3,37,20,0,0,0,91,5.69,
Minnesota Vikings,MIN,1996,16,9,7,0,315,19.7,43,22,0,0,1,106,6.62,
New England Patriots,NWE,1996,16,11,5,0,313,19.6,33,23,0,0,1,111,6.94,
New Orleans Saints,NOR,1996,16,3,13,0,339,21.2,41,12,0,0,0,80,5.0,
New York Giants,NYG,1996,16,6,10,0,297,18.6,29,22,0,0,2,114,7.12,
New York Jets,NYJ,1996,16,1,15,0,454,28.4,28,11,0,0,0,35,2.19,
Oakland Raiders,OAK,1996,16,7,9,0,293,18.3,34,17,0,0,0,88,5.5,
Philadelphia Eagles,PHI,1996,16,10,6,0,341,21.3,40,19,0,0,2,100,6.25,
Pittsburgh Steelers,PIT,1996,16,10,6,0,257,16.1,50,23,0,0,1,141,8.81,
San Diego Chargers,SDG,1996,16,8,8,0,376,23.5,32,22,0,0,1,84,5.25,
San Francisco 49ers,SFO,1996,16,12,4,0,257,16.1,45,20,0,0,0,117,7.31,
Seattle Seahawks,SEA,1996,16,7,9,0,376,23.5,48,14,0,0,1,86,5.38,
St. Louis Rams,STL,1996,16,6,10,0,409,25.6,32,26,0,0,2,90,5.62,
Tampa Bay Buccaneers,TAM,1996,16,6,10,0,293,18.3,35,17,0,0,1,102,6.38,
Washington Redskins,WAS,1996,16,9,7,0,312,19.5,34,21,0,0,0,91,5.69,
Arizona Cardinals,ARI,1997,16,4,12,0,379,23.7,34,15,0,0,0,68,4.25,
Atlanta Falcons,ATL,1997,16,7,9,0,361,22.6,55,18,0,0,2,110,6.88,
Baltimore Ravens,BAL,1997,16,6,9,1,345,21.6,42,17,0,0,2,95,5.94,
Buffalo Bills,BUF,1997,16,6,10,0,367,22.9,42,13,0,0,0,82,5.12,
Carolina Panthers,CAR,1997,16,7,9,0,314,19.6,35,11,0,0,0,84,5.25,
Chicago Bears,CHI,1997,16,4,12,0,421,26.3,38,13,0,0,0,66,4.12,
Cincinnati Bengals,CIN,1997,16,7,9,0,405,25.3,35,13,0,0,1,62,3.88,
Dallas Cowboys,DAL,1997,16,6,10,0,314,19.6,38,7,0,0,1,80,5.0,
Denver Broncos,DEN,1997,16,12,4,0,287,17.9,43,18,0,0,3,129,8.06,
Detroit Lions,DET,1997,16,9,7,0,306,19.1,43,17,0,0,0,96,6.0,
Green Bay Packers,GNB,1997,16,13,3,0,282,17.6,39,21,0,0,0,110,6.88,
Indianapolis Colts,IND,1997,16,3,13,0,401,25.1,36,12,0,0,0,57,3.56,
Jacksonville Jaguars,JAX,1997,16,11,5,0,318,19.9,47,14,0,0,1,101,6.31,
Kansas City Chiefs,KAN,1997,16,13,3,0,232,14.5,54,21,0,0,2,148,9.25,
Miami Dolphins,MIA,1997,16,9,7,0,327,20.4,31,10,0,0,0,66,4.12,
Minnesota Vikings,MIN,1997,16,9,7,0,359,22.4,44,12,0,0,0,73,4.56,
New England Patriots,NWE,1997,16,10,6,0,289,18.1,44,19,0,0,1,121,7.56,
New Orleans Saints,NOR,1997,16,6,10,0,327,20.4,59,16,0,0,1,113,7.06,
New York Giants,NYG,1997,16,10,5,1,265,16.6,54,27,0,0,1,146,9.12,
New York Jets,NYJ,1997,16,9,7,0,287,17.9,29,18,0,0,3,111,6.94,
Oakland Raiders,OAK,1997,16,4,12,0,419,26.2,31,10,0,0,0,48,3.0,
Philadelphia Eagles,PHI,1997,16,6,9,1,372,23.2,41,14,0,0,1,81,5.06,
Pittsburgh Steelers,PIT,1997,16,11,5,0,307,19.2,48,20,0,0,1,120,7.5,
San Diego Chargers,SDG,1997,16,4,12,0,425,26.6,27,15,0,0,4,70,4.38,
San Francisco 49ers,SFO,1997,16,13,3,0,265,16.6,54,25,0,0,2,152,9.5,
Seattle Seahawks,SEA,1997,16,8,8,0,362,22.6,42,13,0,0,0,78,4.88,
St. Louis Rams,STL,1997,16,5,11,0,359,22.4,38,25,0,0,0,94,5.88,
Tampa Bay Buccaneers,TAM,1997,16,10,6,0,263,16.4,44,13,0,0,1,106,6.62,
Tennessee Oilers,TEN,1997,16,8,8,0,310,19.4,35,14,0,0,0,75,4.69,
Washington Redskins,WAS,1997,16,8,7,1,289,18.1,36,16,0,0,2,104,6.5,
Arizona Cardinals,ARI,1998,16,9,7,0,378,23.6,39,20,0,0,0,83,5.19,
Atlanta Falcons,ATL,1998,16,14,2,0,289,18.1,38,19,0,0,1,103,6.44,
Baltimore Ravens,BAL,1998,16,6,10,0,335,20.9,39,17,0,0,4,111,6.94,
Buffalo Bills,BUF,1998,16,10,6,0,333,20.8,38,12,0,0,0,76,4.78,
Carolina Panthers,CAR,1998,16,4,12,0,413,25.8,37,19,0,0,1,80,5.0,
Chicago Bears,CHI,1998,16,4,12,0,368,23.0,28,14,0,0,3,85,5.31,
Cincinnati Bengals,CIN,1998,16,3,13,0,452,28.2,28,13,0,0,2,55,3.44,
Dallas Cowboys,DAL,1998,16,10,6,0,275,17.2,34,14,0,0,2,112,7.0,
Denver Broncos,DEN,1998,16,14,2,0,309,19.3,47,19,0,0,1,104,6.5,
Detroit Lions,DET,1998,16,5,11,0,378,23.6,42,12,0,0,2,84,5.25,
Green Bay Packers,GNB,1998,16,11,5,0,319,19.9,50,13,0,0,3,114,7.12,
Indianapolis Colts,IND,1998,16,3,13,0,444,27.8,38,8,0,0,0,46,2.88,
Jacksonville Jaguars,JAX,1998,16,11,5,0,338,21.1,30,13,0,0,1,73,4.56,
Kansas City Chiefs,KAN,1998,16,7,9,0,363,22.7,38,13,0,0,0,68,4.25,
Miami Dolphins,MIA,1998,16,10,6,0,265,16.6,44,29,0,0,0,136,8.5,
Minnesota Vikings,MIN,1998,16,15,1,0,296,18.5,37,19,0,0,1,106,6.62,
New England Patriots,NWE,1998,16,9,7,0,329,20.6,36,24,0,0,0,103,6.44,
New Orleans Saints,NOR,1998,16,6,10,0,359,22.4,47,21,0,0,1,112,7.0,
New York Giants,NYG,1998,16,8,8,0,309,19.3,54,19,0,0,1,119,7.44,
New York Jets,NYJ,1998,16,12,4,0,266,16.6,35,21,0,0,0,111,6.94,
Oakland Raiders,OAK,1998,16,8,8,0,356,22.2,41,21,0,0,2,110,6.88,
Philadelphia Eagles,PHI,1998,16,3,13,0,344,21.5,42,9,0,0,0,72,4.5,
Pittsburgh Steelers,PIT,1998,16,7,9,0,303,18.9,41,16,0,0,0,96,6.0,
San Diego Chargers,SDG,1998,16,5,11,0,342,21.4,37,20,0,0,0,87,5.44,
San Francisco 49ers,SFO,1998,16,12,4,0,328,20.5,51,21,0,0,1,120,7.5,
Seattle Seahawks,SEA,1998,16,8,8,0,310,19.4,50,24,0,0,3,137,8.56,
St. Louis Rams,STL,1998,16,4,12,0,378,23.6,50,16,0,0,2,93,5.81,
Tampa Bay Buccaneers,TAM,1998,16,8,8,0,295,18.4,37,12,0,0,2,104,6.5,
Tennessee Oilers,TEN,1998,16,8,8,0,320,20.0,30,12,0,0,0,69,4.31,
Washington Redskins,WAS,1998,16,6,10,0,421,26.3,33,13,0,0,1,58,3.62,
Arizona Cardinals,ARI,1999,16,6,10,0,382,23.9,33,17,0,0,0,71,4.44,
Atlanta Falcons,ATL,1999,16,5,11,0,380,23.8,39,12,0,0,2,77,4.81,
Baltimore Ravens,BAL,1999,16,8,8,0,277,17.3,49,21,0,0,0,125,7.81,
Buffalo Bills,BUF,1999,16,11,5,0,229,14.3,34,9,0,0,1,105,6.59,
Carolina Panthers,CAR,1999,16,8,8,0,381,23.8,34,15,0,0,2,80,5.0,
Chicago Bears,CHI,1999,16,6,10,0,341,21.3,37,14,0,0,0,80,5.0,
Cincinnati Bengals,CIN,1999,16,4,12,0,460,28.8,35,12,0,0,3,59,3.69,
Cleveland Browns,CLE,1999,16,2,14,0,437,27.3,25,8,0,0,0,30,1.88,
Dallas Cowboys,DAL,1999,16,8,8,0,276,17.2,35,24,0,0,1,127,7.94,
Denver Broncos,DEN,1999,16,6,10,0,318,19.9,50,15,0,0,1,104,6.5,
Detroit Lions,DET,1999,16,8,8,0,323,20.2,49,16,0,0,1,102,6.38,
Green Bay Packers,GNB,1999,16,8,8,0,341,21.3,29,26,0,0,1,102,6.38,
Indianapolis Colts,IND,1999,16,13,3,0,333,20.8,41,10,0,0,2,89,5.56,
Jacksonville Jaguars,JAX,1999,16,14,2,0,217,13.6,57,19,0,0,2,157,9.81,
Kansas City Chiefs,KAN,1999,16,9,7,0,322,20.1,39,25,0,0,2,120,7.5,
Miami Dolphins,MIA,1999,16,9,7,0,336,21.0,39,18,0,0,0,89,5.56,
Minnesota Vikings,MIN,1999,16,10,6,0,335,20.9,46,12,0,0,3,95,5.94,
New England Patriots,NWE,1999,16,8,8,0,284,17.8,42,16,0,0,0,104,6.5,
New Orleans Saints,NOR,1999,16,3,13,0,434,27.1,45,19,0,0,0,75,4.69,
New York Giants,NYG,1999,16,7,9,0,358,22.4,32,17,0,0,1,84,5.25,
New York Jets,NYJ,1999,16,8,8,0,309,19.3,26,24,0,0,0,93,5.81,
Oakland Raiders,OAK,1999,16,8,8,0,329,20.6,44,20,0,0,0,94,5.88,
Philadelphia Eagles,PHI,1999,16,5,11,0,357,22.3,35,28,0,0,1,104,6.5,
Pittsburgh Steelers,PIT,1999,16,6,10,0,320,20.0,39,14,0,0,0,91,5.69,
San Diego Chargers,SDG,1999,16,8,8,0,316,19.8,41,15,0,0,0,93,5.81,
San Francisco 49ers,SFO,1999,16,4,12,0,453,28.3,32,13,0,0,0,45,2.81,
Seattle Seahawks,SEA,1999,16,9,7,0,298,18.6,37,30,0,0,1,121,7.56,
St. Louis Rams,STL,1999,16,13,3,0,242,15.1,57,29,0,0,3,173,10.81,
Tampa Bay Buccaneers,TAM,1999,16,11,5,0,235,14.7,43,21,0,0,0,130,8.12,
Tennessee Titans,TEN,1999,16,13,3,0,324,20.2,54,16,0,0,1,98,6.12,
Washington Redskins,WAS,1999,16,10,6,0,377,23.6,40,24,0,0,1,98,6.12,
