name,season,week,date,playoff,team,opp,home_away,result,team_score,opp_score,fgm,fga,xpm,xpa,fpts_std,fpts_ppr,player_id
Lou Groza,1950,5,1950-10-15,False,CLE,CRD,H,W,34,24,0,0,0,0,0.0,0.0,8600
Lou Groza,1950,12,1950-12-10,False,CLE,WAS,A,W,45,21,0,0,0,0,8.3,9.3,8600
Lou Groza,1950,13,1950-12-17,True,CLE,NYG,H,W,8,3,2,2,0,0,6.0,6.0,8600
Lou Groza,1950,14,1950-12-24,True,CLE,RAM,H,W,30,28,1,1,3,3,6.0,6.0,8600
George Blanda,1950,6,1950-10-29,False,CHI,NYY,A,L,27,38,0,0,0,0,0.0,0.0,1853
George Blanda,1950,13,1950-12-17,True,CHI,RAM,A,L,14,24,0,0,0,0,0.0,0.0,1853
George Blanda,1952,3,1952-10-12,False,CHI,DTX,H,W,38,20,0,0,0,0,0.0,0.0,1853
George Blanda,1952,4,1952-10-19,False,CHI,SFO,H,L,16,40,0,0,0,0,0.82,0.82,1853
George Blanda,1952,7,1952-11-09,False,CHI,GNB,H,L,28,41,0,0,0,0,1.56,1.56,1853
George Blanda,1952,8,1952-11-16,False,CHI,RAM,H,L,24,40,0,0,0,0,9.52,9.52,1853
George Blanda,1952,9,1952-11-23,False,CHI,DET,H,W,24,23,0,0,0,0,22.74,22.74,1853
George Blanda,1952,10,1952-11-27,False,CHI,DTX,A,L,23,27,0,0,0,0,11.52,11.52,1853
George Blanda,1952,11,1952-12-07,False,CHI,DET,A,L,21,45,0,0,0,0,-1.34,-1.34,1853
George Blanda,1952,12,1952-12-14,False,CHI,CRD,H,W,10,7,0,0,0,0,2.44,2.44,1853
George Blanda,1953,1,1953-09-27,False,CHI,BAL,A,L,9,13,0,0,0,0,-1.98,-1.98,1853
George Blanda,1953,2,1953-10-04,False,CHI,GNB,A,W,17,13,0,0,0,0,4.56,4.56,1853
George Blanda,1953,3,1953-10-11,False,CHI,BAL,H,L,14,16,0,0,0,0,9.3,9.3,1853
George Blanda,1953,4,1953-10-18,False,CHI,SFO,H,L,28,35,0,0,0,0,13.06,13.06,1853
George Blanda,1953,5,1953-10-25,False,CHI,RAM,A,L,24,38,0,0,0,0,9.36,9.36,1853
George Blanda,1953,6,1953-11-01,False,CHI,SFO,A,L,14,24,0,0,0,0,9.32,9.32,1853
George Blanda,1953,7,1953-11-08,False,CHI,GNB,H,T,21,21,0,0,0,0,16.94,16.94,1853
George Blanda,1953,8,1953-11-15,False,CHI,WAS,A,W,27,24,0,0,0,0,6.12,6.12,1853
George Blanda,1953,9,1953-11-22,False,CHI,DET,H,L,16,20,0,0,0,0,5.2,5.2,1853
George Blanda,1953,10,1953-11-29,False,CHI,RAM,H,W,24,21,0,0,0,0,15.98,15.98,1853
George Blanda,1953,11,1953-12-06,False,CHI,DET,A,L,7,13,0,0,0,0,-2.84,-2.84,1853
George Blanda,1953,12,1953-12-13,False,CHI,CRD,H,L,17,24,0,0,0,0,18.44,18.44,1853
George Blanda,1954,1,1954-09-26,False,CHI,DET,A,L,23,48,0,0,0,0,6.4,6.4,1853
George Blanda,1954,2,1954-10-03,False,CHI,GNB,A,W,10,3,0,0,0,0,5.14,5.14,1853
George Blanda,1954,3,1954-10-10,False,CHI,BAL,H,W,28,9,0,0,0,0,11.92,11.92,1853
George Blanda,1954,4,1954-10-17,False,CHI,SFO,H,L,24,31,0,0,0,0,16.56,16.56,1853
George Blanda,1954,5,1954-10-24,False,CHI,RAM,A,L,38,42,0,0,0,0,25.52,25.52,1853
George Blanda,1954,6,1954-10-31,False,CHI,SFO,A,W,31,27,0,0,0,0,21.78,21.78,1853
George Blanda,1954,7,1954-11-07,False,CHI,GNB,H,W,28,23,0,0,0,0,15.46,15.46,1853
George Blanda,1954,8,1954-11-14,False,CHI,CLE,H,L,10,39,0,0,0,0,4.48,4.48,1853
George Blanda,1955,1,1955-09-25,False,CHI,BAL,A,L,17,23,0,0,0,0,8.34,8.34,1853
George Blanda,1955,2,1955-10-02,False,CHI,GNB,A,L,3,24,0,0,0,0,0.38,0.38,1853
George Blanda,1955,3,1955-10-09,False,CHI,SFO,H,L,19,20,0,0,0,0,7.7,7.7,1853
George Blanda,1955,4,1955-10-16,False,CHI,BAL,H,W,38,10,0,0,0,0,6.16,6.16,1853
George Blanda,1955,5,1955-10-23,False,CHI,SFO,A,W,34,23,0,0,0,0,-1.0,-1.0,1853
George Blanda,1955,6,1955-10-30,False,CHI,RAM,A,W,31,20,0,0,0,0,6.96,6.96,1853
George Blanda,1955,7,1955-11-06,False,CHI,GNB,H,W,52,31,0,0,0,0,-2.86,-2.86,1853
George Blanda,1955,8,1955-11-13,False,CHI,RAM,H,W,24,3,0,0,0,0,0.66,0.66,1853
George Blanda,1955,9,1955-11-20,False,CHI,DET,A,W,24,14,0,0,0,0,1.72,1.72,1853
George Blanda,1955,10,1955-11-27,False,CHI,CRD,A,L,14,53,0,0,0,0,7.1,7.1,1853
George Blanda,1955,11,1955-12-04,False,CHI,DET,H,W,21,20,0,0,0,0,0.0,0.0,1853
George Blanda,1955,12,1955-12-11,False,CHI,PHI,H,W,17,10,0,0,0,0,2.6,2.6,1853
George Blanda,1956,1,1956-09-30,False,CHI,BAL,A,L,21,28,0,0,0,0,3.08,3.08,1853
George Blanda,1956,3,1956-10-14,False,CHI,SFO,H,W,31,7,0,0,0,0,1.6,1.6,1853
George Blanda,1956,4,1956-10-21,False,CHI,BAL,H,W,58,27,0,0,0,0,15.5,15.5,1853
George Blanda,1956,5,1956-10-28,False,CHI,SFO,A,W,38,21,0,0,0,0,4.38,4.38,1853
George Blanda,1956,6,1956-11-04,False,CHI,RAM,A,W,35,24,0,0,0,0,4.84,4.84,1853
George Blanda,1956,7,1956-11-11,False,CHI,GNB,H,W,38,14,0,0,0,0,10.64,10.64,1853
George Blanda,1956,8,1956-11-18,False,CHI,RAM,H,W,30,21,0,0,0,0,0.24,0.24,1853
George Blanda,1956,9,1956-11-25,False,CHI,NYG,A,T,17,17,0,0,0,0,-0.88,-0.88,1853
George Blanda,1956,10,1956-12-02,False,CHI,DET,A,L,10,42,0,0,0,0,4.86,4.86,1853
George Blanda,1956,11,1956-12-09,False,CHI,CRD,H,W,10,3,0,0,0,0,-2.0,-2.0,1853
George Blanda,1956,13,1956-12-30,True,CHI,NYG,A,L,7,47,0,0,1,1,5.0,5.0,1853
George Blanda,1957,3,1957-10-13,False,CHI,SFO,H,L,17,21,0,0,0,0,3.9,3.9,1853
George Blanda,1957,10,1957-12-01,False,CHI,WAS,H,L,3,14,0,0,0,0,-1.36,-1.36,1853
George Blanda,1957,12,1957-12-15,False,CHI,DET,H,L,13,21,0,0,0,0,-0.44,-0.44,1853
George Blanda,1958,7,1958-11-09,False,CHI,GNB,H,W,24,10,0,0,0,0,0.0,0.0,1853
George Blanda,1958,8,1958-11-16,False,CHI,BAL,H,L,0,17,0,0,0,0,0.76,0.76,1853
Sam Baker,1953,5,1953-10-25,False,WAS,BAL,A,L,17,27,0,0,0,0,10.9,11.9,912
Sam Baker,1953,6,1953-11-01,False,WAS,CLE,A,L,3,27,0,0,0,0,0.1,0.1,912
Sam Baker,1953,7,1953-11-08,False,WAS,CRD,H,W,28,17,0,0,0,0,0.1,0.1,912
Sam Baker,1953,8,1953-11-15,False,WAS,CHI,H,L,24,27,0,0,0,0,0.1,0.1,912
Sam Baker,1953,9,1953-11-22,False,WAS,NYG,A,W,24,21,0,0,0,0,2.3,3.3,912
Sam Baker,1953,10,1953-11-29,False,WAS,PIT,A,W,17,9,0,0,0,0,1.1,1.1,912
Sam Baker,1953,11,1953-12-06,False,WAS,PHI,H,W,10,0,0,0,0,0,0.7,0.7,912
Sam Baker,1956,1,1956-09-30,False,WAS,PIT,A,L,13,30,0,0,0,0,0.0,0.0,912
Sam Baker,1956,2,1956-10-06,False,WAS,PHI,A,L,9,13,0,0,0,0,3.2,3.2,912
Sam Baker,1956,3,1956-10-14,False,WAS,CRD,H,L,3,31,0,0,0,0,3.3,4.3,912
Sam Baker,1956,4,1956-10-21,False,WAS,CLE,H,W,20,9,0,0,0,0,3.4,4.4,912
Sam Baker,1956,5,1956-10-28,False,WAS,CRD,A,W,17,14,0,0,0,0,0.5,0.5,912
Sam Baker,1956,6,1956-11-11,False,WAS,DET,H,W,18,17,0,0,0,0,-0.4,-0.4,912
Sam Baker,1956,7,1956-11-18,False,WAS,NYG,H,W,33,7,0,0,0,0,4.4,6.4,912
Sam Baker,1956,8,1956-11-25,False,WAS,CLE,A,W,20,17,0,0,0,0,0.8,0.8,912
Sam Baker,1957,1,1957-09-29,False,WAS,PIT,A,L,7,28,0,0,0,0,1.2,1.2,912
Sam Baker,1957,12,1957-12-15,False,WAS,PIT,H,W,10,3,0,0,0,0,7.1,7.1,912
Sam Baker,1959,2,1959-10-04,False,WAS,PIT,A,W,23,17,0,0,0,0,-0.2,-0.2,912
Sam Baker,1959,12,1959-12-13,False,WAS,NYG,H,L,10,24,0,0,0,0,0.5,0.5,912
Don Chandler,1956,11,1956-12-09,False,NYG,CLE,H,L,7,24,0,0,0,0,0.5,1.5,3746
Don Chandler,1956,12,1956-12-15,False,NYG,PHI,A,W,21,7,0,0,0,0,0.7,0.7,3746
Don Chandler,1956,13,1956-12-30,True,NYG,CHI,H,W,47,7,0,0,0,0,1.2,2.2,3746
Don Chandler,1957,4,1957-10-20,False,NYG,PIT,H,W,35,0,0,0,0,0,0.2,0.2,3746
Don Chandler,1957,10,1957-12-01,False,NYG,SFO,H,L,17,27,0,0,0,0,0.52,0.52,3746
Don Chandler,1957,11,1957-12-07,False,NYG,PIT,A,L,10,21,0,0,0,0,1.08,1.08,3746
Don Chandler,1958,3,1958-10-12,False,NYG,WAS,A,W,21,14,0,0,0,0,1.08,1.08,3746
Don Chandler,1958,7,1958-11-09,False,NYG,BAL,H,W,24,21,0,0,0,0,1.5,1.5,3746
Don Chandler,1958,13,1958-12-21,True,NYG,CLE,H,W,10,0,0,0,0,0,0.0,0.0,3746
Don Chandler,1958,14,1958-12-28,True,NYG,BAL,H,L,17,23,0,0,0,0,0.0,0.0,3746
Don Chandler,1959,10,1959-11-29,False,NYG,WAS,H,W,45,14,0,0,0,0,2.4,2.4,3746
Don Chandler,1959,13,1959-12-27,True,NYG,BAL,A,L,16,31,0,0,0,0,0.0,0.0,3746
Jim Martin,1951,12,1951-12-16,False,DET,SFO,A,L,17,21,0,0,0,0,1.0,1.0,14166
