name,season,team,games,fgm,fga,fg_missed,fgm_0_39,fgm_40_49,fgm_50p,xpm,xpa,fpts_std,fpts_ppr,ppr_per_game,hof,legend,player_id
Adam Vinatieri,1996,NWE,16,27,35,8,,,,39,42,120.0,120.0,7.5,False,False,22951
Adam Vinatieri,1997,NWE,16,25,29,4,,,,40,40,115.0,115.0,7.19,False,False,22951
Adam Vinatieri,1998,NWE,16,31,39,8,,,,32,32,125.0,125.0,7.81,False,False,22951
Adam Vinatieri,1999,NWE,16,26,33,7,20,5,1,29,30,107.0,107.0,6.69,False,False,22951
Al Del Greco,1984,GNB,16,9,12,3,,,,34,34,61.0,61.0,3.81,False,False,5434
Al Del Greco,1985,GNB,16,19,26,7,,,,38,40,95.0,95.0,5.94,False,False,5434
Al Del Greco,1986,GNB,16,17,27,10,,,,29,29,80.0,80.0,5.0,False,False,5434
Al Del Greco,1987,GNB/STL,8,9,15,6,,,,19,20,46.0,46.0,5.75,False,False,5434
Al Del Greco,1988,PHO,16,12,21,9,,,,42,44,78.8,78.8,4.92,False,False,5434
Al Del Greco,1989,PHO,16,18,26,8,,,,28,29,82.0,82.0,5.12,False,False,5434
Al Del Greco,1990,PHO,16,17,27,10,,,,31,31,82.0,82.0,5.12,False,False,5434
Al Del Greco,1991,HOU,7,10,13,3,,,,16,16,46.0,46.0,6.57,False,False,5434
Al Del Greco,1992,HOU,16,21,27,6,,,,41,41,104.0,104.0,6.5,False,False,5434
Al Del Greco,1993,HOU,16,29,34,5,,,,39,40,126.0,126.0,7.88,False,False,5434
Al Del Greco,1994,HOU,16,16,20,4,,,,18,18,66.0,66.0,4.12,False,False,5434
Al Del Greco,1995,HOU,16,27,31,4,,,,33,33,114.0,114.0,7.12,False,False,5434
Al Del Greco,1996,HOU,16,32,38,6,,,,35,35,131.0,131.0,8.19,False,False,5434
Al Del Greco,1997,TEN,16,27,35,8,,,,32,32,113.0,113.0,7.06,False,False,5434
Al Del Greco,1998,TEN,16,36,39,3,,,,28,28,136.0,136.0,8.5,False,False,5434
Al Del Greco,1999,TEN,16,21,25,4,16,4,1,43,43,106.0,106.0,6.62,False,False,5434
Ali Haji-Sheikh,1983,NYG,16,35,42,7,,,,22,23,127.0,127.0,7.94,False,False,8760
Ali Haji-Sheikh,1984,NYG,16,17,33,16,,,,32,35,83.0,83.0,5.19,False,False,8760
Ali Haji-Sheikh,1985,NYG,2,2,5,3,,,,5,5,11.0,11.0,5.5,False,False,8760
Ali Haji-Sheikh,1986,ATL,6,9,12,3,,,,7,8,34.0,34.0,5.67,False,False,8760
Ali Haji-Sheikh,1987,WAS,11,13,19,6,,,,29,32,68.0,68.0,6.18,False,False,8760
Benny Ricardo,1976,BUF/DET,10,11,18,7,,,,21,23,54.0,54.0,5.4,False,False,18554
Benny Ricardo,1978,DET,16,20,28,8,,,,32,33,92.0,92.0,5.75,False,False,18554
Benny Ricardo,1979,DET,16,10,18,8,,,,25,26,55.0,55.0,3.44,False,False,18554
Benny Ricardo,1980,NOR,14,10,17,7,,,,31,34,61.0,61.0,4.36,False,False,18554
Benny Ricardo,1981,NOR,16,13,25,12,,,,24,24,63.0,63.0,3.94,False,False,18554
Benny Ricardo,1983,MIN,16,25,33,8,,,,33,34,108.0,108.0,6.75,False,False,18554
Benny Ricardo,1984,SDG,2,3,3,0,,,,5,6,14.0,14.0,7.0,False,False,18554
Bob Thomas,1975,CHI,14,13,23,10,,,,18,22,57.0,57.0,4.07,False,False,22006
Bob Thomas,1976,CHI,14,12,25,13,,,,27,30,63.0,63.0,4.5,False,False,22006
Bob Thomas,1977,CHI,14,14,27,13,,,,27,30,69.0,69.0,4.93,False,False,22006
Bob Thomas,1978,CHI,16,17,22,5,,,,26,28,77.0,77.0,4.81,False,False,22006
Bob Thomas,1979,CHI,16,16,27,11,,,,34,37,82.0,82.0,5.12,False,False,22006
Bob Thomas,1980,CHI,16,13,18,5,,,,35,37,74.0,74.0,4.62,False,False,22006
Bob Thomas,1981,CHI,2,2,3,1,,,,2,3,8.0,8.0,4.0,False,False,22006
Bob Thomas,1982,DET/CHI,7,10,12,2,,,,9,9,39.0,39.0,5.57,False,False,22006
Bob Thomas,1983,CHI,16,14,25,11,,,,35,38,77.0,77.0,4.81,False,False,22006
Bob Thomas,1984,CHI,16,22,28,6,,,,35,37,101.0,101.0,6.31,False,False,22006
Bob Thomas,1985,SDG,15,18,28,10,,,,51,55,105.0,105.0,7.0,False,False,22006
Bob Thomas,1986,NYG,1,0,1,1,,,,4,4,4.0,4.0,4.0,False,False,22006
Bobby Howfield,1968,DEN,12,9,18,9,,,,30,30,57.0,57.0,4.75,False,False,10331
Bobby Howfield,1969,DEN,14,13,29,16,,,,36,37,75.0,75.0,5.36,False,False,10331
Bobby Howfield,1970,DEN,13,18,32,14,,,,27,28,81.0,81.0,6.23,False,False,10331
Bobby Howfield,1971,NYJ,14,8,19,11,,,,25,26,49.0,49.0,3.5,False,False,10331
Bobby Howfield,1972,NYJ,14,27,37,10,,,,40,41,121.0,121.0,8.64,False,False,10331
Bobby Howfield,1973,NYJ,14,17,24,7,,,,27,27,78.0,78.0,5.57,False,False,10331
Bobby Howfield,1974,NYJ,7,6,7,1,,,,8,12,26.0,26.0,3.71,False,False,10331
Brad Daluiso,1991,ATL/BUF,16,2,3,1,,,,2,2,8.0,8.0,0.5,False,False,5040
Brad Daluiso,1992,DEN,16,0,0,0,,,,0,0,0.0,0.0,0.0,False,False,5040
Brad Daluiso,1993,NYG,15,1,3,2,,,,0,0,3.0,3.0,0.2,False,False,5040
Brad Daluiso,1994,NYG,16,11,11,0,,,,5,5,38.0,38.0,2.38,False,False,5040
Brad Daluiso,1995,NYG,16,20,28,8,,,,28,28,88.0,88.0,5.5,False,False,5040
Brad Daluiso,1996,NYG,16,24,27,3,,,,22,22,94.0,94.0,5.88,False,False,5040
Brad Daluiso,1997,NYG,16,22,32,10,,,,27,29,93.0,93.0,5.81,False,False,5040
Brad Daluiso,1998,NYG,16,21,27,6,,,,32,32,95.0,95.0,5.94,False,False,5040
Brad Daluiso,1999,NYG,6,7,9,2,7,0,0,9,9,30.0,30.0,5.0,False,False,5040
Bruce Gossett,1964,RAM,14,18,24,6,,,,31,33,85.0,85.0,6.07,False,False,8170
Bruce Gossett,1965,RAM,13,15,26,11,,,,30,32,75.0,75.0,5.77,False,False,8170
Bruce Gossett,1966,RAM,14,28,49,21,,,,29,29,113.0,113.0,8.07,False,False,8170
Bruce Gossett,1967,RAM,14,20,43,23,,,,48,48,108.0,108.0,7.71,False,False,8170
Bruce Gossett,1968,RAM,14,17,31,14,,,,37,37,88.0,88.0,6.29,False,False,8170
Bruce Gossett,1969,RAM,14,22,34,12,,,,36,36,102.0,102.0,7.29,False,False,8170
Bruce Gossett,1970,SFO,14,21,31,10,,,,39,41,102.0,102.0,7.29,False,False,8170
Bruce Gossett,1971,SFO,14,23,36,13,,,,32,32,101.0,101.0,7.21,False,False,8170
Bruce Gossett,1972,SFO,14,18,29,11,,,,41,42,95.0,95.0,6.79,False,False,8170
Bruce Gossett,1973,SFO,14,26,33,7,,,,26,26,104.0,104.0,7.43,False,False,8170
Bruce Gossett,1974,SFO,14,11,24,13,,,,25,27,58.0,58.0,4.14,False,False,8170
Cary Blanchard,1992,NYJ,11,16,22,6,,,,17,17,65.0,65.0,5.91,False,False,1847
Cary Blanchard,1993,NYJ,16,17,26,9,,,,31,31,82.0,82.0,5.12,False,False,1847
Cary Blanchard,1995,IND,12,19,24,5,,,,25,25,82.0,82.0,6.83,False,False,1847
Cary Blanchard,1996,IND,16,36,40,4,,,,27,27,135.0,135.0,8.44,False,False,1847
Cary Blanchard,1997,IND,16,32,41,9,,,,21,21,117.0,117.0,7.31,False,False,1847
Cary Blanchard,1998,WAS,13,11,17,6,,,,30,31,63.0,63.0,4.85,False,False,1847
Cary Blanchard,1999,NYG,10,18,21,3,9,9,0,19,19,73.0,73.0,7.3,False,False,1847
Charlie Durkee,1967,NOR,14,14,32,18,,,,27,27,69.0,69.0,4.93,False,False,6125
Charlie Durkee,1968,NOR,14,19,37,18,,,,27,27,84.0,84.0,6.0,False,False,6125
Charlie Durkee,1971,NOR,12,16,23,7,,,,24,25,72.0,72.0,6.0,False,False,6125
Charlie Durkee,1972,NOR,6,3,9,6,,,,9,9,18.0,18.0,3.0,False,False,6125
Charlie Gogolak,1966,WAS,14,22,34,12,,,,39,41,105.0,105.0,7.5,False,False,8023
Charlie Gogolak,1967,WAS,1,1,4,3,,,,3,3,6.0,6.0,6.0,False,False,8023
Charlie Gogolak,1968,WAS,14,9,19,10,,,,30,31,57.0,57.0,4.07,False,False,8023
Charlie Gogolak,1970,BOS,6,2,7,5,,,,5,5,11.0,11.0,1.83,False,False,8023
Charlie Gogolak,1971,NWE,14,12,21,9,,,,28,28,64.0,64.0,4.57,False,False,8023
Charlie Gogolak,1972,NWE,6,6,8,2,,,,9,9,27.0,27.0,4.5,False,False,8023
Chester Marcol,1972,GNB,14,33,48,15,,,,29,29,128.0,128.0,9.14,False,False,14031
Chester Marcol,1973,GNB,14,21,35,14,,,,19,20,82.0,82.0,5.86,False,False,14031
Chester Marcol,1974,GNB,14,25,39,14,,,,19,19,94.0,94.0,6.71,False,False,14031
Chester Marcol,1975,GNB,1,1,1,0,,,,0,0,3.0,3.0,3.0,False,False,14031
Chester Marcol,1976,GNB,14,10,19,9,,,,24,27,54.0,54.0,3.86,False,False,14031
Chester Marcol,1977,GNB,14,13,21,8,,,,11,14,50.0,50.0,3.57,False,False,14031
Chester Marcol,1978,GNB,16,11,19,8,,,,30,30,63.0,63.0,3.94,False,False,14031
Chester Marcol,1979,GNB,10,4,10,6,,,,16,18,28.0,28.0,2.8,False,False,14031
Chester Marcol,1980,GNB/HOU,6,3,4,1,,,,8,10,17.0,17.0,2.83,False,False,14031
Chip Lohmiller,1988,WAS,16,19,26,7,,,,40,41,97.0,97.0,6.06,False,False,13509
Chip Lohmiller,1989,WAS,16,29,40,11,,,,41,41,128.0,128.0,8.0,False,False,13509
Chip Lohmiller,1990,WAS,16,30,40,10,,,,41,41,131.0,131.0,8.19,False,False,13509
Chip Lohmiller,1991,WAS,16,31,43,12,,,,56,56,149.0,149.0,9.31,False,False,13509
Chip Lohmiller,1992,WAS,16,30,40,10,,,,30,30,120.0,120.0,7.5,False,False,13509
Chip Lohmiller,1993,WAS,16,16,28,12,,,,24,26,72.0,72.0,4.5,False,False,13509
Chip Lohmiller,1994,WAS,16,20,28,8,,,,30,32,90.0,90.0,5.62,False,False,13509
Chip Lohmiller,1995,NOR,16,8,14,6,,,,11,13,35.0,35.0,2.19,False,False,13509
Chip Lohmiller,1996,STL,15,21,25,4,,,,28,29,91.0,91.0,6.07,False,False,13509
Chris Bahr,1976,CIN,14,14,27,13,,,,39,42,81.0,81.0,5.79,False,False,835
Chris Bahr,1977,CIN,14,19,27,8,,,,25,26,82.0,82.0,5.86,False,False,835
Chris Bahr,1978,CIN,16,16,30,14,,,,26,29,74.0,74.0,4.62,False,False,835
Chris Bahr,1979,CIN,16,13,23,10,,,,40,42,79.0,79.0,4.94,False,False,835
Chris Bahr,1980,OAK,16,19,37,18,,,,41,44,98.0,98.0,6.12,False,False,835
Chris Bahr,1981,OAK,16,14,24,10,,,,27,33,69.0,69.0,4.31,False,False,835
Chris Bahr,1982,RAI,9,10,16,6,,,,32,33,62.0,62.0,6.89,False,False,835
Chris Bahr,1983,RAI,16,21,27,6,,,,51,53,114.0,114.0,7.12,False,False,835
Chris Bahr,1984,RAI,16,20,27,7,,,,40,42,100.0,100.0,6.25,False,False,835
Chris Bahr,1985,RAI,16,20,32,12,,,,40,42,100.0,100.0,6.25,False,False,835
Chris Bahr,1986,RAI,16,21,28,7,,,,36,36,99.0,99.0,6.19,False,False,835
Chris Bahr,1987,RAI,13,19,29,10,,,,27,28,84.0,84.0,6.46,False,False,835
Chris Bahr,1988,RAI,16,18,29,11,,,,37,39,91.0,91.0,5.69,False,False,835
Chris Bahr,1989,SDG,16,17,25,8,,,,29,30,80.0,80.0,5.0,False,False,835
Chris Boniol,1994,DAL,16,22,29,7,,,,48,48,114.0,114.0,7.12,False,False,1992
Chris Boniol,1995,DAL,16,27,28,1,,,,46,48,127.0,127.0,7.94,False,False,1992
Chris Boniol,1996,DAL,16,32,36,4,,,,24,25,120.0,120.0,7.5,False,False,1992
Chris Boniol,1997,PHI,16,22,31,9,,,,33,33,99.0,99.0,6.19,False,False,1992
Chris Boniol,1998,PHI,14,14,21,7,,,,15,17,57.0,57.0,4.07,False,False,1992
Chris Boniol,1999,CHI,10,11,18,7,8,3,0,17,18,50.0,50.0,5.0,False,False,1992
Chris Jacke,1989,GNB,16,22,28,6,,,,42,42,108.0,108.0,6.75,False,False,10715
Chris Jacke,1990,GNB,16,23,30,7,,,,28,29,97.0,97.0,6.06,False,False,10715
Chris Jacke,1991,GNB,16,18,24,6,,,,31,31,85.0,85.0,5.31,False,False,10715
Chris Jacke,1992,GNB,16,22,29,7,,,,30,30,96.0,96.0,6.0,False,False,10715
Chris Jacke,1993,GNB,16,31,37,6,,,,35,35,128.0,128.0,8.0,False,False,10715
Chris Jacke,1994,GNB,16,19,26,7,,,,41,43,98.0,98.0,6.12,False,False,10715
Chris Jacke,1995,GNB,14,17,23,6,,,,43,43,94.0,94.0,6.71,False,False,10715
Chris Jacke,1996,GNB,16,21,27,6,,,,51,53,114.0,114.0,7.12,False,False,10715
Chris Jacke,1997,WAS,1,0,0,0,,,,0,0,0.0,0.0,0.0,False,False,10715
Chris Jacke,1998,ARI,4,10,14,4,,,,6,6,36.0,36.0,9.0,False,False,10715
Chris Jacke,1999,ARI,16,19,27,8,15,4,0,26,26,83.0,83.0,5.19,False,False,10715
Chuck Nelson,1983,RAM,12,5,11,6,,,,33,37,48.0,48.0,4.0,False,False,16261
Chuck Nelson,1984,BUF,7,3,5,2,,,,14,14,23.0,23.0,3.29,False,False,16261
Chuck Nelson,1986,MIN,16,22,28,6,,,,44,47,110.0,110.0,6.88,False,False,16261
Chuck Nelson,1987,MIN,12,13,24,11,,,,36,37,75.0,75.0,6.25,False,False,16261
Chuck Nelson,1988,MIN,16,20,25,5,,,,48,49,108.0,108.0,6.75,False,False,16261
Curt Knight,1969,WAS,14,16,27,11,,,,35,36,81.0,81.0,5.79,False,False,12425
Curt Knight,1970,WAS,14,20,27,7,,,,33,34,93.0,93.0,6.64,False,False,12425
Curt Knight,1971,WAS,14,29,49,20,,,,27,27,114.0,114.0,8.14,False,False,12425
Curt Knight,1972,WAS,14,14,30,16,,,,40,41,82.0,82.0,5.86,False,False,12425
Curt Knight,1973,WAS,14,22,42,20,,,,37,37,103.0,103.0,7.36,False,False,12425
Danny Villanueva,1960,RAM,12,12,19,7,,,,28,28,64.0,64.0,5.33,False,False,22946
Danny Villanueva,1961,RAM,14,13,27,14,,,,32,32,71.0,71.0,5.07,False,False,22946
Danny Villanueva,1962,RAM,14,10,20,10,,,,26,27,56.0,56.0,4.0,False,False,22946
Danny Villanueva,1963,RAM,14,9,17,8,,,,25,26,52.0,52.0,3.71,False,False,22946
Danny Villanueva,1964,RAM,14,0,0,0,,,,0,0,0.0,0.0,0.0,False,False,22946
Danny Villanueva,1965,DAL,14,16,27,11,,,,37,38,85.0,85.0,6.07,False,False,22946
Danny Villanueva,1966,DAL,14,17,31,14,,,,56,56,109.3,109.3,7.81,False,False,22946
Danny Villanueva,1967,DAL,14,8,19,11,,,,32,34,54.5,54.5,3.89,False,False,22946
David Ray,1970,RAM,14,29,45,16,,,,34,34,122.1,123.1,8.79,False,False,18251
David Ray,1971,RAM,14,18,29,11,,,,37,37,91.0,91.0,6.5,False,False,18251
David Ray,1972,RAM,14,24,41,17,,,,31,31,103.0,103.0,7.36,False,False,18251
David Ray,1973,RAM,14,30,47,17,,,,40,42,130.0,130.0,9.29,False,False,18251
David Ray,1974,RAM,13,9,16,7,,,,25,31,52.0,52.0,4.0,False,False,18251
David Treadwell,1989,DEN,16,27,33,6,,,,39,40,120.0,120.0,7.5,False,False,22493
David Treadwell,1990,DEN,16,25,34,9,,,,34,36,109.0,109.0,6.81,False,False,22493
David Treadwell,1991,DEN,16,27,36,9,,,,31,32,112.0,112.0,7.0,False,False,22493
David Treadwell,1992,DEN,16,20,24,4,,,,28,28,88.0,88.0,5.5,False,False,22493
David Treadwell,1993,NYG,16,25,31,6,,,,28,29,103.0,103.0,6.44,False,False,22493
David Treadwell,1994,NYG,13,11,17,6,,,,22,23,55.0,55.0,4.23,False,False,22493
Dean Biasucci,1984,IND,15,3,5,2,,,,13,14,22.0,22.0,1.47,False,False,1696
Dean Biasucci,1986,IND,16,13,25,12,,,,26,27,65.0,65.0,4.06,False,False,1696
Dean Biasucci,1987,IND,12,24,27,3,,,,24,24,96.0,96.0,8.0,False,False,1696
Dean Biasucci,1988,IND,16,25,32,7,,,,39,40,114.0,114.0,7.12,False,False,1696
Dean Biasucci,1989,IND,16,21,27,6,,,,31,32,94.0,94.0,5.88,False,False,1696
Dean Biasucci,1990,IND,16,17,24,7,,,,32,33,83.0,83.0,5.19,False,False,1696
Dean Biasucci,1991,IND,16,15,26,11,,,,14,14,59.0,59.0,3.69,False,False,1696
Dean Biasucci,1992,IND,16,16,29,13,,,,24,24,72.0,72.0,4.5,False,False,1696
Dean Biasucci,1993,IND,16,26,31,5,,,,15,16,93.0,93.0,5.81,False,False,1696
Dean Biasucci,1994,IND,16,16,24,8,,,,37,37,85.0,85.0,5.31,False,False,1696
Dean Biasucci,1995,STL,8,9,12,3,,,,13,14,40.0,40.0,5.0,False,False,1696
Dennis Partee,1968,SDG,14,22,32,10,,,,40,43,106.0,106.0,7.57,False,False,17159
Dennis Partee,1969,SDG,14,15,28,13,,,,33,33,78.0,78.0,5.57,False,False,17159
Dennis Partee,1970,SDG,13,0,0,0,,,,0,0,0.0,0.0,0.0,False,False,17159
Dennis Partee,1971,SDG,14,17,29,12,,,,36,37,87.7,87.7,6.26,False,False,17159
Dennis Partee,1972,SDG,14,15,25,10,,,,26,28,71.0,71.0,5.07,False,False,17159
Dennis Partee,1973,SDG,14,1,2,1,,,,6,6,9.0,9.0,0.64,False,False,17159
Dennis Partee,1974,SDG,14,1,5,4,,,,26,28,29.0,29.0,2.07,False,False,17159
Dennis Partee,1975,SDG,14,0,0,0,,,,0,0,0.0,0.0,0.0,False,False,17159
Don Chandler,1956,NYG,2,,,,,,,,,,,,False,False,3746
Don Chandler,1957,NYG,3,,,,,,,,,,,,False,False,3746
Don Chandler,1958,NYG,2,,,,,,,,,,,,False,False,3746
Don Chandler,1959,NYG,1,,,,,,,,,,,,False,False,3746
Don Chandler,1960,NYG,8,0,0,0,,,,0,0,1.9,1.9,0.24,False,False,3746
Don Chandler,1961,NYG,14,0,0,0,,,,0,0,3.0,3.0,0.21,False,False,3746
Don Chandler,1962,NYG,14,19,28,9,,,,47,48,102.9,102.9,7.35,False,False,3746
Don Chandler,1963,NYG,14,18,29,11,,,,52,56,106.0,106.0,7.57,False,False,3746
Don Chandler,1964,NYG,14,9,20,11,,,,27,29,54.0,54.0,3.86,False,False,3746
Don Chandler,1965,GNB,14,17,26,9,,,,37,38,90.7,90.7,6.48,False,False,3746
Don Chandler,1966,GNB,14,12,28,16,,,,41,43,80.3,80.3,5.74,False,False,3746
Don Chandler,1967,GNB,14,19,29,10,,,,39,39,96.0,96.0,6.86,False,False,3746
Don Cockroft,1968,CLE,14,18,24,6,,,,46,48,100.0,100.0,7.14,False,False,4151
Don Cockroft,1969,CLE,14,12,23,11,,,,45,45,81.0,81.0,5.79,False,False,4151
Don Cockroft,1970,CLE,14,12,22,10,,,,34,35,70.0,70.0,5.0,False,False,4151
Don Cockroft,1971,CLE,14,15,28,13,,,,34,34,80.2,80.2,5.73,False,False,4151
Don Cockroft,1972,CLE,14,22,27,5,,,,28,29,94.0,94.0,6.71,False,False,4151
Don Cockroft,1973,CLE,14,22,31,9,,,,24,24,89.7,89.7,6.41,False,False,4151
Don Cockroft,1974,CLE,14,14,16,2,,,,29,30,72.08,72.08,5.15,False,False,4151
Don Cockroft,1975,CLE,14,17,23,6,,,,21,24,72.0,72.0,5.14,False,False,4151
Don Cockroft,1976,CLE,14,15,28,13,,,,27,30,72.0,72.0,5.14,False,False,4151
Don Cockroft,1977,CLE,14,17,23,6,,,,30,31,81.0,81.0,5.79,False,False,4151
Don Cockroft,1978,CLE,16,19,28,9,,,,37,40,94.0,94.0,5.88,False,False,4151
Don Cockroft,1979,CLE,16,17,29,12,,,,38,43,89.0,89.0,5.56,False,False,4151
Don Cockroft,1980,CLE,16,16,26,10,,,,39,44,87.0,87.0,5.44,False,False,4151
Donald Igwebuike,1985,TAM,16,22,32,10,,,,30,32,96.0,96.0,6.0,False,False,10605
Donald Igwebuike,1986,TAM,16,17,24,7,,,,26,27,77.0,77.0,4.81,False,False,10605
Donald Igwebuike,1987,TAM,12,14,18,4,,,,24,26,66.0,66.0,5.5,False,False,10605
Donald Igwebuike,1988,TAM,12,19,25,6,,,,21,21,78.0,78.0,6.5,False,False,10605
Donald Igwebuike,1989,TAM,16,22,28,6,,,,33,35,99.0,99.0,6.19,False,False,10605
Donald Igwebuike,1990,MIN,8,14,16,2,,,,19,19,61.0,61.0,7.62,False,False,10605
Doug Brien,1994,SFO,16,15,20,5,,,,60,62,105.0,105.0,6.56,False,False,2380
Doug Brien,1995,SFO/NOR,14,19,29,10,,,,35,35,92.0,92.0,6.57,False,False,2380
Doug Brien,1996,NOR,16,21,25,4,,,,18,18,81.0,81.0,5.06,False,False,2380
Doug Brien,1997,NOR,16,23,27,4,,,,22,22,91.0,91.0,5.69,False,False,2380
Doug Brien,1998,NOR,15,20,22,2,,,,31,31,91.0,91.0,6.07,False,False,2380
Doug Brien,1999,NOR,15,24,29,5,15,7,2,20,21,92.0,92.0,6.13,False,False,2380
Doug Pelfrey,1993,CIN,15,24,31,7,,,,13,16,85.0,85.0,5.67,False,False,17324
Doug Pelfrey,1994,CIN,16,28,33,5,,,,24,25,108.0,108.0,6.75,False,False,17324
Doug Pelfrey,1995,CIN,16,29,36,7,,,,34,34,121.0,121.0,7.56,False,False,17324
Doug Pelfrey,1996,CIN,16,23,28,5,,,,41,41,110.0,110.0,6.88,False,False,17324
Doug Pelfrey,1997,CIN,16,12,16,4,,,,41,43,77.0,77.0,4.81,False,False,17324
Doug Pelfrey,1998,CIN,16,19,27,8,,,,21,21,78.0,78.0,4.88,False,False,17324
Doug Pelfrey,1999,CIN,16,18,27,9,16,1,1,27,27,81.0,81.0,5.06,False,False,17324
Eddie Murray,1980,DET,15,27,42,15,,,,35,36,116.0,116.0,7.73,False,False,16087
Eddie Murray,1981,DET,16,25,35,10,,,,46,46,121.0,121.0,7.56,False,False,16087
Eddie Murray,1982,DET,7,11,12,1,,,,16,16,49.0,49.0,7.0,False,False,16087
Eddie Murray,1983,DET,16,25,32,7,,,,38,38,113.0,113.0,7.06,False,False,16087
Eddie Murray,1984,DET,16,20,27,7,,,,31,31,91.0,91.0,5.69,False,False,16087
Eddie Murray,1985,DET,16,26,31,5,,,,31,33,109.0,109.0,6.81,False,False,16087
Eddie Murray,1986,DET,16,18,25,7,,,,31,32,85.0,85.0,5.31,False,False,16087
Eddie Murray,1987,DET,12,20,32,12,,,,21,21,81.0,81.0,6.75,False,False,16087
Eddie Murray,1988,DET,15,20,21,1,,,,22,23,82.0,82.0,5.47,False,False,16087
Eddie Murray,1989,DET,16,20,21,1,,,,36,36,96.0,96.0,6.0,False,False,16087
Eddie Murray,1990,DET,11,13,19,6,,,,34,34,73.0,73.0,6.64,False,False,16087
Eddie Murray,1991,DET,15,19,28,9,,,,40,40,97.0,97.0,6.47,False,False,16087
Eddie Murray,1992,KAN/TAM,8,5,9,4,,,,13,13,28.0,28.0,3.5,False,False,16087
Eddie Murray,1993,DAL,14,28,33,5,,,,38,38,122.0,122.0,8.71,False,False,16087
Eddie Murray,1994,PHI,16,21,25,4,,,,33,33,96.0,96.0,6.0,False,False,16087
Eddie Murray,1995,WAS,16,27,36,9,,,,33,33,114.0,114.0,7.12,False,False,16087
Eddie Murray,1997,MIN,12,12,17,5,,,,23,24,59.0,59.0,4.92,False,False,16087
Eddie Murray,1999,DAL,4,7,9,2,6,1,0,10,10,31.0,31.0,7.75,False,False,16087
Efren Herrera,1974,DAL,11,8,13,5,,,,33,33,57.0,57.0,5.18,False,False,9708
Efren Herrera,1976,DAL,14,18,23,5,,,,34,34,88.0,88.0,6.29,False,False,9708
Efren Herrera,1977,DAL,14,18,29,11,,,,39,41,93.0,93.0,6.64,False,False,9708
Efren Herrera,1978,SEA,16,13,21,8,,,,40,44,79.0,79.0,4.94,False,False,9708
Efren Herrera,1979,SEA,16,19,23,4,,,,43,46,102.0,103.0,6.44,False,False,9708
Efren Herrera,1980,SEA,16,20,31,11,,,,33,33,93.9,94.9,5.93,False,False,9708
Efren Herrera,1981,SEA,12,12,17,5,,,,23,25,59.0,59.0,4.92,False,False,9708
Efren Herrera,1982,BUF,7,8,14,6,,,,11,12,35.0,35.0,5.0,False,False,9708
Errol Mann,1968,GNB,2,0,3,3,,,,4,4,4.0,4.0,2.0,False,False,13975
Errol Mann,1969,DET,14,25,37,12,,,,26,26,101.0,101.0,7.21,False,False,13975
Errol Mann,1970,DET,14,20,29,9,,,,41,41,101.0,101.0,7.21,False,False,13975
Errol Mann,1971,DET,14,22,37,15,,,,37,37,103.0,103.0,7.36,False,False,13975
Errol Mann,1972,DET,14,20,29,9,,,,38,39,98.0,98.0,7.0,False,False,13975
Errol Mann,1973,DET,8,13,19,6,,,,14,14,53.0,53.0,6.62,False,False,13975
Errol Mann,1974,DET,14,23,32,9,,,,23,26,92.0,92.0,6.57,False,False,13975
Errol Mann,1975,DET,14,14,21,7,,,,25,29,67.0,67.0,4.79,False,False,13975
Errol Mann,1976,DET/OAK,13,8,21,13,,,,35,37,59.0,59.0,4.54,False,False,13975
Errol Mann,1977,OAK,14,20,28,8,,,,39,42,99.0,99.0,7.07,False,False,13975
Errol Mann,1978,OAK,16,12,20,8,,,,33,38,69.0,69.0,4.31,False,False,13975
Frank Corral,1978,RAM,16,29,43,14,,,,31,33,118.0,118.0,7.38,False,False,4580
Frank Corral,1979,RAM,16,13,25,12,,,,36,39,75.0,75.0,4.69,False,False,4580
Frank Corral,1980,RAM,16,16,30,14,,,,51,52,99.0,99.0,6.19,False,False,4580
Frank Corral,1981,RAM,16,17,26,9,,,,36,36,87.0,87.0,5.44,False,False,4580
Fred Cox,1963,MIN,14,12,24,12,,,,39,39,75.0,75.0,5.36,False,False,4675
Fred Cox,1964,MIN,14,21,33,12,,,,40,42,103.0,103.0,7.36,False,False,4675
Fred Cox,1965,MIN,14,23,35,12,,,,44,44,113.0,113.0,8.07,False,False,4675
Fred Cox,1966,MIN,14,18,33,15,,,,34,34,88.0,88.0,6.29,False,False,4675
Fred Cox,1967,MIN,14,17,33,16,,,,26,26,77.0,77.0,5.5,False,False,4675
Fred Cox,1968,MIN,14,19,29,10,,,,31,32,88.0,88.0,6.29,False,False,4675
Fred Cox,1969,MIN,14,26,37,11,,,,43,43,121.0,121.0,8.64,False,False,4675
Fred Cox,1970,MIN,14,30,46,16,,,,35,35,124.96,124.96,8.93,False,False,4675
Fred Cox,1971,MIN,14,22,32,10,,,,25,25,91.0,91.0,6.5,False,False,4675
Fred Cox,1972,MIN,14,21,33,12,,,,34,34,97.0,97.0,6.93,False,False,4675
Fred Cox,1973,MIN,14,21,35,14,,,,33,33,96.0,96.0,6.86,False,False,4675
Fred Cox,1974,MIN,14,12,20,8,,,,32,39,68.0,68.0,4.86,False,False,4675
Fred Cox,1975,MIN,14,13,17,4,,,,46,48,85.0,85.0,6.07,False,False,4675
Fred Cox,1976,MIN,14,19,31,12,,,,32,36,89.0,89.0,6.36,False,False,4675
Fred Cox,1977,MIN,14,8,17,9,,,,25,29,49.0,49.0,3.5,False,False,4675
Fred Steinfort,1976,OAK,7,4,8,4,,,,16,19,28.0,28.0,4.0,False,False,21195
Fred Steinfort,1977,ATL,7,6,11,5,,,,13,13,31.0,31.0,4.43,False,False,21195
Fred Steinfort,1978,ATL,6,3,10,7,,,,8,9,17.0,17.0,2.83,False,False,21195
Fred Steinfort,1979,DEN,1,0,0,0,,,,0,0,0.0,0.0,0.0,False,False,21195
Fred Steinfort,1980,DEN,16,26,34,8,,,,32,33,110.0,110.0,6.88,False,False,21195
Fred Steinfort,1981,DEN,16,17,30,13,,,,36,37,87.0,87.0,5.44,False,False,21195
Fred Steinfort,1983,BUF/NWE,11,7,21,14,,,,17,18,38.0,38.0,3.45,False,False,21195
Fuad Reveiz,1985,MIA,16,22,27,5,,,,50,52,116.0,116.0,7.25,False,False,18494
Fuad Reveiz,1986,MIA,16,14,22,8,,,,52,55,94.0,94.0,5.88,False,False,18494
Fuad Reveiz,1987,MIA,11,9,11,2,,,,28,30,55.0,55.0,5.0,False,False,18494
Fuad Reveiz,1988,MIA,11,8,12,4,,,,31,32,55.0,55.0,5.0,False,False,18494
Fuad Reveiz,1990,SDG/MIN,13,13,19,6,,,,26,27,65.0,65.0,5.0,False,False,18494
Fuad Reveiz,1991,MIN,16,17,24,7,,,,34,35,85.0,85.0,5.31,False,False,18494
Fuad Reveiz,1992,MIN,16,19,25,6,,,,45,45,102.0,102.0,6.38,False,False,18494
Fuad Reveiz,1993,MIN,16,26,35,9,,,,27,28,105.0,105.0,6.56,False,False,18494
Fuad Reveiz,1994,MIN,16,34,39,5,,,,30,30,132.0,132.0,8.25,False,False,18494
Fuad Reveiz,1995,MIN,16,26,36,10,,,,44,44,122.0,122.0,7.62,False,False,18494
Garo Yepremian,1966,DET,7,13,22,9,,,,11,11,50.0,50.0,7.14,False,True,24848
Garo Yepremian,1967,DET,8,2,6,4,,,,22,23,28.0,28.0,3.5,False,True,24848
Garo Yepremian,1970,MIA,12,22,29,7,,,,31,31,97.0,97.0,8.08,False,True,24848
Garo Yepremian,1971,MIA,14,28,40,12,,,,33,33,117.0,117.0,8.36,False,True,24848
Garo Yepremian,1972,MIA,14,24,37,13,,,,43,45,115.0,115.0,8.21,False,True,24848
Garo Yepremian,1973,MIA,14,25,37,12,,,,38,38,113.0,113.0,8.07,False,True,24848
Garo Yepremian,1974,MIA,14,8,15,7,,,,43,43,67.0,67.0,4.79,False,True,24848
Garo Yepremian,1975,MIA,14,13,16,3,,,,40,46,79.0,79.0,5.64,False,True,24848
Garo Yepremian,1976,MIA,14,16,23,7,,,,29,31,77.0,77.0,5.5,False,True,24848
Garo Yepremian,1977,MIA,14,10,22,12,,,,37,40,67.0,67.0,4.79,False,True,24848
Garo Yepremian,1978,MIA,16,19,23,4,,,,41,45,98.0,98.0,6.12,False,True,24848
Garo Yepremian,1979,NOR,14,12,16,4,,,,39,40,75.0,75.0,5.36,False,True,24848
Garo Yepremian,1980,TAM,16,16,23,7,,,,31,32,79.0,79.0,4.94,False,True,24848
Garo Yepremian,1981,TAM,3,2,4,2,,,,6,6,12.0,12.0,4.0,False,True,24848
Gary Anderson,1982,PIT,9,10,12,2,,,,22,22,52.0,52.0,5.78,False,True,448
Gary Anderson,1983,PIT,16,27,31,4,,,,38,39,119.0,119.0,7.44,False,True,448
Gary Anderson,1984,PIT,16,24,32,8,,,,45,45,117.0,117.0,7.31,False,True,448
Gary Anderson,1985,PIT,16,33,42,9,,,,40,40,139.0,139.0,8.69,False,True,448
Gary Anderson,1986,PIT,16,21,32,11,,,,32,32,95.0,95.0,5.94,False,True,448
Gary Anderson,1987,PIT,12,22,27,5,,,,21,21,87.0,87.0,7.25,False,True,448
Gary Anderson,1988,PIT,16,28,36,8,,,,34,35,118.0,118.0,7.38,False,True,448
Gary Anderson,1989,PIT,16,21,30,9,,,,28,28,91.0,91.0,5.69,False,True,448
Gary Anderson,1990,PIT,16,20,25,5,,,,32,32,92.0,92.0,5.75,False,True,448
Gary Anderson,1991,PIT,16,23,33,10,,,,31,31,100.0,100.0,6.25,False,True,448
Gary Anderson,1992,PIT,16,28,36,8,,,,29,31,113.0,113.0,7.06,False,True,448
Gary Anderson,1993,PIT,16,28,30,2,,,,32,32,116.0,116.0,7.25,False,True,448
Gary Anderson,1994,PIT,16,24,29,5,,,,32,32,104.3,104.3,6.52,False,True,448
Gary Anderson,1995,PHI,16,22,30,8,,,,32,33,98.0,98.0,6.12,False,True,448
Gary Anderson,1996,PHI,16,25,29,4,,,,40,40,115.0,115.0,7.19,False,True,448
Gary Anderson,1997,SFO,16,29,36,7,,,,38,38,125.0,125.0,7.81,False,True,448
Gary Anderson,1998,MIN,16,35,35,0,,,,59,59,164.0,164.0,10.25,False,True,448
Gary Anderson,1999,MIN,16,19,30,11,15,4,0,46,46,103.0,103.0,6.44,False,True,448
Gene Mingo,1960,DEN,14,18,28,10,,,,33,36,172.74,191.74,13.7,False,False,15421
Gene Mingo,1961,DEN,14,3,11,8,,,,11,11,61.54,69.54,4.97,False,False,15421
Gene Mingo,1962,DEN,14,27,39,12,,,,32,34,175.12,189.12,13.51,False,False,15421
Gene Mingo,1963,DEN,14,16,29,13,,,,35,35,93.1,96.1,6.86,False,False,15421
Gene Mingo,1964,DEN/OAK,14,8,12,4,,,,9,10,44.1,48.1,3.44,False,False,15421
Gene Mingo,1965,OAK,14,8,19,11,,,,0,0,24.5,25.5,1.82,False,False,15421
Gene Mingo,1966,MIA,14,10,21,11,,,,23,23,57.0,60.0,4.29,False,False,15421
Gene Mingo,1967,MIA/WAS,12,5,16,11,,,,29,31,44.0,44.0,3.67,False,False,15421
Gene Mingo,1969,PIT,14,12,26,14,,,,26,26,62.0,62.0,4.43,False,False,15421
Gene Mingo,1970,PIT,10,5,18,13,,,,17,17,32.0,32.0,3.2,False,False,15421
George Blair,1961,SDG,13,13,27,14,,,,42,47,81.0,81.0,6.23,False,False,1831
George Blair,1962,SDG,13,17,20,3,,,,31,34,82.0,82.0,6.31,False,False,1831
George Blair,1963,SDG,14,17,28,11,,,,44,48,95.0,95.0,6.79,False,False,1831
George Blair,1964,SDG,3,3,5,2,,,,5,6,14.0,14.0,4.67,False,False,1831
George Blanda,1950,CHI,1,,,,,,,,,,,,True,True,1853
George Blanda,1952,CHI,8,,,,,,,,,,,,True,True,1853
George Blanda,1953,CHI,12,,,,,,,,,,,,True,True,1853
George Blanda,1954,CHI,8,,,,,,,,,,,,True,True,1853
George Blanda,1955,CHI,12,,,,,,,,,,,,True,True,1853
George Blanda,1956,CHI,10,,,,,,,,,,,,True,True,1853
George Blanda,1957,CHI,3,,,,,,,,,,,,True,True,1853
George Blanda,1958,CHI,2,,,,,,,,,,,,True,True,1853
George Blanda,1960,HOU,14,15,32,17,,,,46,47,265.12,265.12,18.94,True,True,1853
George Blanda,1961,HOU,14,16,29,13,,,,64,65,344.8,345.8,24.7,True,True,1853
George Blanda,1962,HOU,14,11,26,15,,,,48,49,218.0,218.0,15.57,True,True,1853
George Blanda,1963,HOU,14,9,24,15,,,,39,39,232.22,232.22,16.59,True,True,1853
George Blanda,1964,HOU,14,13,29,16,,,,37,38,220.38,220.38,15.74,True,True,1853
George Blanda,1965,HOU,14,11,21,10,,,,28,28,182.08,182.08,13.01,True,True,1853
George Blanda,1966,HOU,14,16,30,14,,,,39,40,183.66,183.66,13.12,True,True,1853
George Blanda,1967,OAK,14,20,30,10,,,,56,57,133.4,133.4,9.53,True,True,1853
George Blanda,1968,OAK,14,21,34,13,,,,54,54,157.88,157.88,11.28,True,True,1853
George Blanda,1969,OAK,14,20,37,17,,,,45,45,113.92,113.92,8.14,True,True,1853
George Blanda,1970,OAK,14,16,29,13,,,,36,36,116.84,116.84,8.35,True,True,1853
George Blanda,1971,OAK,14,15,22,7,,,,41,42,105.12,105.12,7.51,True,True,1853
George Blanda,1972,OAK,14,17,26,9,,,,44,44,102.08,102.08,7.29,True,True,1853
George Blanda,1973,OAK,14,23,33,10,,,,31,31,100.0,100.0,7.14,True,True,1853
George Blanda,1974,OAK,14,11,17,6,,,,44,46,82.12,82.12,5.87,True,True,1853
George Blanda,1975,OAK,14,13,21,8,,,,44,48,81.44,81.44,5.82,True,True,1853
Gino Cappelletti,1960,BOS,14,8,21,13,,,,30,32,56.8,57.8,4.13,False,False,3400
Gino Cappelletti,1961,BOS,14,17,32,15,,,,48,50,228.88,273.88,19.56,False,False,3400
Gino Cappelletti,1962,BOS,14,20,37,17,,,,38,40,175.4,209.4,14.96,False,False,3400
Gino Cappelletti,1963,BOS,14,22,38,16,,,,35,36,162.5,196.5,14.04,False,False,3400
Gino Cappelletti,1964,BOS,14,25,39,14,,,,36,36,240.2,289.2,20.66,False,False,3400
Gino Cappelletti,1965,BOS,14,17,27,10,,,,27,27,200.0,237.0,16.93,False,False,3400
Gino Cappelletti,1966,BOS,14,16,34,18,,,,35,36,186.6,229.6,16.4,False,False,3400
Gino Cappelletti,1967,BOS,14,16,31,15,,,,29,30,134.7,169.7,12.12,False,False,3400
Gino Cappelletti,1968,BOS,14,15,27,12,,,,26,26,101.4,114.4,8.17,False,False,3400
Gino Cappelletti,1969,BOS,14,14,34,20,,,,26,27,70.1,71.1,5.08,False,False,3400
Gino Cappelletti,1970,BOS,9,6,15,9,,,,12,13,30.0,30.0,3.33,False,False,3400
Greg Davis,1987,ATL,3,3,4,1,,,,6,6,15.0,15.0,5.0,False,False,5223
Greg Davis,1988,ATL,16,19,30,11,,,,25,27,82.0,82.0,5.12,False,False,5223
Greg Davis,1989,NWE/ATL,15,23,34,11,,,,25,28,94.0,94.0,6.27,False,False,5223
Greg Davis,1990,ATL,16,22,33,11,,,,40,40,106.0,106.0,6.62,False,False,5223
Greg Davis,1991,PHO,16,21,30,9,,,,19,19,82.0,82.0,5.12,False,False,5223
Greg Davis,1992,PHO,16,13,26,13,,,,28,28,67.0,67.0,4.19,False,False,5223
Greg Davis,1993,PHO,16,21,28,7,,,,37,37,100.0,100.0,6.25,False,False,5223
Greg Davis,1994,ARI,14,20,26,6,,,,17,17,77.0,77.0,5.5,False,False,5223
Greg Davis,1995,ARI,16,30,39,9,,,,19,19,109.0,109.0,6.81,False,False,5223
Greg Davis,1996,ARI,9,9,14,5,,,,12,12,39.0,39.0,4.33,False,False,5223
Greg Davis,1997,MIN/SDG,16,26,34,8,,,,31,32,109.0,109.0,6.81,False,False,5223
Greg Davis,1998,OAK,16,17,27,10,,,,31,31,82.0,82.0,5.12,False,False,5223
Horst Muhlmann,1969,CIN,14,16,24,8,,,,32,33,80.0,80.0,5.71,False,False,15990
Horst Muhlmann,1970,CIN,14,25,37,12,,,,33,33,108.0,108.0,7.71,False,False,15990
Horst Muhlmann,1971,CIN,14,20,36,16,,,,31,31,91.0,91.0,6.5,False,False,15990
Horst Muhlmann,1972,CIN,14,27,40,13,,,,30,31,111.0,111.0,7.93,False,False,15990
Horst Muhlmann,1973,CIN,14,21,31,10,,,,31,32,94.0,94.0,6.71,False,False,15990
Horst Muhlmann,1974,CIN,14,11,18,7,,,,32,35,65.0,65.0,4.64,False,False,15990
Horst Muhlmann,1975,PHI,14,20,29,9,,,,21,24,81.0,81.0,5.79,False,False,15990
Horst Muhlmann,1976,PHI,14,11,16,5,,,,18,19,51.0,51.0,3.64,False,False,15990
Horst Muhlmann,1977,PHI,14,3,8,5,,,,17,19,26.0,26.0,1.86,False,False,15990
Jan Stenerud,1967,KAN,14,21,36,15,,,,45,45,108.0,108.0,7.71,True,True,21203
Jan Stenerud,1968,KAN,14,30,40,10,,,,39,40,129.0,129.0,9.21,True,True,21203
Jan Stenerud,1969,KAN,14,27,35,8,,,,38,38,119.0,119.0,8.5,True,True,21203
Jan Stenerud,1970,KAN,14,30,42,12,,,,26,26,116.0,116.0,8.29,True,True,21203
Jan Stenerud,1971,KAN,14,26,44,18,,,,32,32,110.0,110.0,7.86,True,True,21203
Jan Stenerud,1972,KAN,14,21,36,15,,,,32,32,95.0,95.0,6.79,True,True,21203
Jan Stenerud,1973,KAN,14,24,38,14,,,,21,23,93.0,93.0,6.64,True,True,21203
Jan Stenerud,1974,KAN,14,17,24,7,,,,24,26,75.0,75.0,5.36,True,True,21203
Jan Stenerud,1975,KAN,14,22,32,10,,,,30,31,96.0,96.0,6.86,True,True,21203
Jan Stenerud,1976,KAN,14,21,38,17,,,,27,33,90.0,90.0,6.43,True,True,21203
Jan Stenerud,1977,KAN,14,8,18,10,,,,27,28,51.0,51.0,3.64,True,True,21203
Jan Stenerud,1978,KAN,16,20,30,10,,,,25,26,85.0,85.0,5.31,True,True,21203
Jan Stenerud,1979,KAN,16,12,23,11,,,,28,29,64.0,64.0,4.0,True,True,21203
Jan Stenerud,1980,GNB,4,3,5,2,,,,3,3,12.0,12.0,3.0,True,True,21203
Jan Stenerud,1981,GNB,16,22,24,2,,,,35,36,101.0,101.0,6.31,True,True,21203
Jan Stenerud,1982,GNB,9,13,18,5,,,,25,27,64.0,64.0,7.11,True,True,21203
Jan Stenerud,1983,GNB,16,21,26,5,,,,52,52,115.0,115.0,7.19,True,True,21203
Jan Stenerud,1984,MIN,16,20,23,3,,,,30,31,90.0,90.0,5.62,True,True,21203
Jan Stenerud,1985,MIN,16,15,26,11,,,,41,43,86.0,86.0,5.38,True,True,21203
Jason Elam,1993,DEN,16,26,35,9,,,,41,42,119.0,119.0,7.44,False,False,6336
Jason Elam,1994,DEN,16,30,37,7,,,,29,29,119.0,119.0,7.44,False,False,6336
Jason Elam,1995,DEN,16,31,38,7,,,,39,39,132.0,132.0,8.25,False,False,6336
Jason Elam,1996,DEN,16,21,28,7,,,,46,46,109.0,109.0,6.81,False,False,6336
Jason Elam,1997,DEN,15,26,36,10,,,,46,46,124.0,124.0,8.27,False,False,6336
Jason Elam,1998,DEN,16,23,27,4,,,,58,58,127.0,127.0,7.94,False,False,6336
Jason Elam,1999,DEN,16,29,36,7,16,8,5,29,29,116.0,116.0,7.25,False,False,6336
Jason Hanson,1992,DET,16,21,26,5,,,,30,30,93.0,93.0,5.81,False,False,8989
Jason Hanson,1993,DET,16,34,43,9,,,,28,28,130.0,130.0,8.12,False,False,8989
Jason Hanson,1994,DET,16,18,27,9,,,,39,40,93.0,93.0,5.81,False,False,8989
Jason Hanson,1995,DET,16,28,34,6,,,,48,48,132.0,132.0,8.25,False,False,8989
Jason Hanson,1996,DET,16,12,17,5,,,,36,36,72.0,72.0,4.5,False,False,8989
Jason Hanson,1997,DET,16,26,29,3,,,,39,40,117.0,117.0,7.31,False,False,8989
Jason Hanson,1998,DET,16,29,33,4,,,,27,29,114.0,114.0,7.12,False,False,8989
Jason Hanson,1999,DET,16,26,32,6,12,10,4,28,29,106.0,106.0,6.62,False,False,8989
Jason Staurovsky,1987,STL,2,1,3,2,,,,6,6,9.0,9.0,4.5,False,False,21157
Jason Staurovsky,1988,NWE,8,7,11,4,,,,14,15,35.0,35.0,4.38,False,False,21157
Jason Staurovsky,1989,NWE,7,14,17,3,,,,14,14,56.0,56.0,8.0,False,False,21157
Jason Staurovsky,1990,NWE,16,16,22,6,,,,19,19,67.0,67.0,4.19,False,False,21157
Jason Staurovsky,1991,NWE,9,13,19,6,,,,10,11,49.0,49.0,5.44,False,False,21157
Jason Staurovsky,1992,NYJ,4,3,8,5,,,,6,6,15.0,15.0,3.75,False,False,21157
Jeff Jaeger,1987,CLE,10,14,22,8,,,,33,33,75.0,75.0,7.5,False,False,10884
Jeff Jaeger,1989,RAI,16,23,34,11,,,,34,34,103.0,103.0,6.44,False,False,10884
Jeff Jaeger,1990,RAI,16,15,20,5,,,,40,42,85.0,85.0,5.31,False,False,10884
Jeff Jaeger,1991,RAI,16,29,34,5,,,,29,30,116.0,116.0,7.25,False,False,10884
Jeff Jaeger,1992,RAI,16,15,26,11,,,,28,28,73.0,73.0,4.56,False,False,10884
Jeff Jaeger,1993,RAI,16,35,44,9,,,,27,29,132.0,132.0,8.25,False,False,10884
Jeff Jaeger,1994,RAI,16,22,28,6,,,,31,31,97.0,97.0,6.06,False,False,10884
Jeff Jaeger,1995,OAK,11,13,18,5,,,,22,22,61.0,61.0,5.55,False,False,10884
Jeff Jaeger,1996,CHI,13,19,23,4,,,,23,23,80.0,80.0,6.15,False,False,10884
Jeff Jaeger,1997,CHI,16,21,26,5,,,,20,20,83.0,83.0,5.19,False,False,10884
Jeff Jaeger,1998,CHI,16,21,26,5,,,,27,28,90.0,90.0,5.62,False,False,10884
Jeff Jaeger,1999,CHI,3,2,8,6,0,1,1,7,7,13.0,13.0,4.33,False,False,10884
Jeff Wilkins,1994,PHI,16,0,0,0,,,,0,0,0.0,0.0,0.0,False,False,23954
Jeff Wilkins,1995,SFO,7,12,13,1,,,,27,29,63.0,63.0,9.0,False,False,23954
Jeff Wilkins,1996,SFO,16,30,34,4,,,,40,40,130.0,130.0,8.12,False,False,23954
Jeff Wilkins,1997,STL,16,25,37,12,,,,32,32,107.0,107.0,6.69,False,False,23954
Jeff Wilkins,1998,STL,15,20,26,6,,,,25,26,85.0,85.0,5.67,False,False,23954
Jeff Wilkins,1999,STL,16,20,28,8,,,,64,64,124.0,124.0,7.75,False,False,23954
Jim Bakken,1963,STL,14,11,21,10,,,,44,44,77.0,77.0,5.5,False,False,925
Jim Bakken,1964,STL,14,25,38,13,,,,40,40,115.0,115.0,8.21,False,False,925
Jim Bakken,1965,STL,14,21,31,10,,,,33,33,98.8,98.8,7.06,False,False,925
Jim Bakken,1966,STL,14,23,40,17,,,,27,28,96.0,96.0,6.86,False,False,925
Jim Bakken,1967,STL,14,27,39,12,,,,36,36,117.0,117.0,8.36,False,False,925
Jim Bakken,1968,STL,13,15,24,9,,,,40,40,85.0,85.0,6.54,False,False,925
Jim Bakken,1969,STL,14,12,24,12,,,,38,40,74.0,74.0,5.29,False,False,925
Jim Bakken,1970,STL,14,20,32,12,,,,37,38,97.0,97.0,6.93,False,False,925
Jim Bakken,1971,STL,14,21,32,11,,,,24,24,87.0,87.0,6.21,False,False,925
Jim Bakken,1972,STL,14,14,22,8,,,,19,21,61.0,61.0,4.36,False,False,925
Jim Bakken,1973,STL,14,23,32,9,,,,31,31,100.0,100.0,7.14,False,False,925
Jim Bakken,1974,STL,14,13,22,9,,,,30,36,69.0,69.0,4.93,False,False,925
Jim Bakken,1975,STL,14,19,24,5,,,,40,41,97.0,97.0,6.93,False,False,925
Jim Bakken,1976,STL,14,20,27,7,,,,33,35,93.0,93.0,6.64,False,False,925
Jim Bakken,1977,STL,14,7,16,9,,,,35,36,56.0,56.0,4.0,False,False,925
Jim Bakken,1978,STL,16,11,22,11,,,,27,30,60.0,60.0,3.75,False,False,925
Jim Breech,1979,OAK,16,18,27,9,,,,41,45,95.0,95.0,5.94,False,False,2320
Jim Breech,1980,CIN,4,4,7,3,,,,11,12,23.0,23.0,5.75,False,False,2320
Jim Breech,1981,CIN,16,22,32,10,,,,49,51,115.0,115.0,7.19,False,False,2320
Jim Breech,1982,CIN,9,14,18,4,,,,25,26,67.0,67.0,7.44,False,False,2320
Jim Breech,1983,CIN,16,16,23,7,,,,39,41,87.0,87.0,5.44,False,False,2320
Jim Breech,1984,CIN,16,22,31,9,,,,37,37,103.0,103.0,6.44,False,False,2320
Jim Breech,1985,CIN,16,24,33,9,,,,48,50,120.0,120.0,7.5,False,False,2320
Jim Breech,1986,CIN,16,17,32,15,,,,50,51,101.0,101.0,6.31,False,False,2320
Jim Breech,1987,CIN,12,24,30,6,,,,25,27,97.0,97.0,8.08,False,False,2320
Jim Breech,1988,CIN,16,11,16,5,,,,56,59,89.0,89.0,5.56,False,False,2320
Jim Breech,1989,CIN,12,12,14,2,,,,37,38,73.0,73.0,6.08,False,False,2320
Jim Breech,1990,CIN,16,17,21,4,,,,41,44,92.0,92.0,5.75,False,False,2320
Jim Breech,1991,CIN,16,23,29,6,,,,27,27,96.0,96.0,6.0,False,False,2320
Jim Breech,1992,CIN,16,19,27,8,,,,31,31,88.48,88.48,5.53,False,False,2320
Jim Martin,1951,DET,1,,,,,,,,,,,,False,False,14166
Jim Martin,1960,DET,12,13,24,11,,,,26,28,65.0,65.0,5.42,False,False,14166
Jim Martin,1961,DET,13,15,30,15,,,,25,26,70.0,70.0,5.38,False,False,14166
Jim Martin,1963,BAL,14,24,39,15,,,,32,35,104.0,104.0,7.43,False,False,14166
Jim Martin,1964,WAS,14,12,28,16,,,,35,39,71.0,71.0,5.07,False,False,14166
Jim O'Brien,1970,BAL,14,19,34,15,,,,36,38,95.8,96.8,6.91,False,False,16618
Jim O'Brien,1971,BAL,14,20,29,9,,,,35,36,95.0,95.0,6.79,False,False,16618
Jim O'Brien,1972,BAL,14,13,31,18,,,,24,24,102.2,113.2,8.09,False,False,16618
Jim O'Brien,1973,DET,14,8,14,6,,,,14,14,39.4,41.4,2.96,False,False,16618
Jim Turner,1964,NYJ,14,13,27,14,,,,33,33,72.3,72.3,5.16,False,False,22645
Jim Turner,1965,NYJ,14,20,34,14,,,,31,31,91.0,91.0,6.5,False,False,22645
Jim Turner,1966,NYJ,14,18,35,17,,,,34,35,88.0,88.0,6.29,False,False,22645
Jim Turner,1967,NYJ,14,17,32,15,,,,36,39,88.0,88.0,6.29,False,False,22645
Jim Turner,1968,NYJ,14,34,46,12,,,,43,43,145.0,145.0,10.36,False,False,22645
Jim Turner,1969,NYJ,14,32,47,15,,,,33,33,129.0,129.0,9.21,False,False,22645
Jim Turner,1970,NYJ,14,19,35,16,,,,28,28,85.1,85.1,6.08,False,False,22645
Jim Turner,1971,DEN,14,25,38,13,,,,18,18,93.0,93.0,6.64,False,False,22645
Jim Turner,1972,DEN,14,20,29,9,,,,37,37,97.0,97.0,6.93,False,False,22645
Jim Turner,1973,DEN,14,22,33,11,,,,40,40,104.0,104.0,7.43,False,False,22645
Jim Turner,1974,DEN,14,11,21,10,,,,35,38,68.0,68.0,4.86,False,False,22645
Jim Turner,1975,DEN,14,21,28,7,,,,23,26,86.0,86.0,6.14,False,False,22645
Jim Turner,1976,DEN,14,15,21,6,,,,36,39,81.0,81.0,5.79,False,False,22645
Jim Turner,1977,DEN,14,13,19,6,,,,31,34,78.5,79.5,5.68,False,False,22645
Jim Turner,1978,DEN,16,11,22,11,,,,31,35,63.6,64.6,4.04,False,False,22645
Jim Turner,1979,DEN,16,13,21,8,,,,32,34,71.6,72.6,4.54,False,False,22645
Joe Danelo,1975,GNB,12,11,16,5,,,,20,23,53.0,53.0,4.42,False,False,5046
Joe Danelo,1976,NYG,14,8,21,13,,,,20,21,44.0,44.0,3.14,False,False,5046
Joe Danelo,1977,NYG,14,14,23,9,,,,19,20,61.0,61.0,4.36,False,False,5046
Joe Danelo,1978,NYG,16,21,29,8,,,,27,29,90.0,90.0,5.62,False,False,5046
Joe Danelo,1979,NYG,16,9,20,11,,,,28,29,55.1,56.1,3.51,False,False,5046
Joe Danelo,1980,NYG,16,16,24,8,,,,27,28,75.0,75.0,4.69,False,False,5046
Joe Danelo,1981,NYG,16,24,38,14,,,,31,31,103.0,103.0,6.44,False,False,5046
Joe Danelo,1982,NYG,9,12,21,9,,,,18,18,54.0,54.0,6.0,False,False,5046
Joe Danelo,1983,BUF,14,10,20,10,,,,33,35,63.0,63.0,4.5,False,False,5046
Joe Danelo,1984,BUF,9,8,16,8,,,,17,17,41.0,41.0,4.56,False,False,5046
John Carney,1988,TAM,4,2,5,3,,,,6,6,12.0,12.0,3.0,False,False,3455
John Carney,1989,TAM,1,0,0,0,,,,0,0,0.0,0.0,0.0,False,False,3455
John Carney,1990,RAM/SDG,13,19,21,2,,,,27,28,84.0,84.0,6.46,False,False,3455
John Carney,1991,SDG,16,19,29,10,,,,31,31,88.0,88.0,5.5,False,False,3455
John Carney,1992,SDG,16,26,32,6,,,,35,35,113.0,113.0,7.06,False,False,3455
John Carney,1993,SDG,16,31,40,9,,,,31,33,124.0,124.0,7.75,False,False,3455
John Carney,1994,SDG,16,34,38,4,,,,33,33,135.0,135.0,8.44,False,False,3455
John Carney,1995,SDG,16,21,26,5,,,,32,33,95.0,95.0,5.94,False,False,3455
John Carney,1996,SDG,16,29,36,7,,,,31,31,118.0,118.0,7.38,False,False,3455
John Carney,1997,SDG,4,7,7,0,,,,5,5,26.0,26.0,6.5,False,False,3455
John Carney,1998,SDG,15,26,30,4,,,,19,19,97.0,97.0,6.47,False,False,3455
John Carney,1999,SDG,16,31,36,5,21,9,1,22,23,115.0,115.0,7.19,False,False,3455
John Hall,1997,NYJ,16,28,41,13,,,,36,36,120.0,120.0,7.5,False,False,8815
John Hall,1998,NYJ,16,25,35,10,,,,45,46,120.0,120.0,7.5,False,False,8815
John Hall,1999,NYJ,16,27,33,6,20,7,0,27,29,108.0,108.0,6.75,False,False,8815
John Kasay,1991,SEA,16,25,31,6,,,,27,28,102.0,102.0,6.38,False,False,11929
John Kasay,1992,SEA,16,14,22,8,,,,14,14,56.0,56.0,3.5,False,False,11929
John Kasay,1993,SEA,16,23,28,5,,,,29,29,98.0,98.0,6.12,False,False,11929
John Kasay,1994,SEA,16,20,24,4,,,,25,26,85.0,85.0,5.31,False,False,11929
John Kasay,1995,CAR,16,26,33,7,,,,27,28,105.0,105.0,6.56,False,False,11929
John Kasay,1996,CAR,16,37,45,8,,,,34,35,145.0,145.0,9.06,False,False,11929
John Kasay,1997,CAR,16,22,26,4,,,,25,25,91.0,91.0,5.69,False,False,11929
John Kasay,1998,CAR,16,19,26,7,,,,35,37,92.0,92.0,5.75,False,False,11929
John Kasay,1999,CAR,13,22,25,3,15,5,2,33,33,99.0,99.0,7.62,False,False,11929
John Leypoldt,1971,BUF,14,9,15,6,,,,12,12,39.0,39.0,2.79,False,False,13341
John Leypoldt,1972,BUF,14,16,24,8,,,,29,30,77.0,77.0,5.5,False,False,13341
John Leypoldt,1973,BUF,14,21,30,9,,,,27,27,90.0,90.0,6.43,False,False,13341
John Leypoldt,1974,BUF,14,19,33,14,,,,25,29,82.0,82.0,5.86,False,False,13341
John Leypoldt,1975,BUF,14,9,16,7,,,,51,57,78.0,78.0,5.57,False,False,13341
John Leypoldt,1976,BUF/SEA,12,8,15,7,,,,22,25,46.0,46.0,3.83,False,False,13341
John Leypoldt,1977,SEA,13,9,18,9,,,,33,37,60.0,60.0,4.62,False,False,13341
John Leypoldt,1978,NOR/SEA,3,2,3,1,,,,4,5,10.0,10.0,3.33,False,False,13341
John Smith,1974,NWE,14,16,22,6,,,,42,43,90.0,90.0,6.43,False,False,20668
John Smith,1975,NWE,14,9,17,8,,,,33,33,60.0,60.0,4.29,False,False,20668
John Smith,1976,NWE,14,15,25,10,,,,42,46,87.0,87.0,6.21,False,False,20668
John Smith,1977,NWE,14,15,21,6,,,,33,33,78.0,78.0,5.57,False,False,20668
John Smith,1978,NWE,3,1,1,0,,,,6,7,9.0,9.0,3.0,False,False,20668
John Smith,1979,NWE,16,23,33,10,,,,46,49,115.0,115.0,7.19,False,False,20668
John Smith,1980,NWE,16,26,34,8,,,,51,51,129.0,129.0,8.06,False,False,20668
John Smith,1981,NWE,16,15,24,9,,,,37,39,82.0,82.0,5.12,False,False,20668
John Smith,1982,NWE,4,5,8,3,,,,6,7,21.0,21.0,5.25,False,False,20668
John Smith,1983,NWE,5,3,6,3,,,,12,15,21.0,21.0,4.2,False,False,20668
Ken Willis,1990,DAL,16,18,25,7,,,,26,26,80.0,80.0,5.0,False,False,24316
Ken Willis,1991,DAL,16,27,39,12,,,,37,37,118.0,118.0,7.38,False,False,24316
Ken Willis,1992,TAM/NYG,15,10,16,6,,,,27,27,57.0,57.0,3.8,False,False,24316
Kevin Butler,1985,CHI,16,31,37,6,,,,51,51,144.0,144.0,9.0,False,False,3165
Kevin Butler,1986,CHI,16,28,41,13,,,,36,37,120.0,120.0,7.5,False,False,3165
Kevin Butler,1987,CHI,12,19,28,9,,,,28,30,85.0,85.0,7.08,False,False,3165
Kevin Butler,1988,CHI,16,15,19,4,,,,37,38,82.0,82.0,5.12,False,False,3165
Kevin Butler,1989,CHI,16,15,19,4,,,,43,45,88.0,88.0,5.5,False,False,3165
Kevin Butler,1990,CHI,16,26,37,11,,,,36,37,114.0,114.0,7.12,False,False,3165
Kevin Butler,1991,CHI,16,19,29,10,,,,32,34,89.0,89.0,5.56,False,False,3165
Kevin Butler,1992,CHI,16,19,26,7,,,,34,34,91.0,91.0,5.69,False,False,3165
Kevin Butler,1993,CHI,16,27,36,9,,,,21,22,102.0,102.0,6.38,False,False,3165
Kevin Butler,1994,CHI,15,21,29,8,,,,24,24,87.0,87.0,5.8,False,False,3165
Kevin Butler,1995,CHI,16,23,31,8,,,,45,45,114.0,114.0,7.12,False,False,3165
Kevin Butler,1996,ARI,7,14,17,3,,,,17,19,59.0,59.0,8.43,False,False,3165
Kevin Butler,1997,ARI,6,8,12,4,,,,9,10,33.0,33.0,5.5,False,False,3165
Lin Elliott,1992,DAL,16,24,35,11,,,,47,48,119.0,119.0,7.44,False,False,6385
Lin Elliott,1993,DAL,2,2,4,2,,,,2,3,8.0,8.0,4.0,False,False,6385
Lin Elliott,1994,KAN,16,25,30,5,,,,30,30,105.0,105.0,6.56,False,False,6385
Lin Elliott,1995,KAN,16,24,30,6,,,,34,37,106.0,106.0,6.62,False,False,6385
Lou Groza,1950,CLE,2,,,,,,,,,,,,True,True,8600
Lou Groza,1961,CLE,14,16,23,7,,,,37,38,85.0,85.0,6.07,True,True,8600
Lou Groza,1962,CLE,14,14,31,17,,,,33,35,75.0,75.0,5.36,True,True,8600
Lou Groza,1963,CLE,14,15,23,8,,,,40,43,83.0,83.0,5.93,True,True,8600
Lou Groza,1964,CLE,14,22,33,11,,,,49,49,115.0,115.0,8.21,True,True,8600
Lou Groza,1965,CLE,14,16,25,9,,,,45,45,93.0,93.0,6.64,True,True,8600
Lou Groza,1966,CLE,14,9,23,14,,,,51,52,77.72,77.72,5.55,True,True,8600
Lou Groza,1967,CLE,14,11,23,12,,,,43,43,76.0,76.0,5.43,True,True,8600
Lou Michaels,1960,RAM,4,2,3,1,,,,1,1,7.0,7.0,1.75,False,False,15199
Lou Michaels,1961,PIT,12,15,26,11,,,,27,29,72.0,72.0,6.0,False,False,15199
Lou Michaels,1962,PIT,14,26,42,16,,,,32,33,110.0,110.0,7.86,False,False,15199
Lou Michaels,1963,PIT,14,21,41,20,,,,32,35,95.0,95.0,6.79,False,False,15199
Lou Michaels,1964,BAL,14,17,35,18,,,,53,54,104.0,104.0,7.43,False,False,15199
Lou Michaels,1965,BAL,14,17,28,11,,,,48,48,99.0,99.0,7.07,False,False,15199
Lou Michaels,1966,BAL,14,21,39,18,,,,35,36,98.0,98.0,7.0,False,False,15199
Lou Michaels,1967,BAL,14,20,37,17,,,,46,48,106.0,106.0,7.57,False,False,15199
Lou Michaels,1968,BAL,14,18,28,10,,,,48,50,102.0,102.0,7.29,False,False,15199
Lou Michaels,1969,BAL,14,14,31,17,,,,33,34,75.0,75.0,5.36,False,False,15199
Lou Michaels,1971,GNB,10,8,14,6,,,,19,20,43.0,43.0,4.3,False,False,15199
Mac Percival,1967,CHI,14,13,26,13,,,,26,29,65.0,65.0,4.64,False,False,17364
Mac Percival,1968,CHI,13,25,36,11,,,,25,25,100.0,100.0,7.69,False,False,17364
Mac Percival,1969,CHI,14,8,21,13,,,,26,26,50.0,50.0,3.57,False,False,17364
Mac Percival,1970,CHI,14,20,34,14,,,,28,28,89.9,90.9,6.49,False,False,17364
Mac Percival,1971,CHI,14,15,33,18,,,,18,18,63.0,63.0,4.5,False,False,17364
Mac Percival,1972,CHI,14,12,24,12,,,,26,26,62.0,62.0,4.43,False,False,17364
Mac Percival,1973,CHI,4,6,8,2,,,,10,10,28.0,28.0,7.0,False,False,17364
Mac Percival,1974,DAL,3,2,8,6,,,,4,5,10.0,10.0,3.33,False,False,17364
Mark Moseley,1970,PHI,14,14,25,11,,,,25,28,67.0,67.0,4.79,False,False,15900
Mark Moseley,1971,HOU,12,16,26,10,,,,25,27,73.0,73.0,6.08,False,False,15900
Mark Moseley,1972,HOU,1,1,2,1,,,,2,2,5.0,5.0,5.0,False,False,15900
Mark Moseley,1974,WAS,13,18,30,12,,,,27,29,81.0,81.0,6.23,False,False,15900
Mark Moseley,1975,WAS,14,16,25,9,,,,37,39,85.0,85.0,6.07,False,False,15900
Mark Moseley,1976,WAS,14,22,34,12,,,,31,32,97.0,97.0,6.93,False,False,15900
Mark Moseley,1977,WAS,14,21,37,16,,,,19,19,82.0,82.0,5.86,False,False,15900
Mark Moseley,1978,WAS,16,19,30,11,,,,30,31,87.0,87.0,5.44,False,False,15900
Mark Moseley,1979,WAS,16,25,33,8,,,,39,39,114.0,114.0,7.12,False,False,15900
Mark Moseley,1980,WAS,16,18,33,15,,,,27,30,81.0,81.0,5.06,False,False,15900
Mark Moseley,1981,WAS,16,19,30,11,,,,38,42,95.0,95.0,5.94,False,False,15900
Mark Moseley,1982,WAS,9,20,21,1,,,,16,19,76.0,76.0,8.44,False,False,15900
Mark Moseley,1983,WAS,16,33,47,14,,,,62,63,161.0,161.0,10.06,False,False,15900
Mark Moseley,1984,WAS,16,24,31,7,,,,48,51,120.0,120.0,7.5,False,False,15900
Mark Moseley,1985,WAS,16,22,34,12,,,,31,33,97.0,97.0,6.06,False,False,15900
Mark Moseley,1986,WAS/CLE,10,12,19,7,,,,25,28,61.0,61.0,6.1,False,False,15900
Matt Bahr,1979,PIT,16,18,30,12,,,,50,52,104.0,104.0,6.5,False,False,836
Matt Bahr,1980,PIT,16,19,28,9,,,,39,42,96.0,96.0,6.0,False,False,836
Matt Bahr,1981,SFO/CLE,15,15,26,11,,,,34,34,79.0,79.0,5.27,False,False,836
Matt Bahr,1982,CLE,9,7,15,8,,,,17,17,38.0,38.0,4.22,False,False,836
Matt Bahr,1983,CLE,16,21,24,3,,,,38,40,101.0,101.0,6.31,False,False,836
Matt Bahr,1984,CLE,16,24,32,8,,,,25,25,97.0,97.0,6.06,False,False,836
Matt Bahr,1985,CLE,16,14,18,4,,,,35,35,77.0,77.0,4.81,False,False,836
Matt Bahr,1986,CLE,12,20,26,6,,,,30,30,90.0,90.0,7.5,False,False,836
Matt Bahr,1987,CLE,3,4,5,1,,,,9,10,21.0,21.0,7.0,False,False,836
Matt Bahr,1988,CLE,16,24,29,5,,,,32,33,103.2,103.2,6.45,False,False,836
Matt Bahr,1989,CLE,16,16,24,8,,,,40,40,88.0,88.0,5.5,False,False,836
Matt Bahr,1990,NYG,13,17,23,6,,,,29,30,80.0,80.0,6.15,False,False,836
Matt Bahr,1991,NYG,13,22,29,7,,,,24,25,90.0,90.0,6.92,False,False,836
Matt Bahr,1992,NYG,12,16,21,5,,,,29,29,77.0,77.0,6.42,False,False,836
Matt Bahr,1993,PHI/NWE,14,13,18,5,,,,28,29,67.0,67.0,4.79,False,False,836
Matt Bahr,1994,NWE,16,27,34,7,,,,36,36,117.0,117.0,7.31,False,False,836
Matt Bahr,1995,NWE,16,23,33,10,,,,27,27,96.0,96.0,6.0,False,False,836
Matt Stover,1991,CLE,16,16,22,6,,,,33,34,81.0,81.0,5.06,False,False,21399
Matt Stover,1992,CLE,16,21,29,8,,,,29,30,90.0,90.0,5.62,False,False,21399
Matt Stover,1993,CLE,16,16,22,6,,,,36,36,84.0,84.0,5.25,False,False,21399
Matt Stover,1994,CLE,16,26,28,2,,,,32,32,110.0,110.0,6.88,False,False,21399
Matt Stover,1995,CLE,16,29,33,4,,,,26,26,113.0,113.0,7.06,False,False,21399
Matt Stover,1996,BAL,16,19,25,6,,,,34,35,91.0,91.0,5.69,False,False,21399
Matt Stover,1997,BAL,16,26,34,8,,,,32,32,110.0,110.0,6.88,False,False,21399
Matt Stover,1998,BAL,16,21,28,7,,,,24,24,87.0,87.0,5.44,False,False,21399
Matt Stover,1999,BAL,16,28,33,5,,,,32,32,116.0,116.0,7.25,False,False,21399
Michael Husted,1993,TAM,16,16,22,6,,,,27,27,75.0,75.0,4.69,False,False,10560
Michael Husted,1994,TAM,16,23,35,12,,,,20,20,89.0,89.0,5.56,False,False,10560
Michael Husted,1995,TAM,16,19,26,7,,,,25,25,82.0,82.0,5.12,False,False,10560
Michael Husted,1996,TAM,16,25,32,7,,,,18,19,93.0,93.0,5.81,False,False,10560
Michael Husted,1997,TAM,16,13,17,4,,,,32,35,71.0,71.0,4.44,False,False,10560
Michael Husted,1998,TAM,16,21,28,7,,,,29,30,94.0,94.0,5.88,False,False,10560
Michael Husted,1999,OAK,13,20,31,11,12,8,0,30,30,90.0,90.0,6.92,False,False,10560
Mick Luckhurst,1981,ATL,16,21,33,12,,,,51,51,114.0,114.0,7.12,False,False,13677
Mick Luckhurst,1982,ATL,9,10,14,4,,,,21,22,51.0,51.0,5.67,False,False,13677
Mick Luckhurst,1983,ATL,16,17,22,5,,,,43,45,94.0,94.0,5.88,False,False,13677
Mick Luckhurst,1984,ATL,16,20,27,7,,,,31,31,91.0,91.0,5.69,False,False,13677
Mick Luckhurst,1985,ATL,16,24,31,7,,,,29,29,101.0,101.0,6.31,False,False,13677
Mick Luckhurst,1986,ATL,10,14,24,10,,,,21,21,63.0,63.0,6.3,False,False,13677
Mick Luckhurst,1987,ATL,12,9,13,4,,,,17,17,44.0,44.0,3.67,False,False,13677
Mike Clark,1963,PHI,14,7,15,8,,,,29,32,50.0,50.0,3.57,False,False,3989
Mike Clark,1964,PIT,14,13,25,12,,,,28,31,67.0,67.0,4.79,False,False,3989
Mike Clark,1965,PIT,14,11,19,8,,,,19,24,52.0,52.0,3.71,False,False,3989
Mike Clark,1966,PIT,14,21,32,11,,,,34,34,97.0,97.0,6.93,False,False,3989
Mike Clark,1967,PIT,14,12,22,10,,,,35,35,71.0,71.0,5.07,False,False,3989
Mike Clark,1968,DAL,14,17,29,12,,,,54,54,105.0,105.0,7.5,False,False,3989
Mike Clark,1969,DAL,14,20,36,16,,,,43,44,103.0,103.0,7.36,False,False,3989
Mike Clark,1970,DAL,13,18,27,9,,,,35,35,89.0,89.0,6.85,False,False,3989
Mike Clark,1971,DAL,12,13,25,12,,,,47,47,86.0,86.0,7.17,False,False,3989
Mike Clark,1973,DAL,4,1,2,1,,,,1,2,4.0,4.0,1.0,False,False,3989
Mike Cofer,1987,NOR,2,1,1,0,,,,5,7,8.0,8.0,4.0,False,False,4167
Mike Cofer,1988,SFO,16,27,38,11,,,,40,41,121.0,121.0,7.56,False,False,4167
Mike Cofer,1989,SFO,16,29,36,7,,,,49,51,136.0,136.0,8.5,False,False,4167
Mike Cofer,1990,SFO,16,24,36,12,,,,39,39,111.0,111.0,6.94,False,False,4167
Mike Cofer,1991,SFO,16,14,28,14,,,,49,50,91.0,91.0,5.69,False,False,4167
Mike Cofer,1992,SFO,16,18,27,9,,,,53,54,107.0,107.0,6.69,False,False,4167
Mike Cofer,1993,SFO,16,16,26,10,,,,59,61,107.0,107.0,6.69,False,False,4167
Mike Cofer,1995,IND,4,4,9,5,,,,9,9,21.0,21.0,5.25,False,False,4167
Mike Hollis,1995,JAX,16,20,27,7,,,,27,28,87.0,87.0,5.44,False,False,10088
Mike Hollis,1996,JAX,16,30,36,6,,,,27,27,117.0,117.0,7.31,False,False,10088
Mike Hollis,1997,JAX,16,31,36,5,,,,41,41,134.0,134.0,8.38,False,False,10088
Mike Hollis,1998,JAX,16,21,26,5,,,,45,45,108.0,108.0,6.75,False,False,10088
Mike Hollis,1999,JAX,16,31,38,7,20,10,1,37,37,130.0,130.0,8.12,False,False,10088
Mike Lansford,1982,RAM,9,9,15,6,,,,23,24,50.0,50.0,5.56,False,False,12882
Mike Lansford,1983,RAM,4,6,9,3,,,,9,9,27.0,27.0,6.75,False,False,12882
Mike Lansford,1984,RAM,16,25,33,8,,,,37,38,112.0,112.0,7.0,False,False,12882
Mike Lansford,1985,RAM,16,22,29,7,,,,38,39,104.0,104.0,6.5,False,False,12882
Mike Lansford,1986,RAM,16,17,24,7,,,,34,35,85.0,85.0,5.31,False,False,12882
Mike Lansford,1987,RAM,15,17,21,4,,,,36,38,87.0,87.0,5.8,False,False,12882
Mike Lansford,1988,RAM,16,24,32,8,,,,45,48,117.0,117.0,7.31,False,False,12882
Mike Lansford,1989,RAM,16,23,30,7,,,,51,51,120.0,120.0,7.5,False,False,12882
Mike Lansford,1990,RAM,16,15,24,9,,,,42,43,87.0,87.0,5.44,False,False,12882
Mike Mercer,1961,MIN,14,9,21,12,,,,36,37,59.8,59.8,4.27,False,False,15123
Mike Mercer,1962,MIN,4,0,5,5,,,,3,3,3.0,3.0,0.75,False,False,15123
Mike Mercer,1963,OAK,14,8,21,13,,,,47,47,70.5,70.5,5.04,False,False,15123
Mike Mercer,1964,OAK,14,15,24,9,,,,34,34,79.0,79.0,5.64,False,False,15123
Mike Mercer,1965,OAK,14,9,15,6,,,,35,35,62.46,62.46,4.46,False,False,15123
Mike Mercer,1966,OAK/KAN,12,21,30,9,,,,35,38,98.0,98.0,8.17,False,False,15123
Mike Mercer,1967,BUF,14,16,27,11,,,,25,25,73.0,73.0,5.21,False,False,15123
Mike Mercer,1968,BUF/GNB,8,7,16,9,,,,16,18,37.0,37.0,4.62,False,False,15123
Mike Mercer,1969,GNB,10,5,17,12,,,,23,23,38.0,38.0,3.8,False,False,15123
Mike Mercer,1970,SDG,14,12,19,7,,,,34,35,70.0,70.0,5.0,False,False,15123
Mike Vanderjagt,1998,IND,14,27,31,4,,,,23,23,104.0,104.0,7.43,False,False,22843
Mike Vanderjagt,1999,IND,16,34,38,4,23,10,1,43,43,145.0,145.0,9.06,False,False,22843
Morten Andersen,1982,NOR,8,2,5,3,,,,6,6,12.0,12.0,1.5,True,True,399
Morten Andersen,1983,NOR,16,18,24,6,,,,37,38,91.0,91.0,5.69,True,True,399
Morten Andersen,1984,NOR,16,20,27,7,,,,34,34,94.0,94.0,5.88,True,True,399
Morten Andersen,1985,NOR,16,31,35,4,,,,27,29,120.0,120.0,7.5,True,True,399
Morten Andersen,1986,NOR,16,26,30,4,,,,30,30,108.0,108.0,6.75,True,True,399
Morten Andersen,1987,NOR,12,28,36,8,,,,37,37,121.0,121.0,10.08,True,True,399
Morten Andersen,1988,NOR,16,26,36,10,,,,32,33,110.0,110.0,6.88,True,True,399
Morten Andersen,1989,NOR,16,20,29,9,,,,44,45,104.0,104.0,6.5,True,True,399
Morten Andersen,1990,NOR,16,21,27,6,,,,29,29,92.0,92.0,5.75,True,True,399
Morten Andersen,1991,NOR,16,25,32,7,,,,38,38,113.0,113.0,7.06,True,True,399
Morten Andersen,1992,NOR,16,29,34,5,,,,33,34,120.0,120.0,7.5,True,True,399
Morten Andersen,1993,NOR,16,28,35,7,,,,33,33,117.0,117.0,7.31,True,True,399
Morten Andersen,1994,NOR,16,28,39,11,,,,32,32,116.0,116.0,7.25,True,True,399
Morten Andersen,1995,ATL,16,31,37,6,,,,29,30,122.0,122.0,7.62,True,True,399
Morten Andersen,1996,ATL,16,22,29,7,,,,31,31,97.0,97.0,6.06,True,True,399
Morten Andersen,1997,ATL,16,23,27,4,,,,35,35,104.0,104.0,6.5,True,True,399
Morten Andersen,1998,ATL,16,23,28,5,,,,51,52,120.0,120.0,7.5,True,True,399
Morten Andersen,1999,ATL,16,15,21,6,11,4,0,34,34,79.0,79.0,4.94,True,True,399
Neil O'Donoghue,1977,BUF,5,2,6,4,,,,4,5,10.0,10.0,2.0,False,False,16642
Neil O'Donoghue,1978,TAM,15,13,23,10,,,,25,29,64.0,64.0,4.27,False,False,16642
Neil O'Donoghue,1979,TAM,16,11,19,8,,,,30,35,63.0,63.0,3.94,False,False,16642
Neil O'Donoghue,1980,STL,10,11,15,4,,,,18,18,51.0,51.0,5.1,False,False,16642
Neil O'Donoghue,1981,STL,16,19,32,13,,,,36,37,93.0,93.0,5.81,False,False,16642
Neil O'Donoghue,1982,STL,8,8,13,5,,,,15,16,39.0,39.0,4.88,False,False,16642
Neil O'Donoghue,1983,STL,16,15,28,13,,,,45,47,90.0,90.0,5.62,False,False,16642
Neil O'Donoghue,1984,STL,16,23,35,12,,,,48,51,117.0,117.0,7.31,False,False,16642
Neil O'Donoghue,1985,STL,16,10,18,8,,,,19,19,49.0,49.0,3.06,False,False,16642
Nick Lowery,1978,NWE,2,0,1,1,,,,7,7,7.0,7.0,3.5,False,True,13645
Nick Lowery,1980,KAN,16,20,26,6,,,,37,37,97.0,97.0,6.06,False,True,13645
Nick Lowery,1981,KAN,16,26,36,10,,,,37,38,115.0,115.0,7.19,False,True,13645
Nick Lowery,1982,KAN,9,19,24,5,,,,17,17,74.0,74.0,8.22,False,True,13645
Nick Lowery,1983,KAN,16,24,30,6,,,,44,45,116.0,116.0,7.25,False,True,13645
Nick Lowery,1984,KAN,16,23,33,10,,,,35,35,104.0,104.0,6.5,False,True,13645
Nick Lowery,1985,KAN,16,24,27,3,,,,35,35,107.0,107.0,6.69,False,True,13645
Nick Lowery,1986,KAN,16,19,26,7,,,,43,43,100.0,100.0,6.25,False,True,13645
Nick Lowery,1987,KAN,12,19,23,4,,,,26,26,83.0,83.0,6.92,False,True,13645
Nick Lowery,1988,KAN,16,27,32,5,,,,23,23,104.0,104.0,6.5,False,True,13645
Nick Lowery,1989,KAN,16,24,33,9,,,,34,35,106.0,106.0,6.62,False,True,13645
Nick Lowery,1990,KAN,16,34,37,3,,,,37,38,139.0,139.0,8.69,False,True,13645
Nick Lowery,1991,KAN,16,25,30,5,,,,35,35,110.0,110.0,6.88,False,True,13645
Nick Lowery,1992,KAN,15,22,24,2,,,,39,39,105.0,105.0,7.0,False,True,13645
Nick Lowery,1993,KAN,16,23,29,6,,,,37,37,106.0,106.0,6.62,False,True,13645
Nick Lowery,1994,NYJ,16,20,23,3,,,,26,27,86.0,86.0,5.38,False,True,13645
Nick Lowery,1995,NYJ,14,17,21,4,,,,24,24,75.0,75.0,5.36,False,True,13645
Nick Lowery,1996,NYJ,16,17,24,7,,,,26,27,77.0,77.0,4.81,False,True,13645
Nick Mike-Mayer,1973,ATL,14,26,38,12,,,,34,34,112.0,112.0,8.0,False,False,15238
Nick Mike-Mayer,1974,ATL,14,9,16,7,,,,12,12,39.0,39.0,2.79,False,False,15238
Nick Mike-Mayer,1975,ATL,14,4,10,6,,,,30,33,42.0,42.0,3.0,False,False,15238
Nick Mike-Mayer,1976,ATL,14,10,21,11,,,,20,20,50.0,50.0,3.57,False,False,15238
Nick Mike-Mayer,1977,ATL/PHI,10,10,22,12,,,,14,14,44.0,44.0,4.4,False,False,15238
Nick Mike-Mayer,1978,PHI,12,8,17,9,,,,21,22,45.0,45.0,3.75,False,False,15238
Nick Mike-Mayer,1979,BUF,16,20,29,9,,,,17,18,77.4,77.4,4.84,False,False,15238
Nick Mike-Mayer,1980,BUF,16,13,23,10,,,,37,39,76.0,76.0,4.75,False,False,15238
Nick Mike-Mayer,1981,BUF,16,14,24,10,,,,37,37,79.0,79.0,4.94,False,False,15238
Nick Mike-Mayer,1982,BUF,2,1,4,3,,,,4,5,7.0,7.0,3.5,False,False,15238
Norm Johnson,1982,SEA,9,10,14,4,,,,13,14,44.08,44.08,4.9,False,False,11378
Norm Johnson,1983,SEA,16,18,25,7,,,,49,50,103.0,103.0,6.44,False,False,11378
Norm Johnson,1984,SEA,16,20,24,4,,,,50,51,110.0,110.0,6.88,False,False,11378
Norm Johnson,1985,SEA,16,14,25,11,,,,40,41,82.0,82.0,5.12,False,False,11378
Norm Johnson,1986,SEA,16,22,35,13,,,,42,42,108.0,108.0,6.75,False,False,11378
Norm Johnson,1987,SEA,13,15,20,5,,,,40,40,85.0,85.0,6.54,False,False,11378
Norm Johnson,1988,SEA,16,22,28,6,,,,39,39,105.0,105.0,6.56,False,False,11378
Norm Johnson,1989,SEA,16,15,25,10,,,,27,27,72.0,72.0,4.5,False,False,11378
Norm Johnson,1990,SEA,16,23,32,9,,,,33,34,102.0,102.0,6.38,False,False,11378
Norm Johnson,1991,ATL,14,19,23,4,,,,38,39,95.0,95.0,6.79,False,False,11378
Norm Johnson,1992,ATL,16,18,22,4,,,,39,39,93.0,93.0,5.81,False,False,11378
Norm Johnson,1993,ATL,15,26,27,1,,,,34,34,112.0,112.0,7.47,False,False,11378
Norm Johnson,1994,ATL,16,21,25,4,,,,32,32,95.0,95.0,5.94,False,False,11378
Norm Johnson,1995,PIT,16,34,41,7,,,,39,39,141.0,141.0,8.81,False,False,11378
Norm Johnson,1996,PIT,16,23,30,7,,,,37,37,106.0,106.0,6.62,False,False,11378
Norm Johnson,1997,PIT,16,22,25,3,,,,40,40,106.0,106.0,6.62,False,False,11378
Norm Johnson,1998,PIT,15,26,31,5,,,,21,21,99.0,99.0,6.6,False,False,11378
Norm Johnson,1999,PHI,15,18,25,7,,,,25,25,79.0,79.0,5.27,False,False,11378
Olindo Mare,1997,MIA,16,28,36,8,,,,33,33,117.0,117.0,7.31,False,False,14037
Olindo Mare,1998,MIA,16,22,27,5,,,,33,34,99.0,99.0,6.19,False,False,14037
Olindo Mare,1999,MIA,16,39,46,7,27,9,3,27,27,144.0,144.0,9.0,False,False,14037
Pat Leahy,1974,NYJ,6,6,11,5,,,,18,19,36.0,36.0,6.0,False,False,13035
Pat Leahy,1975,NYJ,14,13,21,8,,,,27,30,66.0,66.0,4.71,False,False,13035
Pat Leahy,1976,NYJ,14,11,16,5,,,,16,20,49.0,49.0,3.5,False,False,13035
Pat Leahy,1977,NYJ,14,15,25,10,,,,18,21,63.0,63.0,4.5,False,False,13035
Pat Leahy,1978,NYJ,16,22,30,8,,,,41,42,107.0,107.0,6.69,False,False,13035
Pat Leahy,1979,NYJ,6,8,13,5,,,,12,15,36.0,36.0,6.0,False,False,13035
Pat Leahy,1980,NYJ,16,14,22,8,,,,36,36,78.0,78.0,4.88,False,False,13035
Pat Leahy,1981,NYJ,16,25,36,11,,,,38,39,113.0,113.0,7.06,False,False,13035
Pat Leahy,1982,NYJ,9,11,17,6,,,,26,31,59.0,59.0,6.56,False,False,13035
Pat Leahy,1983,NYJ,16,16,24,8,,,,36,37,84.0,84.0,5.25,False,False,13035
Pat Leahy,1984,NYJ,16,17,24,7,,,,38,39,89.0,89.0,5.56,False,False,13035
Pat Leahy,1985,NYJ,16,26,34,8,,,,43,45,121.0,121.0,7.56,False,False,13035
Pat Leahy,1986,NYJ,16,16,19,3,,,,44,44,92.0,92.0,5.75,False,False,13035
Pat Leahy,1987,NYJ,12,18,22,4,,,,31,31,85.0,85.0,7.08,False,False,13035
Pat Leahy,1988,NYJ,16,23,28,5,,,,43,43,113.0,113.0,7.06,False,False,13035
Pat Leahy,1989,NYJ,16,14,21,7,,,,29,30,71.0,71.0,4.44,False,False,13035
Pat Leahy,1990,NYJ,16,23,26,3,,,,32,32,101.0,101.0,6.31,False,False,13035
Pat Leahy,1991,NYJ,15,26,37,11,,,,30,30,108.0,108.0,7.2,False,False,13035
Paul McFadden,1984,PHI,16,30,37,7,,,,26,27,116.0,116.0,7.25,False,False,14731
Paul McFadden,1985,PHI,16,25,30,5,,,,29,29,104.0,104.0,6.5,False,False,14731
Paul McFadden,1986,PHI,16,20,31,11,,,,26,27,86.0,86.0,5.38,False,False,14731
Paul McFadden,1987,PHI,12,16,26,10,,,,36,36,84.0,84.0,7.0,False,False,14731
Paul McFadden,1988,NYG,10,14,19,5,,,,25,27,67.0,67.0,6.7,False,False,14731
Paul McFadden,1989,ATL,16,15,20,5,,,,18,18,63.0,63.0,3.94,False,False,14731
Pete Gogolak,1964,BUF,14,19,29,10,,,,45,46,102.0,102.0,7.29,False,False,8024
Pete Gogolak,1965,BUF,14,28,46,18,,,,31,31,115.0,115.0,8.21,False,False,8024
Pete Gogolak,1966,NYG,14,16,28,12,,,,29,31,77.0,77.0,5.5,False,False,8024
Pete Gogolak,1967,NYG,9,6,10,4,,,,28,29,46.0,46.0,5.11,False,False,8024
Pete Gogolak,1968,NYG,13,14,24,10,,,,36,36,78.0,78.0,6.0,False,False,8024
Pete Gogolak,1969,NYG,14,11,21,10,,,,33,33,66.0,66.0,4.71,False,False,8024
Pete Gogolak,1970,NYG,14,25,41,16,,,,32,32,107.0,107.0,7.64,False,False,8024
Pete Gogolak,1971,NYG,14,6,17,11,,,,30,30,48.0,48.0,3.43,False,False,8024
Pete Gogolak,1972,NYG,14,21,31,10,,,,34,38,97.0,97.0,6.93,False,False,8024
Pete Gogolak,1973,NYG,14,17,28,11,,,,25,25,76.0,76.0,5.43,False,False,8024
Pete Gogolak,1974,NYG,14,10,19,9,,,,21,23,51.0,51.0,3.64,False,False,8024
Pete Stoyanovich,1989,MIA,16,19,26,7,,,,38,39,95.0,95.0,5.94,False,False,21404
Pete Stoyanovich,1990,MIA,16,21,25,4,,,,37,37,100.0,100.0,6.25,False,False,21404
Pete Stoyanovich,1991,MIA,14,31,37,6,,,,28,29,121.0,121.0,8.64,False,False,21404
Pete Stoyanovich,1992,MIA,16,30,37,7,,,,34,36,124.0,124.0,7.75,False,False,21404
Pete Stoyanovich,1993,MIA,16,24,32,8,,,,37,37,109.0,109.0,6.81,False,False,21404
Pete Stoyanovich,1994,MIA,16,24,31,7,,,,35,35,107.0,107.0,6.69,False,False,21404
Pete Stoyanovich,1995,MIA,16,27,34,7,,,,37,37,118.0,118.0,7.38,False,False,21404
Pete Stoyanovich,1996,KAN,16,17,24,7,,,,34,34,85.0,85.0,5.31,False,False,21404
Pete Stoyanovich,1997,KAN,16,26,27,1,,,,35,36,113.0,113.0,7.06,False,False,21404
Pete Stoyanovich,1998,KAN,16,27,32,5,,,,34,34,115.0,115.0,7.19,False,False,21404
Pete Stoyanovich,1999,KAN,16,21,28,7,13,7,1,45,45,108.0,108.0,6.75,False,False,21404
Rafael Septien,1977,RAM,14,18,30,12,,,,32,35,86.0,86.0,6.14,False,False,19941
Rafael Septien,1978,DAL,16,16,26,10,,,,46,47,94.0,94.0,5.88,False,False,19941
Rafael Septien,1979,DAL,16,19,29,10,,,,40,44,97.0,97.0,6.06,False,False,19941
Rafael Septien,1980,DAL,16,11,17,6,,,,59,60,92.0,92.0,5.75,False,False,19941
Rafael Septien,1981,DAL,16,27,35,8,,,,40,40,121.0,121.0,7.56,False,False,19941
Rafael Septien,1982,DAL,9,10,14,4,,,,28,28,58.0,58.0,6.44,False,False,19941
Rafael Septien,1983,DAL,16,22,27,5,,,,57,59,123.0,123.0,7.69,False,False,19941
Rafael Septien,1984,DAL,16,23,29,6,,,,33,34,102.0,102.0,6.38,False,False,19941
Rafael Septien,1985,DAL,16,19,28,9,,,,42,43,99.0,99.0,6.19,False,False,19941
Rafael Septien,1986,DAL,16,15,21,6,,,,43,43,88.0,88.0,5.5,False,False,19941
Raul Allegre,1983,BAL,16,30,35,5,,,,22,24,112.0,112.0,7.0,False,False,266
Raul Allegre,1984,IND,12,11,18,7,,,,14,14,47.0,47.0,3.92,False,False,266
Raul Allegre,1985,IND,16,16,26,10,,,,36,39,84.0,84.0,5.25,False,False,266
Raul Allegre,1986,NYG,13,24,32,8,,,,33,33,105.0,105.0,8.08,False,False,266
Raul Allegre,1987,NYG,12,17,27,10,,,,25,26,76.0,76.0,6.33,False,False,266
Raul Allegre,1988,NYG,6,10,11,1,,,,14,14,44.0,44.0,7.33,False,False,266
Raul Allegre,1989,NYG,10,20,26,6,,,,23,24,83.0,83.0,8.3,False,False,266
Raul Allegre,1990,NYG,3,4,5,1,,,,9,9,21.0,21.0,7.0,False,False,266
Raul Allegre,1991,NYG/NYJ,4,5,6,1,,,,7,7,22.0,22.0,5.5,False,False,266
Ray Wersching,1973,SDG,14,11,25,14,,,,13,15,46.0,46.0,3.29,False,False,23633
Ray Wersching,1974,SDG,14,5,11,6,,,,0,0,15.0,15.0,1.07,False,False,23633
Ray Wersching,1975,SDG,14,12,24,12,,,,20,21,56.0,56.0,4.0,False,False,23633
Ray Wersching,1976,SDG,14,4,8,4,,,,14,16,26.0,26.0,1.86,False,False,23633
Ray Wersching,1977,SFO,10,10,17,7,,,,23,23,53.0,53.0,5.3,False,False,23633
Ray Wersching,1978,SFO,16,15,23,8,,,,24,25,69.0,69.0,4.31,False,False,23633
Ray Wersching,1979,SFO,16,20,24,4,,,,32,35,92.0,92.0,5.75,False,False,23633
Ray Wersching,1980,SFO,16,15,19,4,,,,33,39,78.0,78.0,4.88,False,False,23633
Ray Wersching,1981,SFO,12,17,23,6,,,,30,30,81.0,81.0,6.75,False,False,23633
Ray Wersching,1982,SFO,9,12,17,5,,,,23,25,59.0,59.0,6.56,False,False,23633
Ray Wersching,1983,SFO,16,25,30,5,,,,51,51,126.0,126.0,7.88,False,False,23633
Ray Wersching,1984,SFO,16,25,35,10,,,,56,56,131.0,131.0,8.19,False,False,23633
Ray Wersching,1985,SFO,16,13,21,8,,,,52,53,91.0,91.0,5.69,False,False,23633
Ray Wersching,1986,SFO,16,25,35,10,,,,41,42,116.0,116.0,7.25,False,False,23633
Ray Wersching,1987,SFO,12,13,17,4,,,,44,46,83.0,83.0,6.92,False,False,23633
Rich Karlis,1982,DEN,9,11,13,2,,,,15,16,48.0,48.0,5.33,False,False,11910
Rich Karlis,1983,DEN,16,21,25,4,,,,33,34,96.0,96.0,6.0,False,False,11910
Rich Karlis,1984,DEN,16,21,28,7,,,,38,41,101.0,101.0,6.31,False,False,11910
Rich Karlis,1985,DEN,16,23,38,15,,,,41,44,110.0,110.0,6.88,False,False,11910
Rich Karlis,1986,DEN,16,20,28,8,,,,44,45,104.0,104.0,6.5,False,False,11910
Rich Karlis,1987,DEN,12,18,25,7,,,,37,37,91.0,91.0,7.58,False,False,11910
Rich Karlis,1988,DEN,16,23,36,13,,,,36,37,105.0,105.0,6.56,False,False,11910
Rich Karlis,1989,MIN,13,31,39,8,,,,27,28,120.0,120.0,9.23,False,False,11910
Rich Karlis,1990,DET,6,4,7,3,,,,12,12,24.0,24.0,4.0,False,False,11910
Richie Cunningham,1997,DAL,16,34,37,3,,,,24,24,126.0,126.0,7.88,False,False,4934
Richie Cunningham,1998,DAL,16,29,35,6,,,,40,40,127.0,127.0,7.94,False,False,4934
Richie Cunningham,1999,DAL/CAR,15,15,25,10,,,,44,45,89.0,89.0,5.93,False,False,4934
Rick Danmeier,1977,MIN,1,0,0,0,,,,0,0,0.0,0.0,0.0,False,False,5079
Rick Danmeier,1978,MIN,16,12,19,7,,,,36,37,72.0,72.0,4.5,False,False,5079
Rick Danmeier,1979,MIN,16,13,22,9,,,,28,31,67.0,67.0,4.19,False,False,5079
Rick Danmeier,1980,MIN,16,16,26,10,,,,33,38,81.0,81.0,5.06,False,False,5079
Rick Danmeier,1981,MIN,16,21,25,4,,,,34,37,97.0,97.0,6.06,False,False,5079
Rick Danmeier,1982,MIN,9,8,14,6,,,,23,23,47.0,47.0,5.22,False,False,5079
Roger LeClerc,1961,CHI,13,10,24,14,,,,40,41,70.0,70.0,5.38,False,False,13064
Roger LeClerc,1962,CHI,14,13,27,14,,,,36,40,75.0,75.0,5.36,False,False,13064
Roger LeClerc,1963,CHI,9,13,23,10,,,,0,0,39.0,39.0,4.33,False,False,13064
Roger LeClerc,1964,CHI,9,10,16,6,,,,0,0,30.0,30.0,3.33,False,False,13064
Roger LeClerc,1965,CHI,14,11,26,15,,,,52,52,85.0,85.0,6.07,False,False,13064
Roger LeClerc,1966,CHI,14,18,30,12,,,,24,25,78.0,78.0,5.57,False,False,13064
Roger LeClerc,1967,DEN,2,1,6,5,,,,2,2,5.0,5.0,2.5,False,False,13064
Roger Ruzek,1987,DAL,12,22,25,3,,,,26,26,92.0,92.0,7.67,False,False,19305
Roger Ruzek,1988,DAL,14,12,22,10,,,,27,27,63.0,63.0,4.5,False,False,19305
Roger Ruzek,1989,DAL/PHI,16,13,22,9,,,,28,29,72.28,73.28,4.58,False,False,19305
Roger Ruzek,1990,PHI,16,21,29,8,,,,45,48,108.0,108.0,6.75,False,False,19305
Roger Ruzek,1991,PHI,16,28,33,5,,,,27,29,111.0,111.0,6.94,False,False,19305
Roger Ruzek,1992,PHI,16,16,25,9,,,,40,44,88.0,88.0,5.5,False,False,19305
Roger Ruzek,1993,PHI,5,8,10,2,,,,13,16,37.0,37.0,7.4,False,False,19305
Rolf Benirschke,1977,SDG,14,17,23,6,,,,21,24,72.0,72.0,5.14,False,False,1516
Rolf Benirschke,1978,SDG,15,18,22,4,,,,37,43,91.0,91.0,6.07,False,False,1516
Rolf Benirschke,1979,SDG,4,4,4,0,,,,12,13,24.0,24.0,6.0,False,False,1516
Rolf Benirschke,1980,SDG,16,24,36,12,,,,46,48,118.0,118.0,7.38,False,False,1516
Rolf Benirschke,1981,SDG,16,19,26,7,,,,55,61,112.0,112.0,7.0,False,False,1516
Rolf Benirschke,1982,SDG,9,16,22,6,,,,32,34,80.0,80.0,8.89,False,False,1516
Rolf Benirschke,1983,SDG,16,15,24,9,,,,43,45,88.0,88.0,5.5,False,False,1516
Rolf Benirschke,1984,SDG,14,17,26,9,,,,41,41,92.0,92.0,6.57,False,False,1516
Rolf Benirschke,1985,SDG,1,0,0,0,,,,0,0,0.0,0.0,0.0,False,False,1516
Rolf Benirschke,1986,SDG,16,16,25,9,,,,39,41,87.0,87.0,5.44,False,False,1516
Roy Gerela,1969,HOU,14,19,40,21,,,,29,29,86.0,86.0,6.14,False,False,7780
Roy Gerela,1970,HOU,14,18,32,14,,,,23,23,77.0,77.0,5.5,False,False,7780
Roy Gerela,1971,PIT,14,17,27,10,,,,27,27,78.0,78.0,5.57,False,False,7780
Roy Gerela,1972,PIT,14,28,41,13,,,,35,36,119.0,119.0,8.5,False,False,7780
Roy Gerela,1973,PIT,14,29,43,14,,,,36,37,123.0,123.0,8.79,False,False,7780
Roy Gerela,1974,PIT,14,20,29,9,,,,33,35,93.0,93.0,6.64,False,False,7780
Roy Gerela,1975,PIT,14,17,21,4,,,,44,46,95.0,95.0,6.79,False,False,7780
Roy Gerela,1976,PIT,14,14,26,12,,,,40,43,82.0,82.0,5.86,False,False,7780
Roy Gerela,1977,PIT,14,9,14,5,,,,34,37,61.0,61.0,4.36,False,False,7780
Roy Gerela,1978,PIT,16,12,26,14,,,,44,45,80.0,80.0,5.0,False,False,7780
Roy Gerela,1979,SDG,3,1,7,6,,,,6,7,9.0,9.0,3.0,False,False,7780
Ryan Longwell,1997,GNB,16,24,30,6,,,,48,48,120.0,120.0,7.5,False,False,13568
Ryan Longwell,1998,GNB,16,29,33,4,,,,41,43,128.0,128.0,8.0,False,False,13568
Ryan Longwell,1999,GNB,16,25,30,5,16,8,1,38,38,113.0,113.0,7.06,False,False,13568
Sam Baker,1953,WAS,7,,,,,,,,,,,,False,False,912
Sam Baker,1956,WAS,8,,,,,,,,,,,,False,False,912
Sam Baker,1957,WAS,2,,,,,,,,,,,,False,False,912
Sam Baker,1959,WAS,2,,,,,,,,,,,,False,False,912
Sam Baker,1960,CLE,12,12,20,8,,,,44,46,78.9,78.9,6.58,False,False,912
Sam Baker,1961,CLE,14,0,0,0,,,,0,0,0.0,0.0,0.0,False,False,912
Sam Baker,1962,DAL,14,14,27,13,,,,50,51,92.0,92.0,6.57,False,False,912
Sam Baker,1963,DAL,14,9,20,11,,,,38,38,66.5,66.5,4.75,False,False,912
Sam Baker,1964,PHI,14,16,26,10,,,,36,37,84.0,84.0,6.0,False,False,912
Sam Baker,1965,PHI,12,9,23,14,,,,38,40,65.0,65.0,5.42,False,False,912
Sam Baker,1966,PHI,14,18,25,7,,,,38,39,93.5,93.5,6.68,False,False,912
Sam Baker,1967,PHI,14,12,19,7,,,,45,45,81.0,81.0,5.79,False,False,912
Sam Baker,1968,PHI,14,19,30,11,,,,17,21,80.62,81.62,5.83,False,False,912
Sam Baker,1969,PHI,14,16,30,14,,,,31,31,79.0,79.0,5.64,False,False,912
Scott Norwood,1985,BUF,16,13,17,4,,,,23,23,62.0,62.0,3.88,False,False,16552
Scott Norwood,1986,BUF,16,17,27,10,,,,32,34,83.0,83.0,5.19,False,False,16552
Scott Norwood,1987,BUF,12,10,15,5,,,,31,31,61.0,61.0,5.08,False,False,16552
Scott Norwood,1988,BUF,16,32,37,5,,,,33,33,129.0,129.0,8.06,False,False,16552
Scott Norwood,1989,BUF,16,23,30,7,,,,46,47,115.0,115.0,7.19,False,False,16552
Scott Norwood,1990,BUF,16,20,29,9,,,,50,52,110.0,110.0,6.88,False,False,16552
Scott Norwood,1991,BUF,16,18,29,11,,,,56,58,110.0,110.0,6.88,False,False,16552
Skip Butler,1971,NOR/NYG,3,1,5,4,,,,5,6,8.0,8.0,2.67,False,False,3174
Skip Butler,1972,HOU,13,12,19,7,,,,15,16,51.0,51.0,3.92,False,False,3174
Skip Butler,1973,HOU,14,15,24,9,,,,21,21,66.0,66.0,4.71,False,False,3174
Skip Butler,1974,HOU,14,9,19,10,,,,29,29,56.0,56.0,4.0,False,False,3174
Skip Butler,1975,HOU,14,18,30,12,,,,31,34,85.0,85.0,6.07,False,False,3174
Skip Butler,1976,HOU,14,16,27,11,,,,24,24,72.0,72.0,5.14,False,False,3174
Skip Butler,1977,HOU,1,0,3,3,,,,2,3,2.0,2.0,2.0,False,False,3174
Steve Christie,1990,TAM,16,23,27,4,,,,27,27,96.0,96.0,6.0,False,False,3883
Steve Christie,1991,TAM,16,15,20,5,,,,22,22,67.0,67.0,4.19,False,False,3883
Steve Christie,1992,BUF,16,24,30,6,,,,43,44,115.0,115.0,7.19,False,False,3883
Steve Christie,1993,BUF,16,23,32,9,,,,36,37,105.0,105.0,6.56,False,False,3883
Steve Christie,1994,BUF,16,24,28,4,,,,38,38,110.0,110.0,6.88,False,False,3883
Steve Christie,1995,BUF,16,31,40,9,,,,33,35,126.0,126.0,7.88,False,False,3883
Steve Christie,1996,BUF,16,24,29,5,,,,33,33,105.0,105.0,6.56,False,False,3883
Steve Christie,1997,BUF,16,24,30,6,,,,21,21,93.0,93.0,5.81,False,False,3883
Steve Christie,1998,BUF,16,33,41,8,,,,41,41,140.0,140.0,8.75,False,False,3883
Steve Christie,1999,BUF,16,25,34,9,19,3,3,33,33,108.0,108.0,6.75,False,False,3883
Steve Mike-Mayer,1975,SFO,14,14,28,14,,,,27,31,69.0,69.0,4.93,False,False,15239
Steve Mike-Mayer,1976,SFO,14,16,28,12,,,,26,30,74.0,74.0,5.29,False,False,15239
Steve Mike-Mayer,1977,DET,14,8,19,11,,,,19,21,43.0,43.0,3.07,False,False,15239
Steve Mike-Mayer,1978,NOR,16,6,13,7,,,,18,18,36.0,36.0,2.25,False,False,15239
Steve Mike-Mayer,1979,BAL,13,11,20,9,,,,28,29,61.0,61.0,4.69,False,False,15239
Steve Mike-Mayer,1980,BAL,16,12,23,11,,,,43,46,79.0,79.0,4.94,False,False,15239
Todd Peterson,1994,ARI,2,2,4,2,,,,4,4,10.0,10.0,5.0,False,False,17485
Todd Peterson,1995,SEA,16,23,28,5,,,,40,40,109.0,109.0,6.81,False,False,17485
Todd Peterson,1996,SEA,16,28,34,6,,,,27,27,111.0,111.0,6.94,False,False,17485
Todd Peterson,1997,SEA,16,22,28,6,,,,37,37,103.0,103.0,6.44,False,False,17485
Todd Peterson,1998,SEA,16,19,24,5,,,,41,41,98.0,98.0,6.12,False,False,17485
Todd Peterson,1999,SEA,16,34,40,6,19,14,1,32,32,134.0,134.0,8.38,False,False,17485
Tom Dempsey,1969,NOR,14,22,41,19,,,,33,35,99.0,99.0,7.07,False,False,5482
Tom Dempsey,1970,NOR,14,18,34,16,,,,16,17,70.0,70.0,5.0,False,False,5482
Tom Dempsey,1971,PHI,5,12,17,5,,,,13,14,49.0,49.0,9.8,False,False,5482
Tom Dempsey,1972,PHI,14,20,35,15,,,,11,12,71.0,71.0,5.07,False,False,5482
Tom Dempsey,1973,PHI,14,24,40,16,,,,34,34,106.0,106.0,7.57,False,False,5482
Tom Dempsey,1974,PHI,14,10,16,6,,,,26,30,56.0,56.0,4.0,False,False,5482
Tom Dempsey,1975,RAM,14,21,26,5,,,,31,36,94.0,94.0,6.71,False,False,5482
Tom Dempsey,1976,RAM,14,17,26,9,,,,36,44,87.0,87.0,6.21,False,False,5482
Tom Dempsey,1977,HOU,5,4,6,2,,,,8,11,20.0,20.0,4.0,False,False,5482
Tom Dempsey,1978,BUF,16,10,13,3,,,,36,38,66.0,66.0,4.12,False,False,5482
Tom Dempsey,1979,BUF,3,1,4,3,,,,8,11,11.0,11.0,3.67,False,False,5482
Tommy Davis,1960,SFO,12,19,32,13,,,,21,21,78.0,78.0,6.5,False,False,5312
Tommy Davis,1961,SFO,13,12,22,10,,,,44,44,80.0,80.0,6.15,False,False,5312
Tommy Davis,1962,SFO,14,10,23,13,,,,36,36,66.0,66.0,4.71,False,False,5312
Tommy Davis,1963,SFO,14,10,31,21,,,,24,24,54.0,54.0,3.86,False,False,5312
Tommy Davis,1964,SFO,14,8,25,17,,,,30,30,54.0,54.0,3.86,False,False,5312
Tommy Davis,1965,SFO,14,17,27,10,,,,52,53,105.1,105.1,7.51,False,False,5312
Tommy Davis,1966,SFO,14,16,31,15,,,,38,39,90.3,90.3,6.45,False,False,5312
Tommy Davis,1967,SFO,14,14,33,19,,,,33,33,75.0,75.0,5.36,False,False,5312
Tommy Davis,1968,SFO,9,9,16,7,,,,26,26,53.0,53.0,5.89,False,False,5312
Tommy Davis,1969,SFO,14,3,10,7,,,,13,13,24.1,24.1,1.72,False,False,5312
Toni Fritsch,1971,DAL,2,5,8,3,,,,2,2,17.0,17.0,8.5,False,False,7390
Toni Fritsch,1972,DAL,14,21,36,15,,,,36,36,99.0,99.0,7.07,False,False,7390
Toni Fritsch,1973,DAL,13,18,28,10,,,,43,43,97.0,97.0,7.46,False,False,7390
Toni Fritsch,1975,DAL,14,22,35,13,,,,38,40,104.0,104.0,7.43,False,False,7390
Toni Fritsch,1976,SDG,5,6,12,6,,,,11,14,29.0,29.0,5.8,False,False,7390
Toni Fritsch,1977,HOU,9,12,16,4,,,,19,20,55.0,55.0,6.11,False,False,7390
Toni Fritsch,1978,HOU,16,14,18,4,,,,31,32,73.0,73.0,4.56,False,False,7390
Toni Fritsch,1979,HOU,16,21,25,4,,,,41,43,104.0,104.0,6.5,False,False,7390
Toni Fritsch,1980,HOU,15,19,24,5,,,,26,27,83.0,83.0,5.53,False,False,7390
Toni Fritsch,1981,HOU,16,15,22,7,,,,32,34,77.0,77.0,4.81,False,False,7390
Toni Fritsch,1982,NOR,5,4,7,3,,,,8,9,20.0,20.0,4.0,False,False,7390
Toni Linhart,1972,NOR,2,2,5,3,,,,5,5,11.0,11.0,5.5,False,False,13393
Toni Linhart,1974,BAL,14,12,20,8,,,,22,22,58.0,58.0,4.14,False,False,13393
Toni Linhart,1975,BAL,14,10,18,8,,,,51,52,81.0,81.0,5.79,False,False,13393
Toni Linhart,1976,BAL,14,20,27,7,,,,49,50,109.0,109.0,7.79,False,False,13393
Toni Linhart,1977,BAL,14,17,26,9,,,,32,35,83.0,83.0,5.93,False,False,13393
Toni Linhart,1978,BAL,16,8,17,9,,,,27,31,51.0,51.0,3.19,False,False,13393
Toni Linhart,1979,BAL/NYJ,8,6,14,8,,,,14,18,32.0,32.0,4.0,False,False,13393
Tony Franklin,1979,PHI,16,23,31,8,,,,36,39,105.0,105.0,6.56,False,False,7298
Tony Franklin,1980,PHI,16,16,31,15,,,,48,48,96.0,96.0,6.0,False,False,7298
Tony Franklin,1981,PHI,16,20,31,11,,,,41,43,101.0,101.0,6.31,False,False,7298
Tony Franklin,1982,PHI,9,6,9,3,,,,23,25,41.0,41.0,4.56,False,False,7298
Tony Franklin,1983,PHI,16,15,26,11,,,,24,27,69.0,69.0,4.31,False,False,7298
Tony Franklin,1984,NWE,16,22,28,6,,,,42,42,108.0,108.0,6.75,False,False,7298
Tony Franklin,1985,NWE,16,24,30,6,,,,40,41,111.5,111.5,6.97,False,False,7298
Tony Franklin,1986,NWE,16,32,41,9,,,,44,45,140.0,140.0,8.75,False,False,7298
Tony Franklin,1987,NWE,14,15,26,11,,,,37,38,82.0,82.0,5.86,False,False,7298
Tony Franklin,1988,MIA,5,4,11,7,,,,6,7,18.0,18.0,3.6,False,False,7298
Tony Zendejas,1985,HOU,16,21,27,6,,,,29,31,91.72,91.72,5.73,False,False,24989
Tony Zendejas,1986,HOU,15,22,27,5,,,,28,29,94.0,94.0,6.27,False,False,24989
Tony Zendejas,1987,HOU,13,20,26,6,,,,32,33,92.0,92.0,7.08,False,False,24989
Tony Zendejas,1988,HOU,16,22,34,12,,,,48,50,114.0,114.0,7.12,False,False,24989
Tony Zendejas,1989,HOU,16,25,37,12,,,,40,40,113.0,113.0,7.06,False,False,24989
Tony Zendejas,1990,HOU,7,7,12,5,,,,20,21,41.0,41.0,5.86,False,False,24989
Tony Zendejas,1991,RAM,16,17,17,0,,,,25,26,76.0,76.0,4.75,False,False,24989
Tony Zendejas,1992,RAM,16,15,20,5,,,,38,38,83.0,83.0,5.19,False,False,24989
Tony Zendejas,1993,RAM,16,16,23,7,,,,23,25,71.0,71.0,4.44,False,False,24989
Tony Zendejas,1994,RAM,16,18,23,5,,,,28,28,82.0,82.0,5.12,False,False,24989
Tony Zendejas,1995,ATL/SFO,4,3,6,3,,,,5,6,14.0,14.0,3.5,False,False,24989
Uwe von Schamann,1979,MIA,16,21,29,8,,,,36,40,99.0,99.0,6.19,False,False,22996
Uwe von Schamann,1980,MIA,16,14,23,9,,,,32,32,74.0,74.0,4.62,False,False,22996
Uwe von Schamann,1981,MIA,16,24,31,7,,,,37,38,109.0,109.0,6.81,False,False,22996
Uwe von Schamann,1982,MIA,9,15,20,5,,,,21,22,66.0,66.0,7.33,False,False,22996
Uwe von Schamann,1983,MIA,16,18,27,9,,,,45,48,99.0,99.0,6.19,False,False,22996
Uwe von Schamann,1984,MIA,16,9,19,10,,,,66,70,93.0,93.0,5.81,False,False,22996
Wayne Walker,1960,DET,1,0,0,0,,,,0,0,0.0,0.0,0.0,False,False,23136
Wayne Walker,1961,DET,3,0,3,3,,,,6,6,6.0,6.0,2.0,False,False,23136
Wayne Walker,1962,DET,13,9,22,13,,,,37,37,64.0,64.0,4.92,False,False,23136
Wayne Walker,1963,DET,11,9,22,13,,,,29,29,56.0,56.0,5.09,False,False,23136
Wayne Walker,1964,DET,14,14,25,11,,,,32,34,74.0,74.0,5.29,False,False,23136
Wayne Walker,1965,DET,14,8,22,14,,,,33,33,57.0,57.0,4.07,False,False,23136
Wayne Walker,1966,DET,8,2,8,6,,,,11,11,17.0,17.0,2.12,False,False,23136
Wayne Walker,1967,DET,8,5,15,10,,,,11,11,26.0,26.0,3.25,False,False,23136
Wayne Walker,1968,DET,5,6,14,8,,,,6,6,24.0,24.0,4.8,False,False,23136
Wayne Walker,1969,DET,1,0,0,0,,,,0,0,0.0,0.0,0.0,False,False,23136
Wayne Walker,1970,DET,14,0,0,0,,,,0,0,0.0,0.0,0.0,False,False,23136
Wayne Walker,1971,DET,14,0,0,0,,,,2,2,2.0,2.0,0.14,False,False,23136
Wayne Walker,1972,DET,14,0,0,0,,,,0,0,0.0,0.0,0.0,False,False,23136
