name,season,team,games,targets,rec,rec_yds,rec_td,rush_att,rush_yds,rush_td,pass_yds,pass_td,pass_int,two_pt,fum_rec_td,ret_td,fpts_std,fpts_ppr,ppr_per_game,hof,legend,player_id
Aaron Thomas,1961,SFO,7,,15,301,2,1,-15,0,0,0,0,0,,0,40.6,55.6,7.94,False,False,21998
Aaron Thomas,1962,SFO/NYG,3,,4,80,0,1,-9,0,0,0,0,0,,0,7.1,11.1,3.7,False,False,21998
Aaron Thomas,1963,NYG,10,,22,469,3,0,0,0,0,0,0,0,,0,64.9,86.9,8.69,False,False,21998
Aaron Thomas,1964,NYG,13,,43,624,6,0,0,0,0,0,0,0,,0,98.4,141.4,10.88,False,False,21998
Aaron Thomas,1965,NYG,10,,27,631,5,0,0,0,0,0,0,0,,0,93.1,120.1,12.01,False,False,21998
Aaron Thomas,1966,NYG,13,,43,683,4,0,0,0,0,0,0,0,,0,92.3,135.3,10.41,False,False,21998
Aaron Thomas,1967,NYG,13,,51,877,9,0,0,0,0,0,0,0,,0,141.7,192.7,14.82,False,False,21998
Aaron Thomas,1968,NYG,12,,29,449,4,2,14,0,0,0,0,0,,0,70.3,99.3,8.28,False,False,21998
Aaron Thomas,1969,NYG,7,,22,348,3,0,0,0,0,0,0,0,,0,52.8,74.8,10.69,False,False,21998
Aaron Thomas,1970,NYG,14,,6,92,1,0,0,0,0,0,0,0,,0,15.2,21.2,1.51,False,False,21998
Alvin Reed,1967,HOU,6,,11,144,1,0,0,0,0,0,0,,,0,20.4,31.4,5.23,False,False,18330
Alvin Reed,1968,HOU,11,,46,747,5,0,0,0,0,0,0,,,0,104.7,150.7,13.7,False,False,18330
Alvin Reed,1969,HOU,12,,51,664,2,0,0,0,0,0,0,,,0,78.4,129.4,10.78,False,False,18330
Alvin Reed,1970,HOU,13,,47,604,2,0,0,0,0,0,0,0,,0,72.4,119.4,9.18,False,False,18330
Alvin Reed,1971,HOU,14,,25,408,1,0,0,0,0,0,0,0,,0,46.8,71.8,5.13,False,False,18330
Alvin Reed,1972,HOU,14,,19,251,0,0,0,0,0,0,0,0,,0,25.1,44.1,3.15,False,False,18330
Alvin Reed,1973,WAS,5,,9,124,0,0,0,0,0,0,0,0,,0,12.4,21.4,4.28,False,False,18330
Alvin Reed,1974,WAS,14,,4,36,1,0,0,0,0,0,0,0,,0,9.6,13.6,0.97,False,False,18330
Alvin Reed,1975,WAS,14,,2,5,2,0,0,0,0,0,0,0,,0,12.5,14.5,1.04,False,False,18330
Andrew Glover,1991,RAI,16,,5,45,3,0,0,0,0,0,0,0,,0,22.5,27.5,1.72,False,False,7978
Andrew Glover,1992,RAI,16,22,15,178,1,0,0,0,0,0,0,0,,0,23.8,38.8,2.43,False,False,7978
Andrew Glover,1993,RAI,15,6,4,55,1,0,0,0,0,0,0,0,,0,11.5,15.5,1.03,False,False,7978
Andrew Glover,1994,RAI,16,53,33,371,2,0,0,0,0,0,0,,,0,49.1,82.1,5.13,False,False,7978
Andrew Glover,1995,OAK,16,40,26,220,3,0,0,0,0,0,0,,,0,40.0,66.0,4.12,False,False,7978
Andrew Glover,1996,OAK,14,14,9,101,1,0,0,0,0,0,0,,,0,16.1,25.1,1.79,False,False,7978
Andrew Glover,1997,MIN,13,55,32,378,3,0,0,0,0,0,0,,,0,55.8,87.8,6.75,False,False,7978
Andrew Glover,1998,MIN,16,59,35,522,5,0,0,0,0,0,0,,,0,82.2,117.2,7.33,False,False,7978
Andrew Glover,1999,MIN,16,50,28,327,1,0,0,0,0,0,0,0,0,0,38.7,66.7,4.17,False,False,7978
Arthur Cox,1983,ATL,16,,9,83,1,0,0,0,0,0,0,0,,0,14.3,23.3,1.46,False,False,4667
Arthur Cox,1984,ATL,16,,34,329,3,0,0,0,0,0,0,0,,0,50.9,84.9,5.31,False,False,4667
Arthur Cox,1985,ATL,16,,33,454,2,0,0,0,0,0,0,0,,0,57.4,90.4,5.65,False,False,4667
Arthur Cox,1986,ATL,16,,24,301,1,0,0,0,0,0,0,0,,0,36.1,60.1,3.76,False,False,4667
Arthur Cox,1987,ATL,12,,11,101,0,0,0,0,0,0,0,0,,0,10.1,21.1,1.76,False,False,4667
Arthur Cox,1988,SDG,16,,18,144,0,0,0,0,0,0,0,0,,0,14.4,32.4,2.02,False,False,4667
Arthur Cox,1989,SDG,16,,22,200,2,0,0,0,0,0,0,0,,0,32.0,54.0,3.38,False,False,4667
Arthur Cox,1990,SDG,16,,14,93,1,0,0,0,0,0,0,0,,0,15.3,29.3,1.83,False,False,4667
Arthur Cox,1991,SDG/MIA/CLE,13,,5,53,0,0,0,0,0,0,0,0,,0,5.3,10.3,0.79,False,False,4667
Ben Coates,1991,NWE,16,,10,95,1,1,-6,0,0,0,0,0,,0,14.9,24.9,1.56,False,True,4119
Ben Coates,1992,NWE,16,34,20,171,3,1,2,0,0,0,0,0,,0,35.3,55.3,3.46,False,True,4119
Ben Coates,1993,NWE,16,93,53,659,8,0,0,0,0,0,0,0,,0,113.9,166.9,10.43,False,True,4119
Ben Coates,1994,NWE,16,148,96,1174,7,1,0,0,0,0,0,,,0,159.4,255.4,15.96,False,True,4119
Ben Coates,1995,NWE,16,137,84,915,6,0,0,0,0,0,0,,,0,127.5,211.5,13.22,False,True,4119
Ben Coates,1996,NWE,16,100,62,682,9,0,0,0,0,0,0,,,0,122.2,184.2,11.51,False,True,4119
Ben Coates,1997,NWE,16,98,66,737,8,0,0,0,0,0,0,,,0,121.7,187.7,11.73,False,True,4119
Ben Coates,1998,NWE,14,95,67,668,6,0,0,0,0,0,0,,,0,102.8,169.8,12.13,False,True,4119
Ben Coates,1999,NWE,16,63,32,370,2,0,0,0,0,0,0,0,0,0,49.0,81.0,5.06,False,True,4119
Bennie Cunningham,1976,PIT,12,,5,49,1,0,0,0,0,0,0,0,,0,10.9,15.9,1.32,False,False,4918
Bennie Cunningham,1977,PIT,12,,20,347,2,0,0,0,0,0,0,0,,0,46.7,66.7,5.56,False,False,4918
Bennie Cunningham,1978,PIT,6,,16,321,2,0,0,0,0,0,0,0,,0,44.1,60.1,10.02,False,False,4918
Bennie Cunningham,1979,PIT,15,,36,512,4,0,0,0,0,0,0,0,,0,75.2,111.2,7.41,False,False,4918
Bennie Cunningham,1980,PIT,15,,18,232,2,0,0,0,0,0,0,0,,0,35.2,53.2,3.55,False,False,4918
Bennie Cunningham,1981,PIT,15,,41,574,3,0,0,0,0,0,0,0,,0,75.4,116.4,7.76,False,False,4918
Bennie Cunningham,1982,PIT,9,,21,277,2,0,0,0,0,0,0,0,,0,39.7,60.7,6.74,False,False,4918
Bennie Cunningham,1983,PIT,16,,35,442,3,0,0,0,0,0,0,0,,0,62.2,97.2,6.07,False,False,4918
Bennie Cunningham,1984,PIT,7,,4,64,1,0,0,0,0,0,0,0,,0,12.4,16.4,2.34,False,False,4918
Bennie Cunningham,1985,PIT,11,,6,61,0,0,0,0,0,0,0,0,,0,6.1,12.1,1.1,False,False,4918
Billy Cannon,1960,HOU,14,,15,187,5,152,644,1,0,0,0,,,1,125.1,140.1,10.01,False,False,3382
Billy Cannon,1961,HOU,14,,43,586,9,200,948,6,0,0,1,,,0,241.4,284.4,20.31,False,False,3382
Billy Cannon,1962,HOU,12,,32,451,6,147,474,7,46,1,0,,,0,176.34,208.34,17.36,False,False,3382
Billy Cannon,1963,HOU,3,,5,39,0,13,45,0,0,0,0,,,0,8.4,13.4,4.47,False,False,3382
Billy Cannon,1964,OAK,14,,37,455,5,89,338,3,0,0,0,,,0,127.3,164.3,11.74,False,False,3382
Billy Cannon,1965,OAK,4,,7,127,0,0,0,0,0,0,0,,,0,12.7,19.7,4.92,False,False,3382
Billy Cannon,1966,OAK,9,,14,436,2,0,0,0,0,0,0,,,0,55.6,69.6,7.73,False,False,3382
Billy Cannon,1967,OAK,13,,32,629,10,0,0,0,0,0,0,,,0,122.9,154.9,11.92,False,False,3382
Billy Cannon,1968,OAK,10,,23,360,6,0,0,0,0,0,0,,,0,72.0,95.0,9.5,False,False,3382
Billy Cannon,1969,OAK,10,,21,262,2,0,0,0,0,0,0,,,0,38.2,59.2,5.92,False,False,3382
Billy Cannon,1970,KAN,6,,7,125,2,1,6,0,0,0,0,0,,0,25.1,32.1,5.35,False,False,3382
Billy Joe DuPree,1973,DAL,14,,29,392,5,2,2,0,0,0,0,0,,0,69.4,98.4,7.03,False,False,6113
Billy Joe DuPree,1974,DAL,14,,29,466,4,4,43,0,0,0,0,0,,0,74.9,103.9,7.42,False,False,6113
Billy Joe DuPree,1975,DAL,14,,9,138,1,1,3,0,0,0,0,0,,0,20.1,29.1,2.08,False,False,6113
Billy Joe DuPree,1976,DAL,14,,42,680,2,7,50,0,0,0,0,0,,0,85.0,127.0,9.07,False,False,6113
Billy Joe DuPree,1977,DAL,14,,28,347,3,3,9,0,0,0,0,0,,0,53.6,81.6,5.83,False,False,6113
Billy Joe DuPree,1978,DAL,16,,34,509,9,1,15,0,0,0,0,0,,0,106.4,140.4,8.77,False,False,6113
Billy Joe DuPree,1979,DAL,16,,29,324,5,2,19,0,0,0,0,0,,0,64.3,93.3,5.83,False,False,6113
Billy Joe DuPree,1980,DAL,16,,29,312,7,4,19,0,0,0,0,0,,0,75.1,104.1,6.51,False,False,6113
Billy Joe DuPree,1981,DAL,16,,19,214,2,1,12,0,0,0,0,0,,0,34.6,53.6,3.35,False,False,6113
Billy Joe DuPree,1982,DAL,9,,7,41,2,1,6,1,0,0,0,0,,0,22.7,29.7,3.3,False,False,6113
Billy Joe DuPree,1983,DAL,16,,12,142,1,0,0,0,0,0,0,0,,0,20.2,32.2,2.01,False,False,6113
Billy Masters,1967,BUF,9,,20,274,2,0,0,0,0,0,0,,,0,39.4,59.4,6.6,False,False,14240
Billy Masters,1968,BUF,8,,8,101,0,6,70,0,0,0,0,,,0,17.1,25.1,3.14,False,False,14240
Billy Masters,1969,BUF,13,,33,387,1,1,-3,0,0,0,0,,,0,44.4,77.4,5.95,False,False,14240
Billy Masters,1970,DEN,14,,9,83,2,0,0,0,0,0,0,0,,0,20.3,29.3,2.09,False,False,14240
Billy Masters,1971,DEN,14,,27,382,1,7,71,0,0,0,0,0,,0,51.3,78.3,5.59,False,False,14240
Billy Masters,1972,DEN,14,,25,393,3,3,-15,0,0,0,0,0,,0,55.8,80.8,5.77,False,False,14240
Billy Masters,1973,DEN,11,,5,65,0,1,-9,0,0,0,0,0,,0,5.6,10.6,0.96,False,False,14240
Billy Masters,1974,DEN,13,,0,0,0,0,0,0,0,0,0,0,,0,0.0,0.0,0.0,False,False,14240
Billy Masters,1975,KAN,14,,24,314,3,0,0,0,0,0,0,0,,0,49.4,73.4,5.24,False,False,14240
Billy Masters,1976,KAN,10,,18,269,3,0,0,0,0,0,0,0,,0,44.9,62.9,6.29,False,False,14240
Billy Truax,1965,RAM,2,,6,108,1,0,0,0,0,0,0,0,,0,16.8,22.8,11.4,False,False,22532
Billy Truax,1966,RAM,11,,29,314,0,0,0,0,0,0,0,0,,0,31.4,60.4,5.49,False,False,22532
Billy Truax,1967,RAM,13,,37,487,4,0,0,0,0,0,0,0,,0,72.7,109.7,8.44,False,False,22532
Billy Truax,1968,RAM,11,,35,417,3,0,0,0,0,0,0,0,,0,59.7,94.7,8.61,False,False,22532
Billy Truax,1969,RAM,13,,37,431,5,0,0,0,0,0,0,0,,0,73.1,110.1,8.47,False,False,22532
Billy Truax,1970,RAM,14,,36,420,3,0,0,0,0,0,0,0,,0,60.0,96.0,6.86,False,False,22532
Billy Truax,1971,DAL,12,,15,232,1,0,0,0,0,0,0,0,,0,29.2,44.2,3.68,False,False,22532
Billy Truax,1972,DAL,6,,4,49,0,0,0,0,0,0,0,0,,0,4.9,8.9,1.48,False,False,22532
Billy Truax,1973,DAL,2,,0,0,0,0,0,0,0,0,0,0,,0,0.0,0.0,0.0,False,False,22532
Bob Klein,1969,RAM,3,,2,17,1,0,0,0,0,0,0,0,,0,7.7,9.7,3.23,False,False,12383
Bob Klein,1970,RAM,7,,2,20,0,0,0,0,0,0,0,0,,0,2.0,4.0,0.57,False,False,12383
Bob Klein,1971,RAM,14,,14,160,4,3,21,0,0,0,0,0,,0,42.1,56.1,4.01,False,False,12383
Bob Klein,1972,RAM,14,,29,330,1,1,-7,0,0,0,0,0,,0,38.3,67.3,4.81,False,False,12383
Bob Klein,1973,RAM,14,,21,277,2,0,0,0,0,0,0,0,,0,39.7,60.7,4.34,False,False,12383
Bob Klein,1974,RAM,14,,24,336,4,0,0,0,0,0,0,0,,0,57.6,81.6,5.83,False,False,12383
Bob Klein,1975,RAM,11,,16,237,2,0,0,0,0,0,0,0,,0,35.7,51.7,4.7,False,False,12383
Bob Klein,1976,RAM,14,,20,229,1,0,0,0,0,0,0,0,,0,28.9,48.9,3.49,False,False,12383
Bob Klein,1977,SDG,12,,20,244,1,0,0,0,0,0,0,0,,0,30.4,50.4,4.2,False,False,12383
Bob Klein,1978,SDG,16,,34,413,2,0,0,0,0,0,0,0,,0,53.3,87.3,5.46,False,False,12383
Bob Klein,1979,SDG,15,,37,424,5,0,0,0,0,0,0,0,,0,72.4,109.4,7.29,False,False,12383
Bob McLeod,1961,HOU,9,,14,172,2,0,0,0,0,0,0,,,0,29.2,43.2,4.8,False,False,14928
Bob McLeod,1962,HOU,14,,33,578,6,0,0,0,0,0,0,,,0,93.8,126.8,9.06,False,False,14928
Bob McLeod,1963,HOU,14,,33,530,5,0,0,0,0,0,0,,,0,83.0,116.0,8.29,False,False,14928
Bob McLeod,1964,HOU,6,,8,81,2,0,0,0,0,0,0,,,0,20.1,28.1,4.68,False,False,14928
Bob McLeod,1965,HOU,7,,15,226,1,0,0,0,0,0,0,,,0,28.6,43.6,6.23,False,False,14928
Bob McLeod,1966,HOU,8,,23,339,3,0,0,0,0,0,0,,,0,51.9,74.9,9.36,False,False,14928
Bob Trumpy,1968,CIN,13,,37,639,3,1,-1,0,0,0,0,,,0,81.8,118.8,9.14,False,False,22546
Bob Trumpy,1969,CIN,13,,37,835,9,0,0,0,0,0,0,,,0,137.5,174.5,13.42,False,False,22546
Bob Trumpy,1970,CIN,11,,29,480,2,0,0,0,0,0,0,0,,0,60.0,89.0,8.09,False,False,22546
Bob Trumpy,1971,CIN,14,,40,531,3,0,0,0,0,0,0,0,,0,71.1,111.1,7.94,False,False,22546
Bob Trumpy,1972,CIN,12,,44,500,2,0,0,0,0,0,0,0,,0,62.0,106.0,8.83,False,False,22546
Bob Trumpy,1973,CIN,14,,29,435,5,0,0,0,0,0,0,0,,0,73.5,102.5,7.32,False,False,22546
Bob Trumpy,1974,CIN,13,,21,330,2,0,0,0,0,0,0,0,,0,45.0,66.0,5.08,False,False,22546
Bob Trumpy,1975,CIN,11,,22,276,1,0,0,0,0,0,0,0,,0,33.6,55.6,5.05,False,False,22546
Bob Trumpy,1976,CIN,13,,21,323,7,0,0,0,0,0,0,0,,0,74.3,95.3,7.33,False,False,22546
Bob Trumpy,1977,CIN,12,,18,251,1,0,0,0,0,0,0,0,,0,31.1,49.1,4.09,False,False,22546
Bob Tucker,1970,NYG,14,,40,571,5,0,0,0,0,0,0,0,,0,87.1,127.1,9.08,False,False,22562
Bob Tucker,1971,NYG,12,,59,791,4,1,1,0,0,0,0,0,,0,103.2,162.2,13.52,False,False,22562
Bob Tucker,1972,NYG,14,,55,764,4,3,6,1,0,0,0,0,,0,107.0,162.0,11.57,False,False,22562
Bob Tucker,1973,NYG,14,,50,681,5,1,4,0,0,0,0,0,,0,98.5,148.5,10.61,False,False,22562
Bob Tucker,1974,NYG,13,,41,496,2,0,0,0,0,0,0,0,,0,61.6,102.6,7.89,False,False,22562
Bob Tucker,1975,NYG,14,,34,484,1,1,-5,0,0,0,0,0,,0,53.9,87.9,6.28,False,False,22562
Bob Tucker,1976,NYG,14,,42,498,1,0,0,0,0,0,0,0,,0,55.8,97.8,6.99,False,False,22562
Bob Tucker,1977,NYG/MIN,13,,15,200,2,0,0,0,0,0,0,0,,0,32.0,47.0,3.62,False,False,22562
Bob Tucker,1978,MIN,16,,47,540,0,0,0,0,0,0,0,0,,0,54.0,101.0,6.31,False,False,22562
Bob Tucker,1979,MIN,16,,24,223,2,0,0,0,0,0,0,0,,0,34.3,58.3,3.64,False,False,22562
Bob Tucker,1980,MIN,16,,15,173,1,0,0,0,0,0,0,0,,0,23.3,38.3,2.39,False,False,22562
Bob Windsor,1967,SFO,11,,21,254,2,1,7,0,0,0,0,0,,0,38.1,59.1,5.37,False,False,24458
Bob Windsor,1968,SFO,5,,8,146,2,0,0,0,0,0,0,0,,0,26.6,34.6,6.92,False,False,24458
Bob Windsor,1969,SFO,13,,49,597,2,5,39,0,0,0,0,0,,0,75.6,124.6,9.58,False,False,24458
Bob Windsor,1970,SFO,14,,31,363,2,0,0,0,0,0,0,0,,0,48.3,79.3,5.66,False,False,24458
Bob Windsor,1971,SFO,13,,2,32,0,1,21,0,0,0,0,0,,0,5.3,7.3,0.56,False,False,24458
Bob Windsor,1972,NWE,14,,33,383,1,1,-4,0,0,0,0,0,,0,43.9,76.9,5.49,False,False,24458
Bob Windsor,1973,NWE,13,,23,348,4,1,-6,0,0,0,0,0,,0,58.2,81.2,6.25,False,False,24458
Bob Windsor,1974,NWE,7,,12,127,1,0,0,0,0,0,0,0,,0,18.7,30.7,4.39,False,False,24458
Bob Windsor,1975,NWE,14,,6,57,0,0,0,0,0,0,0,0,,0,5.7,11.7,0.84,False,False,24458
Brent Jones,1987,SFO,4,,2,35,0,0,0,0,0,0,0,0,,0,3.5,5.5,1.38,False,False,11513
Brent Jones,1988,SFO,11,,8,57,2,0,0,0,0,0,0,0,,0,17.7,25.7,2.34,False,False,11513
Brent Jones,1989,SFO,16,,40,500,4,0,0,0,0,0,0,0,,0,74.0,114.0,7.12,False,False,11513
Brent Jones,1990,SFO,16,,56,747,5,0,0,0,0,0,0,0,,0,104.7,160.7,10.04,False,False,11513
Brent Jones,1991,SFO,10,,27,417,0,0,0,0,0,0,0,0,,0,41.7,68.7,6.87,False,False,11513
Brent Jones,1992,SFO,15,64,45,628,4,0,0,0,0,0,0,0,,0,86.8,131.8,8.79,False,False,11513
Brent Jones,1993,SFO,16,94,68,735,3,0,0,0,0,0,0,0,,0,91.5,159.5,9.97,False,False,11513
Brent Jones,1994,SFO,15,72,49,670,9,0,0,0,0,0,0,,,0,121.0,170.0,11.33,False,False,11513
Brent Jones,1995,SFO,16,101,60,595,3,0,0,0,0,0,0,,,0,77.5,137.5,8.59,False,False,11513
Brent Jones,1996,SFO,11,48,33,428,1,0,0,0,0,0,0,,,0,48.8,81.8,7.44,False,False,11513
Brent Jones,1997,SFO,13,47,29,383,2,0,0,0,0,0,0,,,0,50.3,79.3,6.1,False,False,11513
Brian Kinchen,1988,MIA,16,,1,3,0,0,0,0,0,0,0,0,,0,0.3,1.3,0.08,False,False,12244
Brian Kinchen,1989,MIA,16,,1,12,0,0,0,0,0,0,0,0,,0,1.2,2.2,0.14,False,False,12244
Brian Kinchen,1990,MIA,4,,0,0,0,0,0,0,0,0,0,0,,0,0.0,0.0,0.0,False,False,12244
Brian Kinchen,1991,CLE,14,,0,0,0,0,0,0,0,0,0,0,,0,0.0,0.0,0.0,False,False,12244
Brian Kinchen,1992,CLE,16,0,0,0,0,0,0,0,0,0,0,0,,0,0.0,0.0,0.0,False,False,12244
Brian Kinchen,1993,CLE,16,45,29,347,2,0,0,0,0,0,0,0,,0,46.7,75.7,4.73,False,False,12244
Brian Kinchen,1994,CLE,16,39,24,232,1,0,0,0,0,0,0,,,0,29.2,53.2,3.32,False,False,12244
Brian Kinchen,1995,CLE,13,32,20,216,0,0,0,0,0,0,0,,,0,21.6,41.6,3.2,False,False,12244
Brian Kinchen,1996,BAL,16,76,55,581,1,0,0,0,0,0,0,,,0,64.1,119.1,7.44,False,False,12244
Brian Kinchen,1997,BAL,16,15,11,95,1,0,0,0,0,0,0,,,0,15.5,26.5,1.66,False,False,12244
Brian Kinchen,1998,BAL,16,20,13,110,0,0,0,0,0,0,0,,,0,11.0,24.0,1.5,False,False,12244
Brian Kinchen,1999,CAR,16,10,5,45,2,0,0,0,0,0,0,0,0,0,16.5,21.5,1.34,False,False,12244
Bruce Hardy,1978,MIA,16,,4,32,2,0,0,0,0,0,0,0,,0,15.2,19.2,1.2,False,False,9028
Bruce Hardy,1979,MIA,16,,30,386,3,0,0,0,0,0,0,0,,0,56.6,86.6,5.41,False,False,9028
Bruce Hardy,1980,MIA,16,,19,159,2,0,0,0,0,0,0,0,,0,27.9,46.9,2.93,False,False,9028
Bruce Hardy,1981,MIA,16,,15,174,0,0,0,0,0,0,0,0,,0,17.4,32.4,2.03,False,False,9028
Bruce Hardy,1982,MIA,9,,12,66,2,0,0,0,0,0,0,0,,0,18.6,30.6,3.4,False,False,9028
Bruce Hardy,1983,MIA,15,,22,202,0,1,2,0,0,0,0,0,,0,20.4,42.4,2.83,False,False,9028
Bruce Hardy,1984,MIA,16,,28,257,5,0,0,0,0,0,0,0,,0,55.7,83.7,5.23,False,False,9028
Bruce Hardy,1985,MIA,16,,39,409,4,0,0,0,0,0,0,0,,0,64.9,103.9,6.49,False,False,9028
Bruce Hardy,1986,MIA,16,,54,430,5,0,0,0,0,0,0,0,,0,73.0,127.0,7.94,False,False,9028
Bruce Hardy,1987,MIA,12,,28,292,2,0,0,0,0,0,0,0,,0,41.2,69.2,5.77,False,False,9028
Bruce Hardy,1988,MIA,2,,4,46,0,0,0,0,0,0,0,0,,0,4.6,8.6,4.3,False,False,9028
Bruce Hardy,1989,MIA,1,,1,2,0,0,0,0,0,0,0,0,,0,0.2,1.2,1.2,False,False,9028
Charle Young,1973,PHI,14,,55,854,6,4,24,1,0,0,0,0,,0,129.8,184.8,13.2,False,False,24876
Charle Young,1974,PHI,14,,63,696,3,6,38,0,0,0,0,0,,0,91.4,154.4,11.03,False,False,24876
Charle Young,1975,PHI,14,,49,659,3,2,1,0,0,0,0,0,,0,84.0,133.0,9.5,False,False,24876
Charle Young,1976,PHI,14,,30,374,0,1,6,0,0,0,0,0,,0,38.0,68.0,4.86,False,False,24876
Charle Young,1977,RAM,14,,5,35,1,0,0,0,0,0,0,0,,0,9.5,14.5,1.04,False,False,24876
Charle Young,1978,RAM,16,,18,213,0,2,6,0,0,0,0,0,,0,21.9,39.9,2.49,False,False,24876
Charle Young,1979,RAM,15,,13,144,2,0,0,0,0,0,0,0,,0,26.4,39.4,2.63,False,False,24876
Charle Young,1980,SFO,16,,29,325,2,0,0,0,0,0,0,0,,0,44.5,73.5,4.59,False,False,24876
Charle Young,1981,SFO,16,,37,400,5,0,0,0,0,0,0,0,,0,70.0,107.0,6.69,False,False,24876
Charle Young,1982,SFO,9,,22,189,0,0,0,0,0,0,0,0,,0,18.9,40.9,4.54,False,False,24876
Charle Young,1983,SEA,16,,36,529,2,0,0,0,0,0,0,0,,0,64.9,100.9,6.31,False,False,24876
Charle Young,1984,SEA,15,,33,337,1,1,5,0,0,0,0,0,,0,40.2,73.2,4.88,False,False,24876
Charle Young,1985,SEA,14,,28,351,2,0,0,0,0,0,0,0,,0,47.1,75.1,5.36,False,False,24876
Charlie Sanders,1968,DET,13,,40,533,1,2,3,0,0,0,0,0,,0,59.6,99.6,7.66,True,True,19441
Charlie Sanders,1969,DET,14,,42,656,3,1,-8,0,0,0,0,0,,0,82.8,124.8,8.91,True,True,19441
Charlie Sanders,1970,DET,14,,40,544,6,0,0,0,0,0,0,0,,0,90.4,130.4,9.31,True,True,19441
Charlie Sanders,1971,DET,13,,31,502,5,0,0,0,0,0,0,0,,0,80.2,111.2,8.55,True,True,19441
Charlie Sanders,1972,DET,9,,27,416,2,0,0,0,0,0,0,0,,0,53.6,80.6,8.96,True,True,19441
Charlie Sanders,1973,DET,14,,28,433,2,1,-1,0,0,0,0,0,,0,55.2,83.2,5.94,True,True,19441
Charlie Sanders,1974,DET,14,,42,532,3,0,0,0,0,0,0,0,,0,71.2,113.2,8.09,True,True,19441
Charlie Sanders,1975,DET,13,,37,486,3,0,0,0,0,0,0,0,,0,66.6,103.6,7.97,True,True,19441
Charlie Sanders,1976,DET,13,,35,545,5,0,0,0,0,0,0,0,,0,84.5,119.5,9.19,True,True,19441
Charlie Sanders,1977,DET,10,,14,170,1,0,0,0,0,0,0,0,,0,23.0,37.0,3.7,True,True,19441
Clarence Kay,1984,DEN,16,,16,136,3,0,0,0,0,0,0,0,,0,31.6,47.6,2.98,False,False,11963
Clarence Kay,1985,DEN,16,,29,339,3,0,0,0,0,0,0,0,,0,51.9,80.9,5.06,False,False,11963
Clarence Kay,1986,DEN,13,,15,195,1,0,0,0,0,0,0,0,,0,25.5,40.5,3.12,False,False,11963
Clarence Kay,1987,DEN,12,,31,440,0,0,0,0,0,0,0,0,,0,44.0,75.0,6.25,False,False,11963
Clarence Kay,1988,DEN,14,,34,352,4,0,0,0,0,0,0,0,,0,59.2,93.2,6.66,False,False,11963
Clarence Kay,1989,DEN,16,,21,197,2,0,0,0,0,0,0,0,,0,31.7,52.7,3.29,False,False,11963
Clarence Kay,1990,DEN,16,,29,282,0,0,0,0,0,0,0,0,,0,28.2,57.2,3.58,False,False,11963
Clarence Kay,1991,DEN,16,,11,139,0,0,0,0,0,0,0,0,,0,13.9,24.9,1.56,False,False,11963
Clarence Kay,1992,DEN,16,14,7,56,0,0,0,0,0,0,0,0,,0,5.6,12.6,0.79,False,False,11963
Clint Didier,1982,WAS,8,,2,10,1,0,0,0,0,0,0,0,,0,7.0,9.0,1.12,False,False,5620
Clint Didier,1983,WAS,16,,9,153,4,0,0,0,0,0,0,0,,0,39.3,48.3,3.02,False,False,5620
Clint Didier,1984,WAS,11,,30,350,5,0,0,0,0,0,0,0,,0,65.0,95.0,8.64,False,False,5620
Clint Didier,1985,WAS,16,,41,433,4,0,0,0,0,0,0,0,,0,67.3,108.3,6.77,False,False,5620
Clint Didier,1986,WAS,14,,34,691,4,0,0,0,0,0,0,0,,0,93.1,127.1,9.08,False,False,5620
Clint Didier,1987,WAS,9,,13,178,1,0,0,0,0,0,0,0,,0,23.8,36.8,4.09,False,False,5620
Clint Didier,1988,GNB,15,,5,37,1,0,0,0,0,0,0,0,,0,9.7,14.7,0.98,False,False,5620
Clint Didier,1989,GNB,16,,7,71,1,0,0,0,0,0,0,0,,0,13.1,20.1,1.26,False,False,5620
Dan Ross,1979,CIN,16,,41,516,1,0,0,0,0,0,0,0,,0,57.6,98.6,6.16,False,False,19111
Dan Ross,1980,CIN,16,,56,724,4,0,0,0,0,0,0,0,,0,96.4,152.4,9.53,False,False,19111
Dan Ross,1981,CIN,16,,71,910,5,0,0,0,0,0,0,0,,0,121.0,192.0,12.0,False,False,19111
Dan Ross,1982,CIN,9,,47,508,3,0,0,0,0,0,0,0,,0,68.8,115.8,12.87,False,False,19111
Dan Ross,1983,CIN,16,,42,483,3,0,0,0,0,0,0,0,,0,66.3,108.3,6.77,False,False,19111
Dan Ross,1985,CIN/SEA,16,,16,135,2,0,0,0,0,0,0,0,,0,25.5,41.5,2.59,False,False,19111
Dan Ross,1986,GNB,15,,17,143,1,0,0,0,0,0,0,0,,0,20.3,37.3,2.49,False,False,19111
Dave Casper,1974,OAK,14,,4,26,3,0,0,0,0,0,0,0,,0,20.6,24.6,1.76,True,True,3651
Dave Casper,1975,OAK,14,,5,71,1,0,0,0,0,0,0,0,,0,13.1,18.1,1.29,True,True,3651
Dave Casper,1976,OAK,13,,53,691,10,1,5,0,0,0,0,0,,0,129.6,182.6,14.05,True,True,3651
Dave Casper,1977,OAK,14,,48,584,6,0,0,0,0,0,0,0,,0,94.4,142.4,10.17,True,True,3651
Dave Casper,1978,OAK,16,,62,852,9,1,5,0,0,0,0,0,,0,139.7,201.7,12.61,True,True,3651
Dave Casper,1979,OAK,15,,57,771,3,0,0,0,0,0,0,0,,0,95.1,152.1,10.14,True,True,3651
Dave Casper,1980,OAK/HOU,16,,56,796,4,2,8,0,0,0,0,0,,0,104.4,160.4,10.03,True,True,3651
Dave Casper,1981,HOU,16,,33,572,8,0,0,0,0,0,0,0,,0,105.2,138.2,8.64,True,True,3651
Dave Casper,1982,HOU,9,,36,573,6,2,9,0,0,0,0,0,,0,94.2,130.2,14.47,True,True,3651
Dave Casper,1983,HOU/MIN,13,,20,251,0,0,0,0,0,0,0,0,,0,25.1,45.1,3.47,True,True,3651
Dave Casper,1984,RAI,7,,4,29,2,0,0,0,0,0,0,0,,0,14.9,18.9,2.7,True,True,3651
Dave Kocourek,1960,LAC,12,,40,662,1,0,0,0,0,0,0,,,0,72.2,112.2,9.35,False,False,12467
Dave Kocourek,1961,SDG,14,,55,1055,4,0,0,0,0,0,0,,,0,129.5,184.5,13.18,False,False,12467
Dave Kocourek,1962,SDG,12,,39,688,4,0,0,0,0,0,0,,,0,92.8,131.8,10.98,False,False,12467
Dave Kocourek,1963,SDG,11,,23,359,5,0,0,0,0,0,0,,,0,65.9,88.9,8.08,False,False,12467
Dave Kocourek,1964,SDG,12,,33,593,5,0,0,0,0,0,0,,,0,89.3,122.3,10.19,False,False,12467
Dave Kocourek,1965,SDG,11,,28,363,2,0,0,0,0,0,0,,,0,48.3,76.3,6.94,False,False,12467
Dave Kocourek,1966,MIA,13,,27,320,2,0,0,0,0,0,0,,,0,44.0,71.0,5.46,False,False,12467
Dave Kocourek,1967,OAK,1,,1,4,0,0,0,0,0,0,0,,,0,0.4,1.4,1.4,False,False,12467
Dave Kocourek,1968,OAK,2,,3,46,1,0,0,0,0,0,0,,,0,10.6,13.6,6.8,False,False,12467
David Hill,1976,DET,14,,19,249,5,0,0,0,0,0,1,0,,0,52.9,71.9,5.14,False,False,9835
David Hill,1977,DET,14,,32,465,2,4,10,0,0,0,0,0,,0,59.5,91.5,6.54,False,False,9835
David Hill,1978,DET,16,,53,633,4,3,12,0,0,0,0,0,,0,88.5,141.5,8.84,False,False,9835
David Hill,1979,DET,16,,47,569,3,1,15,0,0,0,0,0,,0,76.4,123.4,7.71,False,False,9835
David Hill,1980,DET,16,,39,424,1,0,0,0,0,0,0,0,,0,48.4,87.4,5.46,False,False,9835
David Hill,1981,DET,15,,33,462,4,0,0,0,0,0,0,0,,0,70.2,103.2,6.88,False,False,9835
David Hill,1982,DET,9,,22,252,4,0,0,0,0,0,0,0,,0,49.2,71.2,7.91,False,False,9835
David Hill,1983,RAM,16,,28,280,2,0,0,0,0,0,0,0,,0,40.0,68.0,4.25,False,False,9835
David Hill,1984,RAM,16,,31,300,1,0,0,0,0,0,0,0,,0,36.0,67.0,4.19,False,False,9835
David Hill,1985,RAM,16,,29,271,1,0,0,0,0,0,0,0,,0,33.1,62.1,3.88,False,False,9835
David Hill,1986,RAM,16,,14,202,1,0,0,0,0,0,0,0,,0,26.2,40.2,2.51,False,False,9835
David Hill,1987,RAM,12,,11,105,0,0,0,0,0,0,0,0,,0,10.5,21.5,1.79,False,False,9835
Derrick Ramsey,1978,OAK,16,,0,0,0,0,0,0,0,0,0,0,,0,0.0,0.0,0.0,False,False,18172
Derrick Ramsey,1979,OAK,16,,13,161,3,0,0,0,0,0,0,0,,0,34.1,47.1,2.94,False,False,18172
Derrick Ramsey,1980,OAK,16,,5,117,0,0,0,0,0,0,0,0,,0,11.7,16.7,1.04,False,False,18172
Derrick Ramsey,1981,OAK,16,,52,674,4,0,0,0,0,0,0,0,,0,91.4,143.4,8.96,False,False,18172
Derrick Ramsey,1982,RAI,9,,0,0,0,0,0,0,0,0,0,0,,0,0.0,0.0,0.0,False,False,18172
Derrick Ramsey,1983,RAI/NWE,16,,24,335,6,0,0,0,0,0,0,0,,0,69.5,93.5,5.84,False,False,18172
Derrick Ramsey,1984,NWE,16,,66,792,7,0,0,0,0,0,0,0,,0,121.2,187.2,11.7,False,False,18172
Derrick Ramsey,1985,NWE,16,,28,285,1,0,0,0,0,0,0,0,,0,34.5,62.5,3.91,False,False,18172
Derrick Ramsey,1987,DET,1,,0,0,0,0,0,0,0,0,0,0,,0,0.0,0.0,0.0,False,False,18172
Derrick Walker,1990,SDG,16,,23,240,1,0,0,0,0,0,0,0,,0,30.0,53.0,3.31,False,False,23088
Derrick Walker,1991,SDG,16,,20,134,0,0,0,0,0,0,0,0,,0,13.4,33.4,2.09,False,False,23088
Derrick Walker,1992,SDG,16,62,34,393,2,0,0,0,0,0,0,0,,0,51.3,85.3,5.33,False,False,23088
Derrick Walker,1993,SDG,12,39,21,212,1,0,0,0,0,0,0,0,,0,27.2,48.2,4.02,False,False,23088
Derrick Walker,1994,KAN,15,51,36,382,2,0,0,0,0,0,0,,,0,50.2,86.2,5.75,False,False,23088
Derrick Walker,1995,KAN,16,35,25,205,1,0,0,0,0,0,0,,,0,26.5,51.5,3.22,False,False,23088
Derrick Walker,1996,KAN,11,21,9,73,1,0,0,0,0,0,0,,,0,13.3,22.3,2.03,False,False,23088
Derrick Walker,1997,KAN,16,6,5,60,0,0,0,0,0,0,0,,,0,6.0,11.0,0.69,False,False,23088
Derrick Walker,1999,OAK,11,9,7,71,1,0,0,0,0,0,0,0,0,0,13.1,20.1,1.83,False,False,23088
Don Hasselbeck,1977,NWE,14,,9,76,4,0,0,0,0,0,0,0,,0,31.6,40.6,2.9,False,False,9350
Don Hasselbeck,1978,NWE,16,,7,107,0,0,0,0,0,0,0,0,,0,10.7,17.7,1.11,False,False,9350
Don Hasselbeck,1979,NWE,16,,13,158,0,0,0,0,0,0,0,0,,0,15.8,28.8,1.8,False,False,9350
Don Hasselbeck,1980,NWE,16,,8,130,4,0,0,0,0,0,0,0,,0,37.0,45.0,2.81,False,False,9350
Don Hasselbeck,1981,NWE,14,,46,808,6,0,0,0,0,0,0,0,,0,116.8,162.8,11.63,False,False,9350
Don Hasselbeck,1982,NWE,9,,15,158,1,0,0,0,0,0,0,0,,0,21.8,36.8,4.09,False,False,9350
Don Hasselbeck,1983,NWE/RAI,15,,3,24,2,0,0,0,0,0,0,0,,0,14.4,17.4,1.16,False,False,9350
Don Hasselbeck,1984,MIN,16,,1,10,0,0,0,0,0,0,0,0,,0,1.0,2.0,0.12,False,False,9350
Don Hasselbeck,1985,NYG,7,,5,71,1,0,0,0,0,0,0,0,,0,13.1,18.1,2.59,False,False,9350
Don Warren,1979,WAS,16,,26,303,0,0,0,0,0,0,0,0,,0,30.3,56.3,3.52,False,False,23286
Don Warren,1980,WAS,13,,31,323,0,0,0,0,0,0,0,0,,0,32.3,63.3,4.87,False,False,23286
Don Warren,1981,WAS,16,,29,335,1,0,0,0,0,0,0,0,,0,39.5,68.5,4.28,False,False,23286
Don Warren,1982,WAS,9,,27,310,0,0,0,0,0,0,0,0,,0,31.0,58.0,6.44,False,False,23286
Don Warren,1983,WAS,13,,20,225,2,0,0,0,0,0,0,0,,0,34.5,54.5,4.19,False,False,23286
Don Warren,1984,WAS,16,,18,192,0,0,0,0,0,0,0,0,,0,19.2,37.2,2.33,False,False,23286
Don Warren,1985,WAS,16,,15,163,1,1,5,0,0,0,0,0,,0,22.8,37.8,2.36,False,False,23286
Don Warren,1986,WAS,16,,20,164,1,0,0,0,0,0,0,0,,0,22.4,42.4,2.65,False,False,23286
Don Warren,1987,WAS,12,,7,43,0,0,0,0,0,0,0,0,,0,4.3,11.3,0.94,False,False,23286
Don Warren,1988,WAS,14,,12,112,0,0,0,0,0,0,0,0,,0,11.2,23.2,1.66,False,False,23286
Don Warren,1989,WAS,15,,15,167,1,0,0,0,0,0,0,0,,0,22.7,37.7,2.51,False,False,23286
Don Warren,1990,WAS,16,,15,123,1,0,0,0,0,0,0,0,,0,18.3,33.3,2.08,False,False,23286
Don Warren,1991,WAS,10,,5,51,0,0,0,0,0,0,0,0,,0,5.1,10.1,1.01,False,False,23286
Don Warren,1992,WAS,11,4,4,25,0,0,0,0,0,0,0,0,,0,2.5,6.5,0.59,False,False,23286
Doug Cosbie,1979,DAL,16,,5,36,0,0,0,0,0,0,0,0,,0,3.6,8.6,0.54,False,False,4593
Doug Cosbie,1980,DAL,16,,2,11,1,0,0,0,0,0,0,0,,0,7.1,9.1,0.57,False,False,4593
Doug Cosbie,1981,DAL,16,,17,225,5,4,33,0,0,0,0,0,,0,55.8,72.8,4.55,False,False,4593
Doug Cosbie,1982,DAL,9,,30,441,4,1,-2,0,0,0,0,0,,0,67.9,97.9,10.88,False,False,4593
Doug Cosbie,1983,DAL,16,,46,588,6,0,0,0,0,0,0,0,,0,94.8,140.8,8.8,False,False,4593
Doug Cosbie,1984,DAL,16,,60,789,4,0,0,0,0,0,0,0,,0,102.9,162.9,10.18,False,False,4593
Doug Cosbie,1985,DAL,16,,64,793,6,0,0,0,0,0,0,0,,0,115.3,179.3,11.21,False,False,4593
Doug Cosbie,1986,DAL,16,,28,312,1,1,9,0,0,0,0,0,,0,38.1,66.1,4.13,False,False,4593
Doug Cosbie,1987,DAL,12,,36,421,3,1,-5,0,0,0,0,0,,0,59.6,95.6,7.97,False,False,4593
Doug Cosbie,1988,DAL,11,,12,112,0,0,0,0,0,0,0,0,,0,11.2,23.2,2.11,False,False,4593
Doug Marsh,1980,STL,16,,22,269,4,0,0,0,0,0,0,0,,0,50.9,72.9,4.56,False,False,14090
Doug Marsh,1981,STL,4,,6,80,1,0,0,0,0,0,0,0,,0,14.0,20.0,5.0,False,False,14090
Doug Marsh,1982,STL,8,,6,94,0,0,0,0,0,0,0,0,,0,9.4,15.4,1.92,False,False,14090
Doug Marsh,1983,STL,16,,32,421,8,0,0,0,0,0,0,0,,0,90.1,122.1,7.63,False,False,14090
Doug Marsh,1984,STL,16,,39,608,5,1,-5,0,0,0,0,0,,0,90.3,129.3,8.08,False,False,14090
Doug Marsh,1985,STL,16,,37,355,1,0,0,0,0,0,0,0,,0,41.5,78.5,4.91,False,False,14090
Doug Marsh,1986,STL,16,,25,313,0,1,5,0,0,0,0,0,,0,31.8,56.8,3.55,False,False,14090
Ed West,1984,GNB,16,,6,54,4,1,2,1,0,0,0,0,,0,35.6,41.6,2.6,False,False,23650
Ed West,1985,GNB,16,,8,95,1,1,0,0,0,0,0,0,,0,15.5,23.5,1.47,False,False,23650
Ed West,1986,GNB,16,,15,199,1,0,0,0,0,0,0,0,,0,25.9,40.9,2.56,False,False,23650
Ed West,1987,GNB,12,,19,261,1,0,0,0,0,0,0,0,,0,32.1,51.1,4.26,False,False,23650
Ed West,1988,GNB,16,,30,276,3,0,0,0,0,0,0,0,,0,45.6,75.6,4.72,False,False,23650
Ed West,1989,GNB,13,,22,269,5,0,0,0,0,0,0,0,,0,56.9,78.9,6.07,False,False,23650
Ed West,1990,GNB,16,,27,356,5,0,0,0,0,0,0,0,,0,65.6,92.6,5.79,False,False,23650
Ed West,1991,GNB,16,,15,151,3,0,0,0,0,0,0,0,,0,33.1,48.1,3.01,False,False,23650
Ed West,1992,GNB,16,10,4,30,0,0,0,0,0,0,0,0,,0,3.0,7.0,0.44,False,False,23650
Ed West,1993,GNB,16,42,25,253,0,0,0,0,0,0,0,0,,0,25.3,50.3,3.14,False,False,23650
Ed West,1994,GNB,14,54,31,377,2,0,0,0,0,0,0,,,0,49.7,80.7,5.76,False,False,23650
Ed West,1995,PHI,16,34,20,190,1,0,0,0,0,0,0,,,0,25.0,45.0,2.81,False,False,23650
Ed West,1996,PHI,16,12,8,91,0,0,0,0,0,0,0,,,0,9.1,17.1,1.07,False,False,23650
Ed West,1997,ATL,12,13,7,63,1,0,0,0,0,0,0,,,0,12.3,19.3,1.61,False,False,23650
Emery Moorehead,1977,NYG,13,,12,143,1,1,5,0,0,0,0,0,,0,20.8,32.8,2.52,False,False,15747
Emery Moorehead,1978,NYG,10,,3,45,0,0,0,0,0,0,0,0,,0,4.5,7.5,0.75,False,False,15747
Emery Moorehead,1979,NYG,13,,9,62,0,36,95,0,0,0,0,0,,0,15.7,24.7,1.9,False,False,15747
Emery Moorehead,1980,DEN,16,,0,0,0,2,7,0,0,0,0,0,,0,0.7,0.7,0.04,False,False,15747
Emery Moorehead,1981,CHI,9,,0,0,0,0,0,0,0,0,0,0,,0,0.0,0.0,0.0,False,False,15747
Emery Moorehead,1982,CHI,9,,30,363,5,2,3,0,0,0,0,0,,0,66.6,96.6,10.73,False,False,15747
Emery Moorehead,1983,CHI,16,,42,597,3,5,6,0,0,0,0,0,,0,78.3,120.3,7.52,False,False,15747
Emery Moorehead,1984,CHI,16,,29,497,1,1,-2,0,0,0,0,0,,0,55.5,84.5,5.28,False,False,15747
Emery Moorehead,1985,CHI,15,,35,481,1,0,0,0,0,0,0,0,,0,54.1,89.1,5.94,False,False,15747
Emery Moorehead,1986,CHI,16,,26,390,1,0,0,0,0,0,0,0,,0,45.0,71.0,4.44,False,False,15747
Emery Moorehead,1987,CHI,12,,24,269,1,0,0,0,0,0,0,0,,0,32.9,56.9,4.74,False,False,15747
Emery Moorehead,1988,CHI,13,,14,133,2,0,0,0,0,0,0,0,,0,25.3,39.3,3.02,False,False,15747
Eric Green,1990,PIT,13,,34,387,7,0,0,0,0,0,0,0,,0,80.7,114.7,8.82,False,False,8363
Eric Green,1991,PIT,11,,41,582,6,0,0,0,0,0,0,0,,0,94.2,135.2,12.29,False,False,8363
Eric Green,1992,PIT,7,24,14,152,2,0,0,0,0,0,0,0,,0,27.2,41.2,5.89,False,False,8363
Eric Green,1993,PIT,16,113,63,942,5,0,0,0,0,0,0,0,,0,124.2,187.2,11.7,False,False,8363
Eric Green,1994,PIT,15,80,46,618,4,0,0,0,0,0,0,,,0,85.8,131.8,8.79,False,False,8363
Eric Green,1995,MIA,14,64,43,499,3,0,0,0,0,0,0,,,0,67.9,110.9,7.92,False,False,8363
Eric Green,1996,BAL,6,24,15,150,1,0,0,0,0,0,0,,,0,21.0,36.0,6.0,False,False,8363
Eric Green,1997,BAL,16,100,65,601,5,0,0,0,0,0,0,,,0,90.1,155.1,9.69,False,False,8363
Eric Green,1998,BAL,12,58,34,422,1,0,0,0,0,0,0,,,0,48.2,82.2,6.85,False,False,8363
Eric Green,1999,NYJ,10,9,7,37,2,0,0,0,0,0,0,0,0,0,15.7,22.7,2.27,False,False,8363
Eric Sievers,1981,SDG,16,,22,276,3,0,0,0,0,0,0,0,,0,45.6,67.6,4.23,False,False,20231
Eric Sievers,1982,SDG,9,,12,173,1,0,0,0,0,0,0,0,,0,23.3,35.3,3.92,False,False,20231
Eric Sievers,1983,SDG,16,,33,452,3,1,-7,0,0,0,0,0,,0,62.5,95.5,5.97,False,False,20231
Eric Sievers,1984,SDG,14,,41,438,3,0,0,0,0,0,0,0,,0,61.8,102.8,7.34,False,False,20231
Eric Sievers,1985,SDG,16,,41,438,6,0,0,0,0,0,0,0,,0,79.8,120.8,7.55,False,False,20231
Eric Sievers,1986,SDG,9,,2,14,0,0,0,0,0,0,0,0,,0,1.4,3.4,0.38,False,False,20231
Eric Sievers,1987,SDG,12,,0,0,0,0,0,0,0,0,0,0,,0,0.0,0.0,0.0,False,False,20231
Eric Sievers,1988,SDG/RAM,6,,1,2,0,0,0,0,0,0,0,0,,0,0.2,1.2,0.2,False,False,20231
Eric Sievers,1989,NWE,16,,54,615,0,0,0,0,0,0,0,0,,0,61.5,115.5,7.22,False,False,20231
Eric Sievers,1990,NWE,8,,8,77,0,0,0,0,0,0,0,0,,0,7.7,15.7,1.96,False,False,20231
Ernie Warlick,1962,BUF,11,,35,482,2,0,0,0,0,0,0,,,0,60.2,95.2,8.65,False,False,23272
Ernie Warlick,1963,BUF,12,,24,479,1,0,0,0,0,0,0,,,0,53.9,77.9,6.49,False,False,23272
Ernie Warlick,1964,BUF,12,,23,478,0,0,0,0,0,0,0,,,0,47.8,70.8,5.9,False,False,23272
Ernie Warlick,1965,BUF,3,,8,112,1,0,0,0,0,0,0,,,0,17.2,25.2,8.4,False,False,23272
Ethan Horton,1985,KAN,16,,28,185,1,48,146,3,0,0,0,0,,0,57.1,85.1,5.32,False,False,10229
Ethan Horton,1987,RAI,4,,3,44,1,31,95,0,0,0,0,0,,0,19.9,22.9,5.73,False,False,10229
Ethan Horton,1989,RAI,16,,4,44,1,0,0,0,0,0,0,0,,0,10.4,14.4,0.9,False,False,10229
Ethan Horton,1990,RAI,16,,33,404,3,0,0,0,0,0,0,0,,0,58.4,91.4,5.71,False,False,10229
Ethan Horton,1991,RAI,16,,53,650,5,0,0,0,0,0,0,0,,0,95.0,148.0,9.25,False,False,10229
Ethan Horton,1992,RAI,16,68,33,409,2,0,0,0,0,0,0,0,,0,52.9,85.9,5.37,False,False,10229
Ethan Horton,1993,RAI,16,73,43,467,1,0,0,0,0,0,0,0,,0,52.7,95.7,5.98,False,False,10229
Ethan Horton,1994,WAS,16,32,15,157,3,0,0,0,0,0,0,,,0,33.7,48.7,3.04,False,False,10229
Ferrell Edmunds,1988,MIA,16,,33,575,3,1,-8,0,0,0,0,0,,0,74.7,107.7,6.73,False,False,6247
Ferrell Edmunds,1989,MIA,16,,32,382,3,0,0,0,0,0,0,0,,0,56.2,88.2,5.51,False,False,6247
Ferrell Edmunds,1990,MIA,16,,31,446,1,1,-7,0,0,0,0,0,,0,49.9,80.9,5.06,False,False,6247
Ferrell Edmunds,1991,MIA,8,,11,118,2,0,0,0,0,0,0,0,,0,23.8,34.8,4.35,False,False,6247
Ferrell Edmunds,1992,MIA,10,17,10,91,1,0,0,0,0,0,0,0,,0,15.1,25.1,2.51,False,False,6247
Ferrell Edmunds,1993,SEA,16,45,24,239,2,0,0,0,0,0,0,0,,0,35.9,59.9,3.74,False,False,6247
Ferrell Edmunds,1994,SEA,7,13,7,43,0,0,0,0,0,0,0,,,0,4.3,11.3,1.61,False,False,6247
Frank Wycheck,1993,WAS,9,24,16,113,0,0,0,0,0,0,0,0,,0,11.3,27.3,3.03,False,False,24784
Frank Wycheck,1994,WAS,9,11,7,55,1,0,0,0,0,0,0,,,0,11.5,18.5,2.06,False,False,24784
Frank Wycheck,1995,HOU,16,51,40,471,1,1,1,1,0,0,0,,,0,59.2,99.2,6.2,False,False,24784
Frank Wycheck,1996,HOU,16,68,53,511,6,2,3,0,0,0,0,,,0,87.4,140.4,8.78,False,False,24784
Frank Wycheck,1997,TEN,16,99,63,748,4,0,0,0,0,0,0,,,0,98.8,161.8,10.11,False,False,24784
Frank Wycheck,1998,TEN,16,91,70,768,2,0,0,0,0,0,0,,,0,88.8,158.8,9.92,False,False,24784
Frank Wycheck,1999,TEN,16,108,69,641,2,0,0,0,61,1,0,0,0,0,82.54,151.54,9.47,False,False,24784
Fred Arbanas,1962,DTX,14,,29,469,6,0,0,0,0,0,0,,,0,82.9,111.9,7.99,False,False,574
Fred Arbanas,1963,KAN,14,,34,373,6,0,0,0,0,0,0,,,0,73.3,107.3,7.66,False,False,574
Fred Arbanas,1964,KAN,10,,34,686,8,0,0,0,0,0,0,,,0,116.6,150.6,15.06,False,False,574
Fred Arbanas,1965,KAN,10,,24,416,4,0,0,0,0,0,0,,,0,65.6,89.6,8.96,False,False,574
Fred Arbanas,1966,KAN,12,,22,305,4,0,0,0,0,0,0,,,0,54.5,76.5,6.38,False,False,574
Fred Arbanas,1967,KAN,10,,20,295,5,0,0,0,0,0,0,,,0,59.5,79.5,7.95,False,False,574
Fred Arbanas,1968,KAN,8,,11,189,0,3,14,0,0,0,0,,,0,20.3,31.3,3.91,False,False,574
Fred Arbanas,1969,KAN,11,,16,258,0,1,1,0,0,0,0,,,0,25.9,41.9,3.81,False,False,574
Fred Arbanas,1970,KAN,6,,8,108,1,0,0,0,0,0,0,0,,0,16.8,24.8,4.13,False,False,574
Freddie Jones,1997,SDG,13,69,41,505,2,0,0,0,0,0,0,,,0,62.5,103.5,7.96,False,False,11584
Freddie Jones,1998,SDG,16,111,57,602,3,0,0,0,0,0,0,,,0,78.2,135.2,8.45,False,False,11584
Freddie Jones,1999,SDG,16,91,56,670,2,0,0,0,0,0,0,0,0,0,79.0,135.0,8.44,False,False,11584
Gary Shirk,1976,NYG,14,,4,52,1,0,0,0,0,0,0,0,,0,11.2,15.2,1.09,False,False,20148
Gary Shirk,1977,NYG,14,,16,280,2,0,0,0,0,0,0,0,,0,40.0,56.0,4.0,False,False,20148
Gary Shirk,1978,NYG,16,,10,127,2,0,0,0,0,0,0,0,,0,24.7,34.7,2.17,False,False,20148
Gary Shirk,1979,NYG,16,,31,471,2,0,0,0,0,0,0,0,,0,59.1,90.1,5.63,False,False,20148
Gary Shirk,1980,NYG,16,,21,211,1,0,0,0,0,0,0,0,,0,27.1,48.1,3.01,False,False,20148
Gary Shirk,1981,NYG,16,,42,445,3,0,0,0,0,0,0,0,,0,62.5,104.5,6.53,False,False,20148
Gary Shirk,1982,NYG,9,,6,54,0,0,0,0,0,0,0,0,,0,5.4,11.4,1.27,False,False,20148
Gene Prebola,1960,OAK,10,,33,404,2,0,0,0,0,0,0,,,0,52.4,85.4,8.54,False,False,17903
Gene Prebola,1961,DEN,12,,29,349,1,0,0,0,0,0,0,,,0,40.9,69.9,5.83,False,False,17903
Gene Prebola,1962,DEN,14,,41,599,1,0,0,0,0,0,0,,,0,65.9,106.9,7.64,False,False,17903
Gene Prebola,1963,DEN,12,,30,472,2,0,0,0,0,0,0,,,0,59.2,89.2,7.43,False,False,17903
Henry Childs,1974,ATL/NOR,7,,0,0,0,0,0,0,0,0,0,0,,0,0.0,0.0,0.0,False,False,3849
Henry Childs,1975,NOR,14,,10,179,0,0,0,0,0,0,0,0,,0,17.9,27.9,1.99,False,False,3849
Henry Childs,1976,NOR,14,,26,349,3,1,16,1,0,0,0,0,,0,60.5,86.5,6.18,False,False,3849
Henry Childs,1977,NOR,13,,33,518,9,0,0,0,0,0,0,0,,0,105.8,138.8,10.68,False,False,3849
Henry Childs,1978,NOR,16,,53,869,4,2,-4,0,0,0,0,0,,0,110.5,163.5,10.22,False,False,3849
Henry Childs,1979,NOR,16,,51,846,5,0,0,0,0,0,0,0,,0,114.6,165.6,10.35,False,False,3849
Henry Childs,1980,NOR,13,,34,463,6,0,0,0,0,0,0,0,,0,82.3,116.3,8.95,False,False,3849
Henry Childs,1981,RAM,7,,12,145,1,1,0,0,0,0,0,0,,0,20.5,32.5,4.64,False,False,3849
Henry Childs,1984,GNB,3,,4,32,0,0,0,0,0,0,0,0,,0,3.2,7.2,2.4,False,False,3849
Hoby Brenner,1981,NOR,9,,7,143,0,0,0,0,0,0,0,0,,0,14.3,21.3,2.37,False,False,2342
Hoby Brenner,1982,NOR,8,,16,171,0,0,0,0,0,0,0,0,,0,17.1,33.1,4.14,False,False,2342
Hoby Brenner,1983,NOR,16,,41,574,3,0,0,0,0,0,0,0,,0,75.4,116.4,7.27,False,False,2342
Hoby Brenner,1984,NOR,16,,28,554,6,0,0,0,0,0,0,0,,0,91.4,119.4,7.46,False,False,2342
Hoby Brenner,1985,NOR,16,,42,652,3,0,0,0,0,0,0,0,,0,83.2,125.2,7.82,False,False,2342
Hoby Brenner,1986,NOR,15,,18,286,0,0,0,0,0,0,0,0,,0,28.6,46.6,3.11,False,False,2342
Hoby Brenner,1987,NOR,12,,20,280,2,0,0,0,0,0,0,0,,0,40.0,60.0,5.0,False,False,2342
Hoby Brenner,1988,NOR,10,,5,67,0,0,0,0,0,0,0,0,,0,6.7,11.7,1.17,False,False,2342
Hoby Brenner,1989,NOR,16,,34,398,4,0,0,0,0,0,0,0,,0,63.8,97.8,6.11,False,False,2342
Hoby Brenner,1990,NOR,16,,17,213,2,0,0,0,0,0,0,0,,0,33.3,50.3,3.14,False,False,2342
Hoby Brenner,1991,NOR,16,,16,179,0,0,0,0,0,0,0,0,,0,17.9,33.9,2.12,False,False,2342
Hoby Brenner,1992,NOR,15,24,12,161,0,0,0,0,0,0,0,0,,0,16.1,28.1,1.87,False,False,2342
Hoby Brenner,1993,NOR,10,16,11,171,1,0,0,0,0,0,0,0,,0,23.1,34.1,3.41,False,False,2342
Howard Cross,1989,NYG,16,,6,107,1,0,0,0,0,0,0,0,,0,16.7,22.7,1.42,False,False,4831
Howard Cross,1990,NYG,16,,8,106,0,0,0,0,0,0,0,0,,0,10.6,18.6,1.16,False,False,4831
Howard Cross,1991,NYG,16,,20,283,2,0,0,0,0,0,0,0,,0,40.3,60.3,3.77,False,False,4831
Howard Cross,1992,NYG,16,41,27,357,2,0,0,0,0,0,0,0,,0,47.7,74.7,4.67,False,False,4831
Howard Cross,1993,NYG,16,36,21,272,5,0,0,0,0,0,0,0,,0,57.2,78.2,4.89,False,False,4831
Howard Cross,1994,NYG,16,41,31,364,4,0,0,0,0,0,0,,,0,60.4,91.4,5.71,False,False,4831
Howard Cross,1995,NYG,15,36,18,197,0,0,0,0,0,0,0,,,0,19.7,37.7,2.51,False,False,4831
Howard Cross,1996,NYG,16,45,22,178,1,0,0,0,0,0,0,,,0,23.8,45.8,2.86,False,False,4831
Howard Cross,1997,NYG,16,38,21,150,2,0,0,0,0,0,0,,,0,27.0,48.0,3.0,False,False,4831
Howard Cross,1998,NYG,16,29,13,90,0,0,0,0,0,0,0,,,0,9.0,22.0,1.38,False,False,4831
Howard Cross,1999,NYG,16,18,9,55,0,0,0,0,0,0,0,0,0,0,5.5,14.5,0.91,False,False,4831
Irv Smith,1993,NOR,16,32,16,180,2,0,0,0,0,0,0,0,,0,30.0,46.0,2.87,False,False,20636
Irv Smith,1994,NOR,16,53,41,330,3,0,0,0,0,0,0,,,0,51.0,92.0,5.75,False,False,20636
Irv Smith,1995,NOR,16,55,45,466,3,0,0,0,0,0,0,,,0,64.6,109.6,6.85,False,False,20636
Irv Smith,1996,NOR,7,23,15,144,0,0,0,0,0,0,0,,,0,14.4,29.4,4.2,False,False,20636
Irv Smith,1997,NOR,11,36,17,180,1,0,0,0,0,0,0,,,0,24.0,41.0,3.73,False,False,20636
Irv Smith,1998,SFO,16,41,25,266,5,0,0,0,0,0,0,,,0,56.6,81.6,5.1,False,False,20636
Irv Smith,1999,CLE,13,42,24,222,1,0,0,0,0,0,0,0,0,0,28.2,52.2,4.02,False,False,20636
Jackie Harris,1990,GNB,16,,12,157,0,0,0,0,0,0,0,0,,0,15.7,27.7,1.73,False,False,9175
Jackie Harris,1991,GNB,16,,24,264,3,1,1,0,0,0,0,0,,0,44.5,68.5,4.28,False,False,9175
Jackie Harris,1992,GNB,16,82,55,595,2,0,0,0,0,0,0,0,,0,71.5,126.5,7.91,False,False,9175
Jackie Harris,1993,GNB,12,73,42,604,4,0,0,0,0,0,0,0,,0,84.4,126.4,10.53,False,False,9175
Jackie Harris,1994,TAM,9,44,26,337,3,0,0,0,0,0,0,,,0,51.7,77.7,8.63,False,False,9175
Jackie Harris,1995,TAM,16,99,62,751,1,0,0,0,0,0,0,,,0,81.1,143.1,8.94,False,False,9175
Jackie Harris,1996,TAM,13,60,30,349,1,0,0,0,0,0,0,,,0,40.9,70.9,5.45,False,False,9175
Jackie Harris,1997,TAM,12,34,19,197,1,0,0,0,0,0,0,,,0,25.7,44.7,3.73,False,False,9175
Jackie Harris,1998,TEN,16,55,43,412,2,0,0,0,0,0,0,,,0,53.2,96.2,6.01,False,False,9175
Jackie Harris,1999,TEN,12,34,26,297,1,0,0,0,0,0,0,1,0,0,37.7,63.7,5.31,False,False,9175
Jackie Smith,1963,STL,9,,28,445,2,0,0,0,0,0,0,0,,0,56.5,84.5,9.39,True,True,20643
Jackie Smith,1964,STL,13,,47,657,4,0,0,0,0,0,0,0,,0,89.7,136.7,10.52,True,True,20643
Jackie Smith,1965,STL,14,,41,648,2,0,0,0,0,0,0,0,,0,76.8,117.8,8.41,True,True,20643
Jackie Smith,1966,STL,14,,45,810,3,1,8,0,0,0,0,0,,0,99.8,144.8,10.34,True,True,20643
Jackie Smith,1967,STL,13,,56,1205,9,9,86,0,0,0,1,0,,0,181.1,237.1,18.24,True,True,20643
Jackie Smith,1968,STL,14,,49,789,2,12,163,3,0,0,0,0,,0,125.2,174.2,12.44,True,True,20643
Jackie Smith,1969,STL,14,,43,561,1,4,0,0,0,0,0,0,,0,62.1,105.1,7.51,True,True,20643
Jackie Smith,1970,STL,14,,37,687,4,5,43,0,0,0,0,0,,0,97.0,134.0,9.57,True,True,20643
Jackie Smith,1971,STL,9,,21,379,4,1,10,0,0,0,0,0,,0,62.9,83.9,9.32,True,True,20643
Jackie Smith,1972,STL,14,,26,407,2,5,31,0,0,0,0,0,,0,55.8,81.8,5.84,True,True,20643
Jackie Smith,1973,STL,14,,41,600,1,1,-14,0,0,0,0,0,,0,64.6,105.6,7.54,True,True,20643
Jackie Smith,1974,STL,14,,25,413,3,0,0,0,0,0,0,0,,0,59.3,84.3,6.02,True,True,20643
Jackie Smith,1975,STL,9,,13,246,2,0,0,0,0,0,0,0,,0,36.6,49.6,5.51,True,True,20643
Jackie Smith,1976,STL,12,,3,22,0,0,0,0,0,0,0,0,,0,2.2,5.2,0.43,True,True,20643
Jackie Smith,1977,STL,14,,5,49,1,0,0,0,0,0,0,0,,0,10.9,15.9,1.14,True,True,20643
Jackie Smith,1978,DAL,12,,0,0,0,0,0,0,0,0,0,0,,0,0.0,0.0,0.0,True,True,20643
Jacque MacKinnon,1961,SDG,1,,3,58,0,0,0,0,0,0,0,,,0,5.8,8.8,8.8,False,False,13816
Jacque MacKinnon,1962,SDG,11,,9,125,2,59,240,0,0,0,0,,,0,48.5,57.5,5.23,False,False,13816
Jacque MacKinnon,1963,SDG,7,,11,262,4,0,0,0,0,0,0,,,0,50.2,61.2,8.74,False,False,13816
Jacque MacKinnon,1964,SDG,8,,10,175,0,24,124,2,0,0,0,,,0,41.9,51.9,6.49,False,False,13816
Jacque MacKinnon,1965,SDG,5,,6,106,0,3,17,0,0,0,0,,,0,12.3,18.3,3.66,False,False,13816
Jacque MacKinnon,1966,SDG,11,,26,477,6,0,0,0,0,0,0,,,0,83.7,109.7,9.97,False,False,13816
Jacque MacKinnon,1967,SDG,5,,7,176,2,0,0,0,0,0,0,,,0,29.6,36.6,7.32,False,False,13816
Jacque MacKinnon,1968,SDG,11,,33,646,6,0,0,0,0,0,0,,,0,100.6,133.6,12.15,False,False,13816
Jacque MacKinnon,1969,SDG,4,,7,82,0,0,0,0,0,0,0,,,0,8.2,15.2,3.8,False,False,13816
Jacque MacKinnon,1970,OAK,4,,0,0,0,0,0,0,0,0,0,0,,0,0.0,0.0,0.0,False,False,13816
Jamie Williams,1983,STL,1,,0,0,0,0,0,0,0,0,0,0,,0,0.0,0.0,0.0,False,False,24108
Jamie Williams,1984,HOU,16,,41,545,3,0,0,0,0,0,0,0,,0,72.5,113.5,7.09,False,False,24108
Jamie Williams,1985,HOU,16,,39,444,1,0,0,0,0,0,0,0,,0,50.4,89.4,5.59,False,False,24108
Jamie Williams,1986,HOU,16,,22,227,1,0,0,0,0,0,0,0,,0,28.7,50.7,3.17,False,False,24108
Jamie Williams,1987,HOU,12,,13,158,3,0,0,0,0,0,0,0,,0,33.8,46.8,3.9,False,False,24108
Jamie Williams,1988,HOU,16,,6,46,0,0,0,0,0,0,0,0,,0,4.6,10.6,0.66,False,False,24108
Jamie Williams,1989,SFO,3,,3,38,0,0,0,0,0,0,0,0,,0,3.8,6.8,2.27,False,False,24108
Jamie Williams,1990,SFO,16,,9,54,0,0,0,0,0,0,0,0,,0,5.4,14.4,0.9,False,False,24108
Jamie Williams,1991,SFO,16,,22,235,1,0,0,0,0,0,0,0,,0,29.5,51.5,3.22,False,False,24108
Jamie Williams,1992,SFO,16,14,7,76,1,0,0,0,0,0,0,0,,0,13.6,20.6,1.29,False,False,24108
Jamie Williams,1993,SFO,16,20,16,132,1,0,0,0,0,0,0,0,,0,19.2,35.2,2.2,False,False,24108
Jamie Williams,1994,RAI,16,5,3,25,0,0,0,0,0,0,0,,,0,2.5,5.5,0.34,False,False,24108
Jay Novacek,1985,STL,16,,1,4,0,0,0,0,0,0,0,0,,0,0.4,1.4,0.09,False,False,16558
Jay Novacek,1986,STL,8,,1,2,0,0,0,0,0,0,0,0,,0,0.2,1.2,0.15,False,False,16558
Jay Novacek,1987,STL,7,,20,254,3,0,0,0,0,0,0,0,,0,43.4,63.4,9.06,False,False,16558
Jay Novacek,1988,PHO,16,,38,569,4,1,10,0,0,0,0,0,,0,81.9,119.9,7.49,False,False,16558
Jay Novacek,1989,PHO,16,,23,225,1,0,0,0,0,0,0,0,,0,28.5,51.5,3.22,False,False,16558
Jay Novacek,1990,DAL,16,,59,657,4,0,0,0,0,0,0,0,,0,89.7,148.7,9.29,False,False,16558
Jay Novacek,1991,DAL,16,,59,664,4,0,0,0,0,0,0,0,,0,90.4,149.4,9.34,False,False,16558
Jay Novacek,1992,DAL,16,99,68,630,6,0,0,0,0,0,0,0,,0,99.0,167.0,10.44,False,False,16558
Jay Novacek,1993,DAL,16,69,44,445,1,1,2,1,0,0,0,0,,0,56.7,100.7,6.29,False,False,16558
Jay Novacek,1994,DAL,16,65,47,475,2,0,0,0,0,0,0,,,0,59.5,106.5,6.66,False,False,16558
Jay Novacek,1995,DAL,15,90,62,705,5,0,0,0,0,0,0,,,0,100.5,162.5,10.83,False,False,16558
Jean Fugett,1972,DAL,14,,7,94,0,3,2,0,0,0,0,0,,0,9.6,16.6,1.19,False,False,7423
Jean Fugett,1973,DAL,12,,9,168,3,1,34,0,0,0,0,0,,0,38.2,47.2,3.93,False,False,7423
Jean Fugett,1974,DAL,12,,4,60,1,0,0,0,0,0,0,0,,0,12.0,16.0,1.33,False,False,7423
Jean Fugett,1975,DAL,14,,38,488,3,1,2,0,0,0,0,0,,0,67.0,105.0,7.5,False,False,7423
Jean Fugett,1976,WAS,12,,27,334,6,2,0,0,0,0,0,0,,0,69.4,96.4,8.03,False,False,7423
Jean Fugett,1977,WAS,14,,36,631,5,0,0,0,0,0,0,0,,0,93.1,129.1,9.22,False,False,7423
Jean Fugett,1978,WAS,14,,25,367,7,0,0,0,0,0,0,0,,0,78.7,103.7,7.41,False,False,7423
Jean Fugett,1979,WAS,11,,10,128,3,0,0,0,0,0,0,0,,0,30.8,40.8,3.71,False,False,7423
Jerome Barkum,1972,NYJ,14,,16,304,2,0,0,0,0,0,0,0,,0,42.4,58.4,4.17,False,False,1072
Jerome Barkum,1973,NYJ,14,,44,810,6,1,2,0,0,0,0,0,,0,117.2,161.2,11.51,False,False,1072
Jerome Barkum,1974,NYJ,14,,41,524,3,1,2,0,0,0,0,0,,0,70.6,111.6,7.97,False,False,1072
Jerome Barkum,1975,NYJ,13,,36,549,5,1,-7,0,0,0,0,0,,0,84.2,120.2,9.25,False,False,1072
Jerome Barkum,1976,NYJ,4,,5,54,1,0,0,0,0,0,0,0,,0,11.4,16.4,4.1,False,False,1072
Jerome Barkum,1977,NYJ,14,,26,450,6,0,0,0,0,0,0,0,,0,81.0,107.0,7.64,False,False,1072
Jerome Barkum,1978,NYJ,16,,28,391,3,0,0,0,0,0,0,0,,0,57.1,85.1,5.32,False,False,1072
Jerome Barkum,1979,NYJ,13,,27,401,4,0,0,0,0,0,0,0,,0,64.1,91.1,7.01,False,False,1072
Jerome Barkum,1980,NYJ,16,,13,244,1,0,0,0,0,0,0,0,,0,30.4,43.4,2.71,False,False,1072
Jerome Barkum,1981,NYJ,16,,39,495,7,0,0,0,0,0,0,0,,0,91.5,130.5,8.16,False,False,1072
Jerome Barkum,1982,NYJ,9,,19,182,1,0,0,0,0,0,0,0,,0,24.2,43.2,4.8,False,False,1072
Jerome Barkum,1983,NYJ,15,,32,385,1,0,0,0,0,0,0,0,,0,44.5,76.5,5.1,False,False,1072
Jerry Smith,1965,WAS,10,,19,257,2,0,0,0,0,0,0,0,,0,37.7,56.7,5.67,False,False,20656
Jerry Smith,1966,WAS,14,,54,686,6,0,0,0,0,0,0,0,,0,104.6,158.6,11.33,False,False,20656
Jerry Smith,1967,WAS,13,,67,849,12,0,0,0,0,0,0,0,,0,156.9,223.9,17.22,False,False,20656
Jerry Smith,1968,WAS,10,,45,626,6,0,0,0,0,0,0,0,,0,98.6,143.6,14.36,False,False,20656
Jerry Smith,1969,WAS,14,,54,682,9,3,8,0,0,0,0,0,,0,123.0,177.0,12.64,False,False,20656
Jerry Smith,1970,WAS,14,,43,575,9,2,29,0,0,0,0,0,,0,114.4,157.4,11.24,False,False,20656
Jerry Smith,1971,WAS,8,,16,227,1,1,5,0,0,0,0,0,,0,29.2,45.2,5.65,False,False,20656
Jerry Smith,1972,WAS,14,,21,353,7,1,9,0,0,0,0,0,,0,78.2,99.2,7.09,False,False,20656
Jerry Smith,1973,WAS,13,,19,215,0,0,0,0,0,0,0,0,,0,21.5,40.5,3.12,False,False,20656
Jerry Smith,1974,WAS,14,,44,554,3,1,5,0,0,0,0,0,,0,73.9,117.9,8.42,False,False,20656
Jerry Smith,1975,WAS,14,,31,391,3,0,0,0,0,0,0,0,,0,57.1,88.1,6.29,False,False,20656
Jerry Smith,1976,WAS,13,,7,75,2,0,0,0,0,0,0,0,,0,19.5,26.5,2.04,False,False,20656
Jerry Smith,1977,WAS,9,,1,6,0,0,0,0,0,0,0,0,,0,0.6,1.6,0.18,False,False,20656
Jim Mitchell,1969,ATL,13,,22,339,4,5,77,0,0,0,0,0,,0,65.6,87.6,6.74,False,False,15485
Jim Mitchell,1970,ATL,14,,44,650,6,5,23,1,0,0,0,0,,0,109.3,153.3,10.95,False,False,15485
Jim Mitchell,1971,ATL,13,,33,593,5,4,25,0,0,0,0,0,,0,91.8,124.8,9.6,False,False,15485
Jim Mitchell,1972,ATL,14,,28,470,4,2,19,0,0,0,0,0,,0,72.9,100.9,7.21,False,False,15485
Jim Mitchell,1973,ATL,14,,32,420,0,5,34,0,0,0,0,0,,0,45.4,77.4,5.53,False,False,15485
Jim Mitchell,1974,ATL,14,,30,479,1,3,21,0,0,0,0,0,,0,56.0,86.0,6.14,False,False,15485
Jim Mitchell,1975,ATL,14,,34,536,4,0,0,0,0,0,0,0,,0,77.6,111.6,7.97,False,False,15485
Jim Mitchell,1976,ATL,14,,17,209,0,1,-6,0,0,0,0,0,,0,20.3,37.3,2.66,False,False,15485
Jim Mitchell,1977,ATL,12,,17,178,0,1,-6,0,0,0,0,0,,0,17.2,34.2,2.85,False,False,15485
Jim Mitchell,1978,ATL,16,,32,366,2,0,0,0,0,0,0,0,,0,48.6,80.6,5.04,False,False,15485
Jim Mitchell,1979,ATL,16,,16,118,2,0,0,0,0,0,0,0,,0,23.8,39.8,2.49,False,False,15485
Jim Whalen,1965,BOS,9,,22,381,0,0,0,0,0,0,0,,,0,38.1,60.1,6.68,False,False,23693
Jim Whalen,1966,BOS,12,,29,502,4,0,0,0,0,0,0,,,0,74.2,103.2,8.6,False,False,23693
Jim Whalen,1967,BOS,12,,39,651,5,0,0,0,0,0,0,,,0,95.1,134.1,11.17,False,False,23693
Jim Whalen,1968,BOS,13,,47,718,7,1,0,0,0,0,0,,,0,113.8,160.8,12.37,False,False,23693
Jim Whalen,1969,BOS,6,,16,235,1,0,0,0,0,0,0,,,0,29.5,45.5,7.58,False,False,23693
Jim Whalen,1970,DEN,14,,36,503,3,0,0,0,0,0,0,0,,0,68.3,104.3,7.45,False,False,23693
Jim Whalen,1971,DEN/PHI,5,,8,165,0,0,0,0,0,0,0,0,,0,16.5,24.5,4.9,False,False,23693
Jimmie Giles,1977,HOU,14,,17,147,0,1,-10,0,0,0,0,0,,0,13.7,30.7,2.19,False,False,7878
Jimmie Giles,1978,TAM,16,,23,324,2,1,-1,0,0,0,0,0,,0,44.3,67.3,4.21,False,False,7878
Jimmie Giles,1979,TAM,16,,40,579,7,2,7,0,0,0,0,0,,0,100.6,140.6,8.79,False,False,7878
Jimmie Giles,1980,TAM,16,,33,602,4,0,0,0,0,0,0,0,,0,84.2,117.2,7.33,False,False,7878
Jimmie Giles,1981,TAM,16,,45,786,6,0,0,0,0,0,0,0,,0,114.6,159.6,9.97,False,False,7878
Jimmie Giles,1982,TAM,9,,28,499,3,1,1,0,0,0,0,0,,0,68.0,96.0,10.67,False,False,7878
Jimmie Giles,1983,TAM,11,,25,349,1,0,0,0,0,0,0,0,,0,40.9,65.9,5.99,False,False,7878
Jimmie Giles,1984,TAM,14,,24,310,2,0,0,0,0,0,0,0,,0,43.0,67.0,4.79,False,False,7878
Jimmie Giles,1985,TAM,16,,43,673,8,0,0,0,0,0,0,0,,0,115.3,158.3,9.89,False,False,7878
Jimmie Giles,1986,TAM/DET,16,,37,376,4,0,0,0,0,0,0,0,,0,61.6,98.6,6.16,False,False,7878
Jimmie Giles,1987,DET/PHI,12,,13,157,1,0,0,0,0,0,0,0,,0,21.7,34.7,2.89,False,False,7878
Jimmie Giles,1988,PHI,16,,6,57,1,0,0,0,0,0,0,0,,0,11.7,17.7,1.11,False,False,7878
Jimmie Giles,1989,PHI,16,,16,225,2,0,0,0,0,0,0,0,,0,34.5,50.5,3.16,False,False,7878
Joe Rose,1980,MIA,16,,13,149,0,0,0,0,0,0,0,0,,0,14.9,27.9,1.74,False,False,19090
Joe Rose,1981,MIA,16,,23,316,2,0,0,0,0,0,0,0,,0,43.6,66.6,4.16,False,False,19090
Joe Rose,1982,MIA,9,,16,182,2,0,0,0,0,0,0,0,,0,30.2,46.2,5.13,False,False,19090
Joe Rose,1983,MIA,16,,29,345,3,0,0,0,0,0,0,0,,0,52.5,81.5,5.09,False,False,19090
Joe Rose,1984,MIA,9,,12,195,2,0,0,0,0,0,0,0,,0,31.5,43.5,4.83,False,False,19090
Joe Rose,1985,MIA,16,,19,306,4,0,0,0,0,0,0,0,,0,54.6,73.6,4.6,False,False,19090
Joe Rose,1987,RAM,1,,0,0,0,0,0,0,0,0,0,0,,0,0.0,0.0,0.0,False,False,19090
Joe Senser,1980,MIN,16,,42,447,7,1,-1,0,0,0,0,0,,0,86.6,128.6,8.04,False,False,19939
Joe Senser,1981,MIN,16,,79,1004,8,1,2,0,0,0,0,0,,0,148.6,227.6,14.22,False,False,19939
Joe Senser,1982,MIN,9,,29,261,1,0,0,0,0,0,0,0,,0,32.1,61.1,6.79,False,False,19939
Joe Senser,1984,MIN,8,,15,110,0,0,0,0,0,0,0,0,,0,11.0,26.0,3.25,False,False,19939
John Beasley,1967,MIN,9,,13,120,4,0,0,0,0,0,0,0,,0,36.0,49.0,5.44,False,False,1345
John Beasley,1968,MIN,10,,23,289,0,0,0,0,0,0,0,0,,0,28.9,51.9,5.19,False,False,1345
John Beasley,1969,MIN,11,,33,361,4,0,0,0,0,0,0,0,,0,60.1,93.1,8.46,False,False,1345
John Beasley,1970,MIN,14,,17,237,2,0,0,0,0,0,0,0,,0,35.7,52.7,3.76,False,False,1345
John Beasley,1972,MIN,14,,28,232,1,0,0,0,0,0,0,0,,0,29.2,57.2,4.09,False,False,1345
John Beasley,1973,MIN/NOR,13,,32,283,2,0,0,0,0,0,0,0,,0,40.3,72.3,5.56,False,False,1345
John Beasley,1974,NOR,14,,5,85,0,0,0,0,0,0,0,0,,0,8.5,13.5,0.96,False,False,1345
John Hilton,1965,PIT,1,,4,32,0,0,0,0,0,0,0,0,,0,3.2,7.2,7.2,False,False,9917
John Hilton,1966,PIT,13,,47,614,4,0,0,0,0,0,0,0,,0,85.4,132.4,10.18,False,False,9917
John Hilton,1967,PIT,11,,26,343,5,1,15,0,0,0,0,0,,0,65.8,91.8,8.35,False,False,9917
John Hilton,1968,PIT,9,,19,257,1,0,0,0,0,0,0,0,,0,31.7,50.7,5.63,False,False,9917
John Hilton,1969,PIT,7,,12,231,0,0,0,0,0,0,0,0,,0,23.1,35.1,5.01,False,False,9917
John Hilton,1970,GNB,14,,25,350,4,0,0,0,0,0,0,0,,0,59.0,84.0,6.0,False,False,9917
John Hilton,1971,MIN,7,,0,0,0,0,0,0,0,0,0,0,,0,0.0,0.0,0.0,False,False,9917
John Hilton,1972,DET,5,,5,133,1,0,0,0,0,0,0,0,,0,19.3,24.3,4.86,False,False,9917
John Hilton,1973,DET,14,,6,70,1,0,0,0,0,0,0,0,,0,13.0,19.0,1.36,False,False,9917
John Mackey,1963,BAL,13,,35,726,7,1,3,0,0,0,0,0,,0,114.9,149.9,11.53,True,True,13812
John Mackey,1964,BAL,10,,22,406,2,1,-1,0,0,0,0,0,,0,52.5,74.5,7.45,True,True,13812
John Mackey,1965,BAL,14,,40,814,7,1,7,0,0,0,0,0,,0,124.1,164.1,11.72,True,True,13812
John Mackey,1966,BAL,13,,50,829,9,1,-6,0,0,0,0,0,,0,136.3,186.3,14.33,True,True,13812
John Mackey,1967,BAL,13,,55,686,3,0,0,0,0,0,0,0,,0,86.6,141.6,10.89,True,True,13812
John Mackey,1968,BAL,14,,45,644,5,10,103,0,0,0,0,0,,0,104.7,149.7,10.69,True,True,13812
John Mackey,1969,BAL,12,,34,443,2,2,3,0,0,0,0,0,,0,56.6,90.6,7.55,True,True,13812
John Mackey,1970,BAL,14,,28,435,3,0,0,0,0,0,0,0,,0,61.5,89.5,6.39,True,True,13812
John Mackey,1971,BAL,14,,11,143,0,3,18,0,0,0,0,0,,0,16.1,27.1,1.94,True,True,13812
John Mackey,1972,SDG,13,,11,110,0,0,0,0,0,0,0,0,,0,11.0,22.0,1.69,True,True,13812
John Spagnola,1979,PHI,16,,2,24,0,0,0,0,0,0,0,0,,0,2.4,4.4,0.28,False,False,20933
John Spagnola,1980,PHI,16,,18,193,3,0,0,0,0,0,0,0,,0,37.3,55.3,3.46,False,False,20933
John Spagnola,1981,PHI,11,,6,83,0,0,0,0,0,0,0,0,,0,8.3,14.3,1.3,False,False,20933
John Spagnola,1982,PHI,9,,26,313,2,0,0,0,0,0,0,0,,0,43.3,69.3,7.7,False,False,20933
John Spagnola,1984,PHI,16,,65,701,1,0,0,0,0,0,0,0,,0,76.1,141.1,8.82,False,False,20933
John Spagnola,1985,PHI,16,,64,772,5,0,0,0,0,0,0,0,,0,107.2,171.2,10.7,False,False,20933
John Spagnola,1986,PHI,15,,39,397,1,0,0,0,0,0,0,0,,0,45.7,84.7,5.65,False,False,20933
John Spagnola,1987,PHI,12,,36,350,2,0,0,0,0,0,0,0,,0,47.0,83.0,6.92,False,False,20933
John Spagnola,1988,SEA,16,,5,40,1,0,0,0,0,0,0,0,,0,10.0,15.0,0.94,False,False,20933
John Spagnola,1989,GNB,6,,2,13,0,0,0,0,0,0,0,0,,0,1.3,3.3,0.55,False,False,20933
John Tice,1983,NOR,16,,7,33,1,0,0,0,0,0,0,0,,0,9.3,16.3,1.02,False,False,22283
John Tice,1984,NOR,10,,6,55,1,0,0,0,0,0,0,0,,0,11.5,17.5,1.75,False,False,22283
John Tice,1985,NOR,16,,24,266,2,0,0,0,0,0,0,0,,0,38.6,62.6,3.91,False,False,22283
John Tice,1986,NOR,16,,37,330,3,0,0,0,0,0,0,0,,0,51.0,88.0,5.5,False,False,22283
John Tice,1987,NOR,12,,16,181,6,0,0,0,0,0,0,0,,0,54.1,70.1,5.84,False,False,22283
John Tice,1988,NOR,15,,26,297,1,0,0,0,0,0,0,0,,0,35.7,61.7,4.11,False,False,22283
John Tice,1989,NOR,15,,9,98,1,0,0,0,0,0,0,0,,0,15.8,24.8,1.65,False,False,22283
John Tice,1990,NOR,16,,11,113,0,0,0,0,0,0,0,0,,0,11.3,22.3,1.39,False,False,22283
John Tice,1991,NOR,15,,22,230,0,0,0,0,0,0,0,0,,0,23.0,45.0,3.0,False,False,22283
John Tice,1992,NOR,3,0,0,0,0,0,0,0,0,0,0,0,,0,0.0,0.0,0.0,False,False,22283
Johnny Mitchell,1992,NYJ,11,29,16,210,1,0,0,0,0,0,0,0,,0,27.0,43.0,3.91,False,False,15487
Johnny Mitchell,1993,NYJ,14,73,39,630,6,0,0,0,0,0,0,0,,0,99.0,138.0,9.86,False,False,15487
Johnny Mitchell,1994,NYJ,16,111,58,749,4,0,0,0,0,0,0,,,0,98.9,156.9,9.81,False,False,15487
Johnny Mitchell,1995,NYJ,12,80,45,497,5,0,0,0,0,0,0,,,0,79.7,124.7,10.39,False,False,15487
Johnny Mitchell,1996,DAL,4,2,1,17,0,0,0,0,0,0,0,,,0,1.7,2.7,0.68,False,False,15487
Jonathan Hayes,1985,KAN,16,,5,39,1,0,0,0,0,0,0,0,,0,9.9,14.9,0.93,False,False,9443
Jonathan Hayes,1986,KAN,16,,8,69,0,0,0,0,0,0,0,0,,0,6.9,14.9,0.93,False,False,9443
Jonathan Hayes,1987,KAN,12,,21,272,2,0,0,0,0,0,0,0,,0,39.2,60.2,5.02,False,False,9443
Jonathan Hayes,1988,KAN,16,,22,233,1,0,0,0,0,0,0,0,,0,29.3,51.3,3.21,False,False,9443
Jonathan Hayes,1989,KAN,16,,18,229,2,0,0,0,0,0,0,0,,0,34.9,52.9,3.31,False,False,9443
Jonathan Hayes,1990,KAN,12,,9,83,1,0,0,0,0,0,0,0,,0,14.3,23.3,1.94,False,False,9443
Jonathan Hayes,1991,KAN,16,,19,208,2,0,0,0,0,0,0,0,,0,32.8,51.8,3.24,False,False,9443
Jonathan Hayes,1992,KAN,16,15,9,77,2,0,0,0,0,0,0,0,,0,19.7,28.7,1.79,False,False,9443
Jonathan Hayes,1993,KAN,16,38,24,331,1,0,0,0,0,0,0,0,,0,39.1,63.1,3.94,False,False,9443
Jonathan Hayes,1994,PIT,16,11,5,50,1,0,0,0,0,0,0,,,0,11.0,16.0,1.0,False,False,9443
Jonathan Hayes,1995,PIT,16,18,11,113,0,0,0,0,0,0,0,,,0,11.3,22.3,1.39,False,False,9443
Jonathan Hayes,1996,PIT,16,6,2,14,0,0,0,0,0,0,0,,,0,1.4,3.4,0.21,False,False,9443
Keith Jackson,1988,PHI,16,,81,869,6,0,0,0,0,0,0,0,,0,122.9,203.9,12.74,False,False,10792
Keith Jackson,1989,PHI,14,,63,648,3,0,0,0,0,0,0,0,,0,82.8,145.8,10.41,False,False,10792
Keith Jackson,1990,PHI,14,,50,670,6,0,0,0,0,0,0,0,,0,103.0,153.0,10.93,False,False,10792
Keith Jackson,1991,PHI,16,,48,569,5,0,0,0,0,0,0,0,,0,86.9,134.9,8.43,False,False,10792
Keith Jackson,1992,MIA,13,69,48,594,5,0,0,0,0,0,0,0,,0,89.4,137.4,10.57,False,False,10792
Keith Jackson,1993,MIA,15,73,39,613,6,0,0,0,0,0,0,0,,0,97.3,136.3,9.09,False,False,10792
Keith Jackson,1994,MIA,16,95,59,673,7,0,0,0,0,0,0,,,0,109.3,168.3,10.52,False,False,10792
Keith Jackson,1995,GNB,9,19,13,142,1,0,0,0,0,0,0,,,0,20.2,33.2,3.69,False,False,10792
Keith Jackson,1996,GNB,16,63,40,505,10,0,0,0,0,0,0,,,0,110.5,150.5,9.41,False,False,10792
Keith Krepfle,1975,PHI,14,,1,16,0,0,0,0,0,0,0,0,,0,1.6,2.6,0.19,False,False,12628
Keith Krepfle,1976,PHI,10,,6,80,1,0,0,0,0,0,0,0,,0,14.0,20.0,2.0,False,False,12628
Keith Krepfle,1977,PHI,14,,27,530,3,0,0,0,0,0,0,0,,0,71.0,98.0,7.0,False,False,12628
Keith Krepfle,1978,PHI,10,,26,374,3,0,0,0,0,0,0,0,,0,55.4,81.4,8.14,False,False,12628
Keith Krepfle,1979,PHI,16,,41,760,3,0,0,0,0,0,0,0,,0,94.0,135.0,8.44,False,False,12628
Keith Krepfle,1980,PHI,13,,30,450,4,1,2,0,0,0,0,0,,0,69.2,99.2,7.63,False,False,12628
Keith Krepfle,1981,PHI,16,,20,210,5,0,0,0,0,0,0,0,,0,51.0,71.0,4.44,False,False,12628
Keith Krepfle,1982,ATL,4,,1,5,0,0,0,0,0,0,0,0,,0,0.5,1.5,0.38,False,False,12628
Keith McKeller,1987,BUF,1,,9,80,0,0,0,0,0,0,0,0,,0,8.0,17.0,17.0,False,False,14861
Keith McKeller,1988,BUF,12,,0,0,0,0,0,0,0,0,0,0,,0,0.0,0.0,0.0,False,False,14861
Keith McKeller,1989,BUF,16,,20,341,2,0,0,0,0,0,0,0,,0,46.1,66.1,4.13,False,False,14861
Keith McKeller,1990,BUF,16,,34,464,5,0,0,0,0,0,0,0,,0,76.4,110.4,6.9,False,False,14861
Keith McKeller,1991,BUF,16,,44,434,3,0,0,0,0,0,0,0,,0,61.4,105.4,6.59,False,False,14861
Keith McKeller,1992,BUF,11,16,14,110,0,0,0,0,0,0,0,0,,0,11.0,25.0,2.27,False,False,14861
Keith McKeller,1993,BUF,8,4,3,35,1,0,0,0,0,0,0,0,,0,9.5,12.5,1.56,False,False,14861
Kellen Winslow,1979,SDG,7,,25,255,2,0,0,0,0,0,0,0,,0,37.5,62.5,8.93,True,True,24489
Kellen Winslow,1980,SDG,16,,89,1290,9,0,0,0,0,0,0,0,,0,183.0,272.0,17.0,True,True,24489
Kellen Winslow,1981,SDG,16,,88,1075,10,0,0,0,0,0,0,0,,0,167.5,255.5,15.97,True,True,24489
Kellen Winslow,1982,SDG,9,,54,721,6,0,0,0,0,0,0,0,,0,108.1,162.1,18.01,True,True,24489
Kellen Winslow,1983,SDG,16,,88,1172,8,0,0,0,0,0,0,0,,0,165.2,253.2,15.82,True,True,24489
Kellen Winslow,1984,SDG,7,,55,663,2,0,0,0,0,0,0,0,,0,78.3,133.3,19.04,True,True,24489
Kellen Winslow,1985,SDG,10,,25,318,0,0,0,0,0,0,0,0,,0,31.8,56.8,5.68,True,True,24489
Kellen Winslow,1986,SDG,16,,64,728,5,0,0,0,0,0,0,0,,0,102.8,166.8,10.43,True,True,24489
Kellen Winslow,1987,SDG,12,,53,519,3,0,0,0,0,0,0,0,,0,69.9,122.9,10.24,True,True,24489
Ken Dilger,1995,IND,16,55,42,635,4,0,0,0,0,0,0,,,0,87.5,129.5,8.09,False,False,5648
Ken Dilger,1996,IND,16,60,42,503,4,0,0,0,0,0,0,,,0,74.3,116.3,7.27,False,False,5648
Ken Dilger,1997,IND,14,36,27,380,3,0,0,0,0,0,0,,,0,56.0,83.0,5.93,False,False,5648
Ken Dilger,1998,IND,16,48,31,303,1,0,0,0,0,0,0,,,0,36.3,67.3,4.21,False,False,5648
Ken Dilger,1999,IND,15,47,40,479,2,0,0,0,0,0,0,0,0,0,59.9,99.9,6.66,False,False,5648
Lonnie Johnson,1994,BUF,10,4,3,42,0,0,0,0,0,0,0,,,0,4.2,7.2,0.72,False,False,11348
Lonnie Johnson,1995,BUF,16,81,49,504,1,0,0,0,0,0,0,,,0,56.4,105.4,6.59,False,False,11348
Lonnie Johnson,1996,BUF,16,79,46,457,0,0,0,0,0,0,0,,,0,45.7,91.7,5.73,False,False,11348
Lonnie Johnson,1997,BUF,16,63,41,340,2,1,6,0,0,0,0,,,0,46.6,87.6,5.48,False,False,11348
Lonnie Johnson,1998,BUF,16,22,14,146,2,0,0,0,0,0,0,,,0,26.6,40.6,2.54,False,False,11348
Lonnie Johnson,1999,KAN,14,20,10,98,1,0,0,0,0,0,0,0,0,0,15.8,25.8,1.84,False,False,11348
Mark Bavaro,1985,NYG,16,,37,511,4,0,0,0,0,0,0,0,,0,75.1,112.1,7.01,False,True,1297
Mark Bavaro,1986,NYG,16,,66,1001,4,0,0,0,0,0,0,0,,0,124.1,190.1,11.88,False,True,1297
Mark Bavaro,1987,NYG,12,,55,867,8,0,0,0,0,0,0,0,,0,134.7,189.7,15.81,False,True,1297
Mark Bavaro,1988,NYG,16,,53,672,4,0,0,0,0,0,0,0,,0,91.2,144.2,9.01,False,True,1297
Mark Bavaro,1989,NYG,7,,22,278,3,0,0,0,0,0,0,0,,0,45.8,67.8,9.69,False,True,1297
Mark Bavaro,1990,NYG,15,,33,393,5,0,0,0,0,0,0,0,,0,69.3,102.3,6.82,False,True,1297
Mark Bavaro,1992,CLE,16,35,25,315,2,0,0,0,0,0,0,0,,0,43.5,68.5,4.28,False,True,1297
Mark Bavaro,1993,PHI,16,72,43,481,6,0,0,0,0,0,0,0,,0,84.1,127.1,7.94,False,True,1297
Mark Bavaro,1994,PHI,12,33,17,215,3,0,0,0,0,0,0,,,0,39.5,56.5,4.71,False,True,1297
Mark Boyer,1985,IND,16,,25,274,0,0,0,0,0,0,0,0,,0,27.4,52.4,3.27,False,False,2162
Mark Boyer,1986,IND,16,,22,237,1,0,0,0,0,0,0,0,,0,29.7,51.7,3.23,False,False,2162
Mark Boyer,1987,IND,7,,10,73,0,0,0,0,0,0,0,0,,0,7.3,17.3,2.47,False,False,2162
Mark Boyer,1988,IND,16,,27,256,2,0,0,0,0,0,0,0,,0,37.6,64.6,4.04,False,False,2162
Mark Boyer,1989,IND,16,,11,58,2,0,0,0,0,0,0,0,,0,17.8,28.8,1.8,False,False,2162
Mark Boyer,1990,NYJ,16,,40,334,1,0,0,0,0,0,0,0,,0,39.4,79.4,4.96,False,False,2162
Mark Boyer,1991,NYJ,11,,16,153,0,0,0,0,0,0,0,0,,0,15.3,31.3,2.85,False,False,2162
Mark Boyer,1992,NYJ,16,33,19,149,0,0,0,0,0,0,0,0,,0,14.9,33.9,2.12,False,False,2162
Mark Chmura,1993,GNB,14,4,2,13,0,0,0,0,0,0,0,0,,0,1.3,3.3,0.24,False,False,3858
Mark Chmura,1994,GNB,14,21,14,165,0,0,0,0,0,0,0,,,0,16.5,30.5,2.18,False,False,3858
Mark Chmura,1995,GNB,16,75,54,679,7,0,0,0,0,0,0,,,0,109.9,163.9,10.24,False,False,3858
Mark Chmura,1996,GNB,13,48,28,370,0,0,0,0,0,0,0,,,0,37.0,65.0,5.0,False,False,3858
Mark Chmura,1997,GNB,15,56,38,417,6,0,0,0,0,0,0,,,0,77.7,115.7,7.71,False,False,3858
Mark Chmura,1998,GNB,15,74,47,554,4,0,0,0,0,0,0,,,0,79.4,126.4,8.43,False,False,3858
Mark Chmura,1999,GNB,2,9,5,55,0,0,0,0,0,0,0,0,0,0,5.5,10.5,5.25,False,False,3858
Marlin McKeever,1962,RAM,2,,0,0,0,0,0,0,0,0,0,0,,0,0.0,0.0,0.0,False,False,14859
Marlin McKeever,1963,RAM,6,,11,152,0,0,0,0,0,0,0,0,,0,15.2,26.2,4.37,False,False,14859
Marlin McKeever,1964,RAM,13,,41,582,1,0,0,0,0,0,0,0,,0,64.2,105.2,8.09,False,False,14859
Marlin McKeever,1965,RAM,12,,44,542,4,0,0,0,0,0,0,0,,0,78.2,122.2,10.18,False,False,14859
Marlin McKeever,1966,RAM,6,,23,277,1,0,0,0,0,0,0,0,,0,33.7,56.7,9.45,False,False,14859
Marlin McKeever,1967,MIN,9,,14,184,0,0,0,0,0,0,0,0,,0,18.4,32.4,3.6,False,False,14859
Marlin McKeever,1968,WAS,1,,0,0,0,0,0,0,0,0,0,0,,0,0.0,0.0,0.0,False,False,14859
Marlin McKeever,1969,WAS,2,,0,0,0,0,0,0,0,0,0,0,,0,0.0,0.0,0.0,False,False,14859
Marlin McKeever,1970,WAS,14,,0,0,0,0,0,0,0,0,0,0,,0,0.0,0.0,0.0,False,False,14859
Marlin McKeever,1971,RAM,14,,0,0,0,0,0,0,0,0,0,0,,0,0.0,0.0,0.0,False,False,14859
Marlin McKeever,1972,RAM,14,,0,0,0,0,0,0,0,0,0,0,,0,0.0,0.0,0.0,False,False,14859
Marlin McKeever,1973,PHI,13,,0,0,0,0,0,0,0,0,0,0,,0,0.0,0.0,0.0,False,False,14859
Marv Cook,1989,NWE,16,,3,13,0,0,0,0,0,0,0,0,,0,1.3,4.3,0.27,False,False,4473
Marv Cook,1990,NWE,16,,51,455,5,0,0,0,0,0,0,0,,0,75.5,126.5,7.91,False,False,4473
Marv Cook,1991,NWE,16,,82,808,3,0,0,0,0,0,0,0,,0,98.8,180.8,11.3,False,False,4473
Marv Cook,1992,NWE,16,75,52,413,2,0,0,0,0,0,0,0,,0,53.3,105.3,6.58,False,False,4473
Marv Cook,1993,NWE,16,38,22,154,1,0,0,0,0,0,0,0,,0,21.4,43.4,2.71,False,False,4473
Marv Cook,1994,CHI,16,42,21,212,1,0,0,0,0,0,0,,,0,27.2,48.2,3.01,False,False,4473
Marv Cook,1995,STL,16,32,26,135,1,0,0,0,0,0,0,,,0,19.5,45.5,2.84,False,False,4473
Marv Fleming,1963,GNB,4,,7,132,2,0,0,0,0,0,0,0,,0,25.2,32.2,8.05,False,False,7007
Marv Fleming,1964,GNB,2,,4,36,0,0,0,0,0,0,0,0,,0,3.6,7.6,3.8,False,False,7007
Marv Fleming,1965,GNB,8,,14,141,2,0,0,0,0,0,0,0,,0,26.1,40.1,5.01,False,False,7007
Marv Fleming,1966,GNB,12,,31,361,2,0,0,0,0,0,0,0,,0,48.1,79.1,6.59,False,False,7007
Marv Fleming,1967,GNB,8,,10,126,1,0,0,0,0,0,0,0,,0,18.6,28.6,3.57,False,False,7007
Marv Fleming,1968,GNB,11,,25,278,3,0,0,0,0,0,0,0,,0,45.8,70.8,6.44,False,False,7007
Marv Fleming,1969,GNB,10,,18,226,2,0,0,0,0,0,0,0,,0,34.6,52.6,5.26,False,False,7007
Marv Fleming,1970,MIA,14,,18,205,0,0,0,0,0,0,0,0,,0,20.5,38.5,2.75,False,False,7007
Marv Fleming,1971,MIA,14,,13,137,2,0,0,0,0,0,0,0,,0,25.7,38.7,2.76,False,False,7007
Marv Fleming,1972,MIA,14,,13,156,1,0,0,0,0,0,0,0,,0,21.6,34.6,2.47,False,False,7007
Marv Fleming,1973,MIA,11,,3,22,0,0,0,0,0,0,0,0,,0,2.2,5.2,0.47,False,False,7007
Marv Fleming,1974,MIA,14,,1,3,1,0,0,0,0,0,0,0,,0,6.3,7.3,0.52,False,False,7007
Mickey Shuler,1978,NYJ,16,,11,67,3,0,0,0,0,0,0,0,,0,24.7,35.7,2.23,False,False,20194
Mickey Shuler,1979,NYJ,16,,16,225,3,0,0,0,0,0,0,0,,0,40.5,56.5,3.53,False,False,20194
Mickey Shuler,1980,NYJ,16,,22,226,2,0,0,0,0,0,0,0,,0,34.6,56.6,3.54,False,False,20194
Mickey Shuler,1981,NYJ,6,,0,0,0,0,0,0,0,0,0,0,,0,0.0,0.0,0.0,False,False,20194
Mickey Shuler,1982,NYJ,9,,8,132,3,0,0,0,0,0,0,0,,0,31.2,39.2,4.36,False,False,20194
Mickey Shuler,1983,NYJ,16,,26,272,1,0,0,0,0,0,0,0,,0,33.2,59.2,3.7,False,False,20194
Mickey Shuler,1984,NYJ,16,,68,782,6,0,0,0,0,0,0,0,,0,114.2,182.2,11.39,False,False,20194
Mickey Shuler,1985,NYJ,16,,76,879,7,0,0,0,0,0,0,0,,0,129.9,205.9,12.87,False,False,20194
Mickey Shuler,1986,NYJ,16,,69,675,4,0,0,0,0,0,0,0,,0,91.5,160.5,10.03,False,False,20194
Mickey Shuler,1987,NYJ,11,,43,434,3,0,0,0,0,0,0,0,,0,61.4,104.4,9.49,False,False,20194
Mickey Shuler,1988,NYJ,15,,70,805,5,0,0,0,0,0,0,0,,0,110.5,180.5,12.03,False,False,20194
Mickey Shuler,1989,NYJ,7,,29,322,0,0,0,0,0,0,0,0,,0,32.2,61.2,8.74,False,False,20194
Mickey Shuler,1990,PHI,16,,18,190,0,0,0,0,0,0,0,0,,0,19.0,37.0,2.31,False,False,20194
Mickey Shuler,1991,PHI,4,,6,91,0,0,0,0,0,0,0,0,,0,9.1,15.1,3.77,False,False,20194
Mike Barber,1976,HOU,2,,0,0,0,0,0,0,0,0,0,0,,0,0.0,0.0,0.0,False,False,1038
Mike Barber,1977,HOU,13,,9,94,1,0,0,0,0,0,0,0,,0,15.4,24.4,1.88,False,False,1038
Mike Barber,1978,HOU,16,,32,513,3,2,14,0,0,0,0,0,,0,70.7,102.7,6.42,False,False,1038
Mike Barber,1979,HOU,15,,27,377,3,2,4,0,0,0,0,0,,0,56.1,83.1,5.54,False,False,1038
Mike Barber,1980,HOU,16,,59,712,5,1,1,0,0,0,0,0,,0,101.3,160.3,10.02,False,False,1038
Mike Barber,1981,HOU,16,,13,190,1,0,0,0,0,0,0,0,,0,25.0,38.0,2.38,False,False,1038
Mike Barber,1982,RAM,9,,18,166,1,0,0,0,0,0,0,0,,0,22.6,40.6,4.51,False,False,1038
Mike Barber,1983,RAM,16,,55,657,3,0,0,0,0,0,0,0,,0,83.7,138.7,8.67,False,False,1038
Mike Barber,1984,RAM,11,,7,42,0,0,0,0,0,0,0,0,,0,4.2,11.2,1.02,False,False,1038
Mike Barber,1985,RAM/DEN,15,,2,37,0,0,0,0,0,0,0,0,,0,3.7,5.7,0.38,False,False,1038
Mike Ditka,1961,CHI,13,,56,1076,12,0,0,0,0,0,0,0,,0,179.6,235.6,18.12,True,True,5690
Mike Ditka,1962,CHI,14,,58,904,5,0,0,0,0,0,0,0,,0,120.4,178.4,12.74,True,True,5690
Mike Ditka,1963,CHI,14,,59,794,8,0,0,0,0,0,0,0,,0,127.4,186.4,13.31,True,True,5690
Mike Ditka,1964,CHI,14,,75,897,5,0,0,0,0,0,0,0,,0,119.7,194.7,13.91,True,True,5690
Mike Ditka,1965,CHI,12,,36,454,2,0,0,0,0,0,0,0,,0,57.4,93.4,7.78,True,True,5690
Mike Ditka,1966,CHI,14,,32,378,2,0,0,0,0,0,0,0,,0,49.8,81.8,5.84,True,True,5690
Mike Ditka,1967,PHI,9,,26,274,2,0,0,0,0,0,0,0,,0,39.4,65.4,7.27,True,True,5690
Mike Ditka,1968,PHI,5,,13,111,2,0,0,0,0,0,0,0,,0,23.1,36.1,7.22,True,True,5690
Mike Ditka,1969,DAL,9,,17,268,3,0,0,0,0,0,0,0,,0,44.8,61.8,6.87,True,True,5690
Mike Ditka,1970,DAL,14,,8,98,0,0,0,0,0,0,0,0,,0,9.8,17.8,1.27,True,True,5690
Mike Ditka,1971,DAL,14,,30,360,1,2,2,0,0,0,0,0,,0,42.2,72.2,5.16,True,True,5690
Mike Ditka,1972,DAL,14,,17,198,1,0,0,0,0,0,0,0,,0,25.8,42.8,3.06,True,True,5690
Milt Morin,1966,CLE,9,,23,333,3,0,0,0,0,0,0,0,,0,51.3,74.3,8.26,False,False,15808
Milt Morin,1967,CLE,2,,7,90,0,0,0,0,0,0,0,0,,0,9.0,16.0,8.0,False,False,15808
Milt Morin,1968,CLE,12,,43,792,5,1,8,0,0,0,0,0,,0,110.0,153.0,12.75,False,False,15808
Milt Morin,1969,CLE,13,,37,495,0,2,30,0,0,0,0,0,,0,52.5,89.5,6.88,False,False,15808
Milt Morin,1970,CLE,14,,37,611,1,1,2,0,0,0,0,0,,0,67.3,104.3,7.45,False,False,15808
Milt Morin,1971,CLE,14,,40,581,2,1,1,0,0,0,0,0,,0,70.2,110.2,7.87,False,False,15808
Milt Morin,1972,CLE,14,,30,540,1,0,0,0,0,0,0,0,,0,60.0,90.0,6.43,False,False,15808
Milt Morin,1973,CLE,14,,26,417,1,0,0,0,0,0,0,0,,0,47.7,73.7,5.26,False,False,15808
Milt Morin,1974,CLE,14,,27,330,3,0,0,0,0,0,0,0,,0,51.0,78.0,5.57,False,False,15808
Milt Morin,1975,CLE,14,,1,19,0,0,0,0,0,0,0,0,,0,1.9,2.9,0.21,False,False,15808
Monty Stickles,1960,SFO,8,,22,252,0,0,0,0,0,0,0,0,,0,25.2,47.2,5.9,False,False,21306
Monty Stickles,1961,SFO,13,,43,794,5,0,0,0,0,0,0,0,,0,109.4,152.4,11.72,False,False,21306
Monty Stickles,1962,SFO,11,,22,366,3,0,0,0,0,0,0,0,,0,54.6,76.6,6.96,False,False,21306
Monty Stickles,1963,SFO,10,,11,152,0,0,0,0,0,0,0,0,,0,15.2,26.2,2.62,False,False,21306
Monty Stickles,1964,SFO,14,,40,685,3,0,0,0,0,0,0,0,,0,86.5,126.5,9.04,False,False,21306
Monty Stickles,1965,SFO,12,,35,343,1,0,0,0,0,0,0,0,,0,40.3,75.3,6.27,False,False,21306
Monty Stickles,1966,SFO,12,,27,315,2,0,0,0,0,0,0,0,,0,43.5,70.5,5.88,False,False,21306
Monty Stickles,1967,SFO,5,,7,86,0,0,0,0,0,0,0,0,,0,8.6,15.6,3.12,False,False,21306
Monty Stickles,1968,NOR,9,,15,206,2,0,0,0,0,0,0,0,,0,32.6,47.6,5.29,False,False,21306
Ozzie Newsome,1978,CLE,16,,38,589,2,13,96,2,0,0,0,0,,0,92.5,130.5,8.16,True,True,16355
Ozzie Newsome,1979,CLE,16,,55,781,9,1,6,0,0,0,0,0,,0,132.7,187.7,11.73,True,True,16355
Ozzie Newsome,1980,CLE,16,,51,594,3,2,13,0,0,0,0,0,,0,78.7,129.7,8.11,True,True,16355
Ozzie Newsome,1981,CLE,16,,69,1002,6,2,20,0,0,0,0,0,,0,138.2,207.2,12.95,True,True,16355
Ozzie Newsome,1982,CLE,9,,49,633,3,0,0,0,0,0,0,0,,0,81.3,130.3,14.48,True,True,16355
Ozzie Newsome,1983,CLE,16,,89,970,6,0,0,0,0,0,0,0,,0,133.0,222.0,13.88,True,True,16355
Ozzie Newsome,1984,CLE,16,,89,1001,5,0,0,0,0,0,0,0,,0,130.1,219.1,13.69,True,True,16355
Ozzie Newsome,1985,CLE,16,,62,711,5,0,0,0,0,0,0,0,,0,101.1,163.1,10.19,True,True,16355
Ozzie Newsome,1986,CLE,16,,39,417,3,0,0,0,0,0,0,0,,0,59.7,98.7,6.17,True,True,16355
Ozzie Newsome,1987,CLE,13,,34,375,0,0,0,0,0,0,0,0,,0,37.5,71.5,5.5,True,True,16355
Ozzie Newsome,1988,CLE,16,,35,343,2,0,0,0,0,0,0,0,,0,46.3,81.3,5.08,True,True,16355
Ozzie Newsome,1989,CLE,16,,29,324,1,0,0,0,0,0,0,0,,0,38.4,67.4,4.21,True,True,16355
Ozzie Newsome,1990,CLE,16,,23,240,2,0,0,0,0,0,0,0,,0,36.0,59.0,3.69,True,True,16355
Pat Beach,1982,BAL,9,,4,45,1,0,0,0,0,0,0,0,,0,10.5,14.5,1.61,False,False,1322
Pat Beach,1983,BAL,16,,5,56,1,0,0,0,0,0,0,0,,0,11.6,16.6,1.04,False,False,1322
Pat Beach,1985,IND,16,,36,376,6,0,0,0,0,0,0,0,,0,73.6,109.6,6.85,False,False,1322
Pat Beach,1986,IND,16,,25,265,1,0,0,0,0,0,0,0,,0,32.5,57.5,3.59,False,False,1322
Pat Beach,1987,IND,12,,28,239,0,0,0,0,0,0,0,0,,0,23.9,51.9,4.33,False,False,1322
Pat Beach,1988,IND,16,,26,235,0,0,0,0,0,0,0,0,,0,23.5,49.5,3.09,False,False,1322
Pat Beach,1989,IND,16,,14,87,2,0,0,0,0,0,0,0,,0,20.7,34.7,2.17,False,False,1322
Pat Beach,1990,IND,16,,12,124,1,0,0,0,0,0,0,0,,0,18.4,30.4,1.9,False,False,1322
Pat Beach,1991,IND,12,,5,56,0,0,0,0,0,0,0,0,,0,5.6,10.6,0.88,False,False,1322
Pat Beach,1992,PHI,16,13,8,75,2,0,0,0,0,0,0,0,,0,19.5,27.5,1.72,False,False,1322
Pat Beach,1993,PHO,15,0,0,0,0,0,0,0,0,0,0,0,,0,0.0,0.0,0.0,False,False,1322
Paul Coffman,1978,GNB,16,,0,0,0,0,0,0,0,0,0,0,,0,0.0,0.0,0.0,False,False,4176
Paul Coffman,1979,GNB,16,,56,711,4,0,0,0,0,0,0,0,,0,95.1,151.1,9.44,False,False,4176
Paul Coffman,1980,GNB,16,,42,496,3,1,3,0,0,0,0,0,,0,67.9,109.9,6.87,False,False,4176
Paul Coffman,1981,GNB,16,,55,687,4,0,0,0,0,0,0,0,,0,92.7,147.7,9.23,False,False,4176
Paul Coffman,1982,GNB,9,,23,287,2,0,0,0,0,0,0,0,,0,40.7,63.7,7.08,False,False,4176
Paul Coffman,1983,GNB,16,,54,814,11,0,0,0,0,0,0,0,,0,147.4,201.4,12.59,False,False,4176
Paul Coffman,1984,GNB,14,,43,562,9,0,0,0,0,0,0,0,,0,110.2,153.2,10.94,False,False,4176
Paul Coffman,1985,GNB,16,,49,666,6,0,0,0,0,0,0,0,,0,102.6,151.6,9.47,False,False,4176
Paul Coffman,1986,KAN,15,,12,75,2,0,0,0,0,0,0,0,,0,19.5,31.5,2.1,False,False,4176
Paul Coffman,1987,KAN,12,,5,42,1,0,0,0,0,0,0,0,,0,10.2,15.2,1.27,False,False,4176
Paul Coffman,1988,MIN,8,,0,0,0,0,0,0,0,0,0,0,,0,0.0,0.0,0.0,False,False,4176
Paul Costa,1965,BUF,9,,21,401,0,0,0,0,0,0,0,,,0,40.1,61.1,6.79,False,False,4602
Paul Costa,1966,BUF,12,,27,400,3,0,1,0,0,0,0,,,0,58.1,85.1,7.09,False,False,4602
Paul Costa,1967,BUF,12,,39,726,2,0,0,0,0,0,0,,,0,84.6,123.6,10.3,False,False,4602
Paul Costa,1968,BUF,11,,15,172,1,2,11,1,0,0,0,,,0,30.3,45.3,4.12,False,False,4602
Paul Costa,1970,BUF,14,,0,0,0,0,0,0,0,0,0,0,,0,0.0,0.0,0.0,False,False,4602
Paul Costa,1971,BUF,11,,0,0,0,0,0,0,0,0,0,0,,0,0.0,0.0,0.0,False,False,4602
Paul Costa,1972,BUF,9,,0,0,0,0,0,0,0,0,0,0,,0,0.0,0.0,0.0,False,False,4602
Paul Seal,1974,NOR,14,,32,466,3,2,7,1,0,0,0,0,,0,71.3,103.3,7.38,False,False,19861
Paul Seal,1975,NOR,14,,28,414,1,1,10,0,0,0,0,0,,0,48.4,76.4,5.46,False,False,19861
Paul Seal,1976,NOR,14,,9,72,0,2,-7,0,0,0,0,0,,0,6.5,15.5,1.11,False,False,19861
Paul Seal,1977,SFO,14,,13,230,1,0,0,0,0,0,0,0,,0,29.0,42.0,3.0,False,False,19861
Paul Seal,1978,SFO,14,,21,370,2,0,0,0,0,0,0,0,,0,49.0,70.0,5.0,False,False,19861
Paul Seal,1979,SFO,15,,3,34,0,0,0,0,0,0,0,0,,0,3.4,6.4,0.43,False,False,19861
Pete Holohan,1981,SDG,7,,1,14,0,0,0,0,0,0,0,0,,0,1.4,2.4,0.34,False,False,10143
Pete Holohan,1982,SDG,9,,0,0,0,0,0,0,0,0,0,0,,0,0.0,0.0,0.0,False,False,10143
Pete Holohan,1983,SDG,16,,23,272,2,0,0,0,0,0,0,0,,0,39.2,62.2,3.89,False,False,10143
Pete Holohan,1984,SDG,15,,56,734,1,0,0,0,25,1,0,0,,0,84.4,140.4,9.36,False,False,10143
Pete Holohan,1985,SDG,15,,42,458,3,0,0,0,0,0,0,0,,0,63.8,105.8,7.05,False,False,10143
Pete Holohan,1986,SDG,16,,29,356,1,0,0,0,21,0,0,0,,0,42.44,71.44,4.47,False,False,10143
Pete Holohan,1987,SDG,12,,20,239,0,0,0,0,0,0,0,0,,0,23.9,43.9,3.66,False,False,10143
Pete Holohan,1988,RAM,16,,59,640,3,0,0,0,0,0,0,0,,0,82.0,141.0,8.81,False,False,10143
Pete Holohan,1989,RAM,16,,51,510,2,1,3,0,0,0,0,0,,0,63.3,114.3,7.14,False,False,10143
Pete Holohan,1990,RAM,16,,49,475,2,0,0,0,0,0,0,0,,0,59.5,108.5,6.78,False,False,10143
Pete Holohan,1991,KAN,16,,13,113,2,0,0,0,0,0,0,0,,0,23.3,36.3,2.27,False,False,10143
Pete Holohan,1992,CLE,9,25,20,170,0,0,0,0,0,0,0,0,,0,17.0,37.0,4.11,False,False,10143
Pete Lammons,1966,NYJ,13,,41,565,4,0,0,0,0,0,0,,,0,80.5,121.5,9.35,False,False,12807
Pete Lammons,1967,NYJ,13,,45,515,2,0,0,0,0,0,0,,,0,63.5,108.5,8.35,False,False,12807
Pete Lammons,1968,NYJ,11,,32,400,3,0,0,0,0,0,0,,,0,58.0,90.0,8.18,False,False,12807
Pete Lammons,1969,NYJ,13,,33,400,2,0,0,0,0,0,0,,,0,52.0,85.0,6.54,False,False,12807
Pete Lammons,1970,NYJ,14,,25,316,2,0,0,0,0,0,0,0,,0,43.6,68.6,4.9,False,False,12807
Pete Lammons,1971,NYJ,14,,8,149,1,0,3,0,0,0,0,0,,0,21.2,29.2,2.09,False,False,12807
Pete Lammons,1972,GNB,12,,1,19,0,0,0,0,0,0,0,0,,0,1.9,2.9,0.24,False,False,12807
Pete Metzelaars,1982,SEA,9,,15,152,0,0,0,0,0,0,0,0,,0,15.2,30.2,3.36,False,False,15173
Pete Metzelaars,1983,SEA,16,,7,72,1,0,0,0,0,0,0,0,,0,13.2,20.2,1.26,False,False,15173
Pete Metzelaars,1984,SEA,9,,5,80,0,0,0,0,0,0,0,0,,0,8.0,13.0,1.44,False,False,15173
Pete Metzelaars,1985,BUF,16,,12,80,1,0,0,0,0,0,0,0,,0,14.0,26.0,1.62,False,False,15173
Pete Metzelaars,1986,BUF,16,,49,485,3,0,0,0,0,0,0,0,,0,66.5,115.5,7.22,False,False,15173
Pete Metzelaars,1987,BUF,12,,28,290,0,0,0,0,0,0,0,0,,0,29.0,57.0,4.75,False,False,15173
Pete Metzelaars,1988,BUF,16,,33,438,1,0,0,0,0,0,0,0,,0,49.8,82.8,5.17,False,False,15173
Pete Metzelaars,1989,BUF,16,,18,179,2,0,0,0,0,0,0,0,,0,29.9,47.9,2.99,False,False,15173
Pete Metzelaars,1990,BUF,16,,10,60,1,0,0,0,0,0,0,0,,0,12.0,22.0,1.38,False,False,15173
Pete Metzelaars,1991,BUF,16,,5,54,2,0,0,0,0,0,0,0,,0,17.4,22.4,1.4,False,False,15173
Pete Metzelaars,1992,BUF,16,43,30,298,6,0,0,0,0,0,0,0,,0,65.8,95.8,5.99,False,False,15173
Pete Metzelaars,1993,BUF,16,95,68,609,4,0,0,0,0,0,0,0,,0,84.9,152.9,9.56,False,False,15173
Pete Metzelaars,1994,BUF,16,68,49,428,5,0,0,0,0,0,0,,,0,72.8,121.8,7.61,False,False,15173
Pete Metzelaars,1995,CAR,14,34,20,171,3,0,0,0,0,0,0,,,0,35.1,55.1,3.94,False,False,15173
Pete Metzelaars,1996,DET,15,25,17,146,0,0,0,0,0,0,0,,,0,14.6,31.6,2.11,False,False,15173
Pete Metzelaars,1997,DET,16,22,17,144,0,0,0,0,0,0,0,,,0,14.4,31.4,1.96,False,False,15173
Pete Mitchell,1995,JAX,16,64,41,527,2,0,0,0,0,0,0,,,0,64.7,105.7,6.61,False,False,15506
Pete Mitchell,1996,JAX,16,77,52,575,1,0,0,0,0,0,0,,,0,63.5,115.5,7.22,False,False,15506
Pete Mitchell,1997,JAX,16,47,35,380,4,0,0,0,0,0,0,,,0,62.0,97.0,6.06,False,False,15506
Pete Mitchell,1998,JAX,16,63,38,363,2,0,0,0,0,0,0,,,0,48.3,86.3,5.39,False,False,15506
Pete Mitchell,1999,NYG,15,91,58,520,3,0,0,0,0,0,0,0,0,0,70.0,128.0,8.53,False,False,15506
Pettis Norman,1962,DAL,4,,2,34,0,0,0,0,0,0,0,0,,0,3.4,5.4,1.35,False,False,16513
Pettis Norman,1963,DAL,9,,18,341,3,0,0,0,0,0,0,0,,0,52.1,70.1,7.79,False,False,16513
Pettis Norman,1964,DAL,12,,24,311,2,0,0,0,0,0,0,0,,0,43.1,67.1,5.59,False,False,16513
Pettis Norman,1965,DAL,7,,11,110,3,0,0,0,0,0,0,0,,0,29.0,40.0,5.71,False,False,16513
Pettis Norman,1966,DAL,7,,12,144,0,0,0,0,0,0,0,0,,0,14.4,26.4,3.77,False,False,16513
Pettis Norman,1967,DAL,13,,20,220,2,9,91,0,0,0,0,0,,0,43.1,63.1,4.85,False,False,16513
Pettis Norman,1968,DAL,11,,18,204,1,4,51,0,0,0,0,0,,0,31.5,49.5,4.5,False,False,16513
Pettis Norman,1969,DAL,8,,13,238,3,5,20,0,0,0,0,0,,0,43.8,56.8,7.1,False,False,16513
Pettis Norman,1970,DAL,14,,6,70,0,2,16,0,0,0,0,0,,0,8.6,14.6,1.04,False,False,16513
Pettis Norman,1971,SDG,14,,27,358,1,1,1,0,0,0,0,0,,0,41.9,68.9,4.92,False,False,16513
Pettis Norman,1972,SDG,13,,19,262,0,1,9,0,0,0,0,0,,0,27.1,46.1,3.55,False,False,16513
Pettis Norman,1973,SDG,14,,13,200,0,1,10,0,0,0,0,0,,0,21.0,34.0,2.43,False,False,16513
Randy Grossman,1974,PIT,14,,13,164,0,0,0,0,0,0,0,0,,0,16.4,29.4,2.1,False,False,8588
Randy Grossman,1975,PIT,14,,11,135,1,0,0,0,0,0,0,0,,0,19.5,30.5,2.18,False,False,8588
Randy Grossman,1976,PIT,14,,15,181,1,0,0,0,0,0,0,0,,0,24.1,39.1,2.79,False,False,8588
Randy Grossman,1977,PIT,13,,5,57,0,0,0,0,0,0,0,0,,0,5.7,10.7,0.82,False,False,8588
Randy Grossman,1978,PIT,16,,37,448,1,0,0,0,0,0,0,0,,0,50.8,87.8,5.49,False,False,8588
Randy Grossman,1979,PIT,16,,12,217,1,0,0,0,0,0,0,0,,0,27.7,39.7,2.48,False,False,8588
Randy Grossman,1980,PIT,15,,23,293,0,0,0,0,0,0,0,0,,0,29.3,52.3,3.49,False,False,8588
Randy Grossman,1981,PIT,16,,3,19,1,0,0,0,0,0,0,0,,0,7.9,10.9,0.68,False,False,8588
Ray Poage,1963,MIN,5,,15,354,2,0,0,0,0,0,0,0,,0,47.4,62.4,12.48,False,False,17709
Ray Poage,1964,PHI,14,,37,479,1,0,0,0,0,0,0,0,,0,53.9,90.9,6.49,False,False,17709
Ray Poage,1965,PHI,11,,31,612,5,0,0,0,0,0,0,0,,0,91.2,122.2,11.11,False,False,17709
Ray Poage,1967,NOR,9,,24,380,0,0,0,0,0,0,0,0,,0,38.0,62.0,6.89,False,False,17709
Ray Poage,1968,NOR,1,,1,11,0,1,22,0,0,0,0,0,,0,3.3,4.3,4.3,False,False,17709
Ray Poage,1969,NOR,8,,18,236,4,1,-3,0,0,0,0,0,,0,47.3,65.3,8.16,False,False,17709
Ray Poage,1970,NOR,12,,15,166,1,1,13,0,0,0,0,0,,0,23.9,38.9,3.24,False,False,17709
Ray Poage,1971,ATL,4,,4,71,0,0,0,0,0,0,0,0,,0,7.1,11.1,2.77,False,False,17709
Raymond Chester,1970,OAK,14,,42,556,7,0,0,0,0,0,0,0,,0,97.6,139.6,9.97,False,False,3830
Raymond Chester,1971,OAK,14,,28,442,7,3,5,0,0,0,0,0,,0,86.7,114.7,8.19,False,False,3830
Raymond Chester,1972,OAK,13,,34,576,8,1,3,0,0,0,0,0,,0,105.9,139.9,10.76,False,False,3830
Raymond Chester,1973,BAL,13,,18,181,1,1,1,0,0,0,0,0,,0,24.2,42.2,3.25,False,False,3830
Raymond Chester,1974,BAL,14,,37,461,1,0,0,0,0,0,0,0,,0,52.1,89.1,6.36,False,False,3830
Raymond Chester,1975,BAL,14,,38,457,3,0,0,0,0,0,0,0,,0,63.7,101.7,7.26,False,False,3830
Raymond Chester,1976,BAL,14,,24,467,3,0,0,0,0,0,0,0,,0,64.7,88.7,6.34,False,False,3830
Raymond Chester,1977,BAL,14,,31,556,3,0,0,0,0,0,0,0,,0,73.6,104.6,7.47,False,False,3830
Raymond Chester,1978,OAK,16,,13,146,2,0,0,0,0,0,0,0,,0,26.6,39.6,2.48,False,False,3830
Raymond Chester,1979,OAK,14,,58,712,8,0,0,0,0,0,0,0,,0,119.2,177.2,12.66,False,False,3830
Raymond Chester,1980,OAK,16,,28,366,4,0,0,0,0,0,0,0,,0,60.6,88.6,5.54,False,False,3830
Raymond Chester,1981,OAK,16,,13,93,1,0,0,0,0,0,0,0,,0,15.3,28.3,1.77,False,False,3830
Reuben Gant,1974,BUF,13,,0,0,0,0,0,0,0,0,0,0,,0,0.0,0.0,0.0,False,False,7580
Reuben Gant,1975,BUF,14,,9,107,2,0,0,0,0,0,0,0,,0,22.7,31.7,2.26,False,False,7580
Reuben Gant,1976,BUF,14,,12,263,3,0,0,0,0,0,0,0,,0,44.3,56.3,4.02,False,False,7580
Reuben Gant,1977,BUF,14,,41,646,2,0,0,0,0,0,0,0,,0,76.6,117.6,8.4,False,False,7580
Reuben Gant,1978,BUF,16,,34,408,5,1,14,0,0,0,0,0,,0,72.2,106.2,6.64,False,False,7580
Reuben Gant,1979,BUF,14,,19,245,2,0,0,0,0,0,0,0,,0,36.5,55.5,3.96,False,False,7580
Reuben Gant,1980,BUF,16,,12,181,1,0,0,0,0,0,0,0,,0,24.1,36.1,2.26,False,False,7580
Rich Caster,1970,NYJ,14,,19,393,3,0,0,0,0,0,0,0,,0,57.3,76.3,5.45,False,False,3662
Rich Caster,1971,NYJ,14,,26,454,6,2,10,0,0,0,0,0,,0,82.4,108.4,7.74,False,False,3662
Rich Caster,1972,NYJ,14,,39,833,10,2,6,0,0,0,0,0,,0,143.9,182.9,13.06,False,False,3662
Rich Caster,1973,NYJ,14,,35,593,4,1,-9,0,0,0,0,0,,0,82.4,117.4,8.39,False,False,3662
Rich Caster,1974,NYJ,13,,38,745,7,0,0,0,0,0,0,0,,0,116.5,154.5,11.88,False,False,3662
Rich Caster,1975,NYJ,14,,47,820,4,0,0,0,0,0,0,0,,0,106.0,153.0,10.93,False,False,3662
Rich Caster,1976,NYJ,14,,31,391,1,6,73,0,0,0,0,0,,0,52.4,83.4,5.96,False,False,3662
Rich Caster,1977,NYJ,10,,10,205,1,2,-15,0,0,0,0,0,,0,25.0,35.0,3.5,False,False,3662
Rich Caster,1978,HOU,14,,20,316,5,5,32,0,0,0,0,0,,0,64.8,84.8,6.06,False,False,3662
Rich Caster,1979,HOU,16,,18,239,1,4,25,0,0,0,0,0,,0,32.4,50.4,3.15,False,False,3662
Rich Caster,1980,HOU,16,,27,341,3,0,0,0,0,0,0,0,,0,52.1,79.1,4.94,False,False,3662
Rich Caster,1981,NOR/WAS,7,,12,185,0,1,-3,0,0,0,0,0,,0,18.2,30.2,4.31,False,False,3662
Rich Caster,1982,WAS,1,,0,0,0,0,0,0,0,0,0,0,,0,0.0,0.0,0.0,False,False,3662
Rich McGeorge,1970,GNB,14,,2,32,2,1,3,0,0,0,0,0,,0,15.5,17.5,1.25,False,False,14771
Rich McGeorge,1971,GNB,14,,27,463,4,0,0,0,0,0,0,0,,0,70.3,97.3,6.95,False,False,14771
Rich McGeorge,1972,GNB,2,,4,50,2,0,0,0,0,0,0,0,,0,17.0,21.0,10.5,False,False,14771
Rich McGeorge,1973,GNB,14,,16,260,1,0,0,0,0,0,0,0,,0,32.0,48.0,3.43,False,False,14771
Rich McGeorge,1974,GNB,14,,30,440,0,0,0,0,0,0,0,0,,0,44.0,74.0,5.29,False,False,14771
Rich McGeorge,1975,GNB,14,,32,458,1,0,0,0,0,0,0,0,,0,51.8,83.8,5.99,False,False,14771
Rich McGeorge,1976,GNB,14,,24,278,1,0,0,0,0,0,0,0,,0,33.8,57.8,4.13,False,False,14771
Rich McGeorge,1977,GNB,14,,17,142,1,0,0,0,0,0,0,0,,0,20.2,37.2,2.66,False,False,14771
Rich McGeorge,1978,GNB,16,,23,247,1,0,0,0,0,0,0,0,,0,30.7,53.7,3.36,False,False,14771
Rickey Dudley,1996,OAK,16,70,34,386,4,0,0,0,0,0,0,,,0,62.6,96.6,6.04,False,False,6014
Rickey Dudley,1997,OAK,16,91,48,787,7,0,0,0,0,0,0,,,0,120.7,168.7,10.54,False,False,6014
Rickey Dudley,1998,OAK,16,77,36,549,5,1,-2,0,0,0,0,,,0,84.7,120.7,7.54,False,False,6014
Rickey Dudley,1999,OAK,16,59,39,555,9,0,0,0,0,0,0,0,0,0,109.5,148.5,9.28,False,False,6014
Riley Odoms,1972,DEN,14,,21,320,1,5,72,0,0,0,0,0,,0,45.2,66.2,4.73,False,False,16721
Riley Odoms,1973,DEN,14,,43,629,7,5,53,0,0,0,0,0,,0,110.2,153.2,10.94,False,False,16721
Riley Odoms,1974,DEN,14,,42,639,6,4,25,0,0,0,0,0,,0,102.4,144.4,10.31,False,False,16721
Riley Odoms,1975,DEN,14,,40,544,3,5,27,0,0,0,0,0,,0,75.1,115.1,8.22,False,False,16721
Riley Odoms,1976,DEN,14,,30,477,3,3,36,2,0,0,0,0,,0,81.3,111.3,7.95,False,False,16721
Riley Odoms,1977,DEN,14,,37,429,3,0,0,0,0,0,0,0,,0,60.9,97.9,6.99,False,False,16721
Riley Odoms,1978,DEN,16,,54,829,6,2,5,0,0,0,0,0,,0,119.4,173.4,10.84,False,False,16721
Riley Odoms,1979,DEN,13,,40,638,1,1,-7,0,0,0,0,0,,0,69.1,109.1,8.39,False,False,16721
Riley Odoms,1980,DEN,15,,39,590,6,0,0,0,0,0,0,0,,0,95.0,134.0,8.93,False,False,16721
Riley Odoms,1981,DEN,15,,38,516,5,0,0,0,0,0,0,0,,0,81.6,119.6,7.97,False,False,16721
Riley Odoms,1982,DEN,8,,8,82,0,0,0,0,0,0,0,0,,0,8.2,16.2,2.02,False,False,16721
Riley Odoms,1983,DEN,2,,4,62,0,0,0,0,0,0,0,0,,0,6.2,10.2,5.1,False,False,16721
Robert Awalt,1987,STL,12,,42,526,6,2,-9,0,0,0,0,0,,0,87.7,129.7,10.81,False,False,778
Robert Awalt,1988,PHO,16,,39,454,4,0,0,0,0,0,0,0,,0,69.4,108.4,6.77,False,False,778
Robert Awalt,1989,PHO,16,,33,360,0,0,0,0,0,0,1,0,,0,34.0,67.0,4.19,False,False,778
Robert Awalt,1990,DAL,13,,13,133,0,0,0,0,0,0,0,0,,0,13.3,26.3,2.02,False,False,778
Robert Awalt,1991,DAL,12,,5,57,0,0,0,0,0,0,0,0,,0,5.7,10.7,0.89,False,False,778
Robert Awalt,1992,BUF,14,8,4,34,0,0,0,0,0,0,0,0,,0,3.4,7.4,0.53,False,False,778
Robert Awalt,1993,BUF,12,4,2,19,0,0,0,0,0,0,0,0,,0,1.9,3.9,0.33,False,False,778
Rodney Holman,1982,CIN,9,,3,18,1,0,0,0,0,0,0,0,,0,7.8,10.8,1.2,False,False,10108
Rodney Holman,1983,CIN,16,,2,15,0,0,0,0,0,0,0,0,,0,1.5,3.5,0.22,False,False,10108
Rodney Holman,1984,CIN,16,,21,239,1,0,0,0,0,0,0,0,,0,29.9,50.9,3.18,False,False,10108
Rodney Holman,1985,CIN,16,,38,479,7,0,0,0,0,0,0,0,,0,89.9,127.9,7.99,False,False,10108
Rodney Holman,1986,CIN,16,,40,570,2,0,0,0,0,0,0,0,,0,69.0,109.0,6.81,False,False,10108
Rodney Holman,1987,CIN,12,,28,438,2,0,0,0,0,0,0,0,,0,55.8,83.8,6.98,False,False,10108
Rodney Holman,1988,CIN,16,,39,527,3,0,0,0,0,0,0,0,,0,70.7,109.7,6.86,False,False,10108
Rodney Holman,1989,CIN,16,,50,736,9,0,0,0,0,0,0,0,,0,127.6,177.6,11.1,False,False,10108
Rodney Holman,1990,CIN,16,,40,596,5,0,0,0,0,0,0,0,,0,89.6,129.6,8.1,False,False,10108
Rodney Holman,1991,CIN,16,,31,445,2,0,0,0,0,0,0,0,,0,56.5,87.5,5.47,False,False,10108
Rodney Holman,1992,CIN,16,37,26,266,2,0,0,0,0,0,0,0,,0,38.6,64.6,4.04,False,False,10108
Rodney Holman,1993,DET,16,37,25,244,2,0,0,0,0,0,0,0,,0,36.4,61.4,3.84,False,False,10108
Rodney Holman,1994,DET,15,23,17,163,0,0,0,0,0,0,0,,,0,16.3,33.3,2.22,False,False,10108
Rodney Holman,1995,DET,16,5,5,35,0,0,0,0,0,0,0,,,0,3.5,8.5,0.53,False,False,10108
Ron Hall,1987,TAM,10,,16,169,1,0,0,0,0,0,0,0,,0,22.9,38.9,3.89,False,False,8832
Ron Hall,1988,TAM,15,,39,555,0,0,0,0,0,0,0,0,,0,55.5,94.5,6.3,False,False,8832
Ron Hall,1989,TAM,16,,30,331,2,0,0,0,0,0,0,0,,0,45.1,75.1,4.69,False,False,8832
Ron Hall,1990,TAM,16,,31,464,2,0,0,0,0,0,0,0,,0,58.4,89.4,5.59,False,False,8832
Ron Hall,1991,TAM,15,,31,284,0,0,0,0,0,0,0,0,,0,28.4,59.4,3.96,False,False,8832
Ron Hall,1992,TAM,12,54,39,351,4,0,0,0,0,0,0,0,,0,59.1,98.1,8.18,False,False,8832
Ron Hall,1993,TAM,16,48,23,268,1,0,0,0,0,0,0,0,,0,32.8,55.8,3.49,False,False,8832
Ron Hall,1994,DET,13,25,10,106,0,0,0,0,0,0,0,,,0,10.6,20.6,1.58,False,False,8832
Ron Hall,1995,DET,6,18,11,81,0,0,0,0,0,0,0,,,0,8.1,19.1,3.18,False,False,8832
Russ Francis,1975,NWE,14,,35,636,4,0,0,0,0,0,0,0,,0,87.6,122.6,8.76,False,False,7259
Russ Francis,1976,NWE,13,,26,367,3,2,12,0,0,0,0,0,,0,55.9,81.9,6.3,False,False,7259
Russ Francis,1977,NWE,10,,16,229,4,0,0,0,0,0,0,0,,0,46.9,62.9,6.29,False,False,7259
Russ Francis,1978,NWE,15,,39,543,4,0,0,0,0,0,0,0,,0,78.3,117.3,7.82,False,False,7259
Russ Francis,1979,NWE,12,,39,557,5,0,0,0,0,0,0,0,,0,85.7,124.7,10.39,False,False,7259
Russ Francis,1980,NWE,15,,41,664,8,0,0,0,0,0,0,0,,0,114.4,155.4,10.36,False,False,7259
Russ Francis,1982,SFO,9,,23,278,2,0,0,0,45,0,0,0,,0,41.6,64.6,7.18,False,False,7259
Russ Francis,1983,SFO,16,,33,357,4,0,0,0,0,0,0,0,,0,59.7,92.7,5.79,False,False,7259
Russ Francis,1984,SFO,10,,23,285,2,0,0,0,0,0,0,0,,0,40.5,63.5,6.35,False,False,7259
Russ Francis,1985,SFO,16,,44,478,3,0,0,0,0,0,0,0,,0,65.8,109.8,6.86,False,False,7259
Russ Francis,1986,SFO,16,,41,505,1,0,0,0,0,0,0,0,,0,56.5,97.5,6.09,False,False,7259
Russ Francis,1987,SFO/NWE,9,,22,202,0,0,0,0,0,0,0,0,,0,20.2,42.2,4.69,False,False,7259
Russ Francis,1988,NWE,12,,11,161,0,0,0,0,0,0,0,0,,0,16.1,27.1,2.26,False,False,7259
Ryan Wetnight,1993,CHI,10,18,9,93,1,0,0,0,0,0,0,0,,0,15.3,24.3,2.43,False,False,23679
Ryan Wetnight,1994,CHI,11,20,11,104,1,0,0,0,0,0,0,,,0,16.4,27.4,2.49,False,False,23679
Ryan Wetnight,1995,CHI,12,32,24,193,2,0,0,0,0,0,0,,,0,31.3,55.3,4.61,False,False,23679
Ryan Wetnight,1996,CHI,11,42,21,223,1,0,0,0,0,0,0,,,0,28.3,49.3,4.48,False,False,23679
Ryan Wetnight,1997,CHI,16,65,46,464,1,0,0,0,0,0,0,,,0,52.4,98.4,6.15,False,False,23679
Ryan Wetnight,1998,CHI,15,32,23,168,2,0,0,0,0,0,0,,,0,28.8,51.8,3.45,False,False,23679
Ryan Wetnight,1999,CHI,16,60,38,277,1,0,0,0,0,0,0,0,0,0,33.7,71.7,4.48,False,False,23679
Shannon Sharpe,1990,DEN,16,,7,99,1,0,0,0,0,0,0,0,,0,15.9,22.9,1.43,True,True,20007
Shannon Sharpe,1991,DEN,16,,22,322,1,1,15,0,0,0,0,0,,0,39.7,61.7,3.86,True,True,20007
Shannon Sharpe,1992,DEN,16,77,53,640,2,2,-6,0,0,0,0,0,,0,75.4,128.4,8.03,True,True,20007
Shannon Sharpe,1993,DEN,16,110,81,995,9,0,0,0,0,0,0,0,,0,153.5,234.5,14.66,True,True,20007
Shannon Sharpe,1994,DEN,15,140,87,1010,4,0,0,0,0,0,0,,,0,125.0,212.0,14.13,True,True,20007
Shannon Sharpe,1995,DEN,13,94,63,756,4,0,0,0,0,0,0,,,0,99.6,162.6,12.51,True,True,20007
Shannon Sharpe,1996,DEN,15,117,80,1062,10,0,0,0,0,0,0,,,0,166.2,246.2,16.41,True,True,20007
Shannon Sharpe,1997,DEN,16,114,72,1107,3,0,0,0,0,0,0,,,0,128.7,200.7,12.54,True,True,20007
Shannon Sharpe,1998,DEN,16,107,64,768,10,0,0,0,0,0,0,,,0,136.8,200.8,12.55,True,True,20007
Shannon Sharpe,1999,DEN,5,37,23,224,0,0,0,0,0,0,0,0,0,0,22.4,45.4,9.08,True,True,20007
Steve Jordan,1982,MIN,9,,3,42,0,0,0,0,0,0,0,0,,0,4.2,7.2,0.8,False,False,11764
Steve Jordan,1983,MIN,13,,15,212,2,0,0,0,0,0,0,0,,0,33.2,48.2,3.71,False,False,11764
Steve Jordan,1984,MIN,14,,38,414,2,1,4,1,0,0,0,0,,0,59.8,97.8,6.99,False,False,11764
Steve Jordan,1985,MIN,16,,68,795,0,0,0,0,0,0,0,0,,0,79.5,147.5,9.22,False,False,11764
Steve Jordan,1986,MIN,16,,58,859,6,0,0,0,0,0,0,0,,0,121.9,179.9,11.24,False,False,11764
Steve Jordan,1987,MIN,12,,35,490,2,0,0,0,0,0,0,0,,0,61.0,96.0,8.0,False,False,11764
Steve Jordan,1988,MIN,16,,57,756,5,0,0,0,0,0,0,0,,0,105.6,162.6,10.16,False,False,11764
Steve Jordan,1989,MIN,16,,35,506,3,0,0,0,0,0,0,0,,0,68.6,103.6,6.48,False,False,11764
Steve Jordan,1990,MIN,16,,45,636,3,0,0,0,0,0,0,0,,0,81.6,126.6,7.91,False,False,11764
Steve Jordan,1991,MIN,16,,57,638,2,0,0,0,0,0,0,0,,0,75.8,132.8,8.3,False,False,11764
Steve Jordan,1992,MIN,14,40,28,394,2,0,0,0,0,0,0,0,,0,51.4,79.4,5.67,False,False,11764
Steve Jordan,1993,MIN,14,73,56,542,1,0,0,0,0,0,0,0,,0,60.2,116.2,8.3,False,False,11764
Steve Jordan,1994,MIN,4,8,3,23,0,0,0,0,0,0,0,,,0,2.3,5.3,1.32,False,False,11764
Stu Voigt,1970,MIN,3,,0,0,0,0,0,0,0,0,0,0,,0,0.0,0.0,0.0,False,False,22983
Stu Voigt,1971,MIN,12,,15,214,1,0,0,0,0,0,0,0,,0,27.4,42.4,3.53,False,False,22983
Stu Voigt,1972,MIN,14,,6,50,1,1,1,1,0,0,0,0,,0,17.1,23.1,1.65,False,False,22983
Stu Voigt,1973,MIN,13,,23,318,2,1,2,0,0,0,0,0,,0,44.0,67.0,5.15,False,False,22983
Stu Voigt,1974,MIN,14,,32,268,5,0,0,0,0,0,0,0,,0,56.8,88.8,6.34,False,False,22983
Stu Voigt,1975,MIN,13,,34,363,4,0,0,0,0,0,0,0,,0,60.3,94.3,7.25,False,False,22983
Stu Voigt,1976,MIN,14,,28,303,1,0,0,0,0,0,0,0,,0,36.3,64.3,4.59,False,False,22983
Stu Voigt,1977,MIN,14,,20,212,1,0,0,0,0,0,0,0,,0,27.2,47.2,3.37,False,False,22983
Stu Voigt,1978,MIN,15,,4,52,0,0,0,0,0,0,0,0,,0,5.2,9.2,0.61,False,False,22983
Stu Voigt,1979,MIN,16,,15,139,2,0,0,0,0,0,0,0,,0,25.9,40.9,2.56,False,False,22983
Stu Voigt,1980,MIN,3,,0,0,0,0,0,0,0,0,0,0,,0,0.0,0.0,0.0,False,False,22983
Ted Kwalick,1969,SFO,3,,2,32,1,0,0,0,0,0,0,0,,0,9.2,11.2,3.73,False,False,12723
Ted Kwalick,1970,SFO,14,,10,148,1,3,65,0,0,0,0,0,,0,27.3,37.3,2.66,False,False,12723
Ted Kwalick,1971,SFO,14,,52,664,5,6,62,0,0,0,0,0,,0,102.6,154.6,11.04,False,False,12723
Ted Kwalick,1972,SFO,14,,40,751,9,5,11,0,0,0,0,0,,0,130.2,170.2,12.16,False,False,12723
Ted Kwalick,1973,SFO,14,,47,729,5,5,37,0,0,0,0,0,,0,106.6,153.6,10.97,False,False,12723
Ted Kwalick,1974,SFO,14,,13,231,2,0,0,0,0,0,0,0,,0,35.1,48.1,3.44,False,False,12723
Ted Kwalick,1975,OAK,6,,0,0,0,0,0,0,0,0,0,0,,0,0.0,0.0,0.0,False,False,12723
Ted Kwalick,1976,OAK,7,,4,15,0,0,0,0,0,0,0,0,,0,1.5,5.5,0.79,False,False,12723
Ted Kwalick,1977,OAK,12,,0,0,0,0,0,0,0,0,0,0,,0,0.0,0.0,0.0,False,False,12723
Todd Christensen,1979,NYG/OAK,13,,0,0,0,0,0,0,0,0,0,0,,0,0.0,0.0,0.0,False,False,3874
Todd Christensen,1980,OAK,16,,0,0,0,0,0,0,0,0,0,0,,0,0.0,0.0,0.0,False,False,3874
Todd Christensen,1981,OAK,16,,8,115,2,0,0,0,0,0,0,0,,0,23.5,31.5,1.97,False,False,3874
Todd Christensen,1982,RAI,9,,42,510,4,1,-6,0,0,0,0,0,,0,74.4,116.4,12.93,False,False,3874
Todd Christensen,1983,RAI,16,,92,1247,12,0,0,0,0,0,0,0,,0,196.7,288.7,18.04,False,False,3874
Todd Christensen,1984,RAI,16,,80,1007,7,0,0,0,0,0,0,0,,0,142.7,222.7,13.92,False,False,3874
Todd Christensen,1985,RAI,16,,82,987,6,0,0,0,0,0,0,0,,0,134.7,216.7,13.54,False,False,3874
Todd Christensen,1986,RAI,16,,95,1153,8,0,0,0,0,0,0,0,,0,163.3,258.3,16.14,False,False,3874
Todd Christensen,1987,RAI,12,,47,663,2,0,0,0,0,0,0,0,,0,78.3,125.3,10.44,False,False,3874
Todd Christensen,1988,RAI,7,,15,190,0,0,0,0,0,0,0,0,,0,19.0,34.0,4.86,False,False,3874
Tom Mitchell,1966,OAK,10,,23,301,1,0,0,0,0,0,0,,,0,36.1,59.1,5.91,False,False,15518
Tom Mitchell,1968,BAL,6,,6,117,4,0,0,0,0,0,0,0,,0,35.7,41.7,6.95,False,False,15518
Tom Mitchell,1969,BAL,4,,9,199,3,0,0,0,0,0,0,0,,0,37.9,46.9,11.72,False,False,15518
Tom Mitchell,1970,BAL,14,,20,261,4,0,0,0,0,0,0,0,,0,50.1,70.1,5.01,False,False,15518
Tom Mitchell,1971,BAL,14,,33,402,0,2,9,0,0,0,0,0,,0,41.1,74.1,5.29,False,False,15518
Tom Mitchell,1972,BAL,14,,40,494,4,0,7,0,0,0,0,0,,0,74.1,114.1,8.15,False,False,15518
Tom Mitchell,1973,BAL,13,,25,313,4,0,0,0,0,0,0,0,,0,55.3,80.3,6.18,False,False,15518
Tom Mitchell,1974,SFO,14,,19,262,0,1,-2,0,0,0,0,0,,0,26.0,45.0,3.21,False,False,15518
Tom Mitchell,1975,SFO,13,,25,366,3,0,0,0,0,0,0,0,,0,54.6,79.6,6.12,False,False,15518
Tom Mitchell,1976,SFO,14,,20,240,1,0,0,0,0,0,0,0,,0,30.0,50.0,3.57,False,False,15518
Tom Mitchell,1977,SFO,13,,19,226,0,0,0,0,0,0,0,0,,0,22.6,41.6,3.2,False,False,15518
Tony Gonzalez,1997,KAN,16,54,33,368,2,0,0,0,0,0,0,,,0,48.8,81.8,5.11,False,False,8069
Tony Gonzalez,1998,KAN,16,102,59,621,2,0,0,0,0,0,0,,,0,74.1,133.1,8.32,False,False,8069
Tony Gonzalez,1999,KAN,15,104,76,849,11,0,0,0,0,0,0,0,0,0,150.9,226.9,15.13,False,False,8069
Tony Hunter,1983,BUF,13,,36,402,3,2,28,0,0,0,0,0,,0,61.0,97.0,7.46,False,False,10533
Tony Hunter,1984,BUF,11,,33,331,2,1,6,0,0,0,0,0,,0,45.7,78.7,7.15,False,False,10533
Tony Hunter,1985,RAM,16,,50,562,4,0,0,0,0,0,0,0,,0,80.2,130.2,8.14,False,False,10533
Tony Hunter,1986,RAM,7,,15,206,0,1,-6,0,0,0,0,0,,0,20.0,35.0,5.0,False,False,10533
Tony McGee,1993,CIN,15,70,44,525,0,0,0,0,0,0,0,0,,0,52.5,96.5,6.43,False,False,14767
Tony McGee,1994,CIN,16,70,40,492,1,0,0,0,0,0,0,,,0,55.2,95.2,5.95,False,False,14767
Tony McGee,1995,CIN,16,92,55,754,4,0,0,0,0,0,0,,,0,99.4,154.4,9.65,False,False,14767
Tony McGee,1996,CIN,16,63,38,446,4,0,0,0,0,0,0,,,0,68.6,106.6,6.66,False,False,14767
Tony McGee,1997,CIN,16,53,34,414,6,0,0,0,0,0,0,,,0,77.4,111.4,6.96,False,False,14767
Tony McGee,1998,CIN,16,32,22,363,1,0,0,0,0,0,0,,,0,42.3,64.3,4.02,False,False,14767
Tony McGee,1999,CIN,16,49,26,344,2,0,0,0,0,0,0,0,0,0,46.4,72.4,4.52,False,False,14767
Tony Romeo,1961,DTX,5,,7,89,0,0,0,0,0,0,0,,,0,8.9,15.9,3.18,False,False,19052
Tony Romeo,1962,BOS,12,,34,608,1,0,0,0,0,0,0,,,0,66.8,100.8,8.4,False,False,19052
Tony Romeo,1963,BOS,11,,32,418,3,0,0,0,0,0,0,,,0,59.8,91.8,8.35,False,False,19052
Tony Romeo,1964,BOS,11,,26,445,4,0,0,0,0,0,0,,,0,68.5,94.5,8.59,False,False,19052
Tony Romeo,1965,BOS,9,,15,203,2,0,0,0,0,0,0,,,0,32.3,47.3,5.26,False,False,19052
Tony Romeo,1966,BOS,2,,2,46,0,0,0,0,0,0,0,,,0,4.6,6.6,3.3,False,False,19052
Tony Romeo,1967,BOS,1,,1,4,0,0,0,0,0,0,0,,,0,0.4,1.4,1.4,False,False,19052
Troy Drayton,1993,RAM,16,39,27,319,4,1,7,0,0,0,0,0,,0,56.6,83.6,5.23,False,False,5947
Troy Drayton,1994,RAM,16,47,32,276,6,1,4,0,0,0,0,,,0,64.0,96.0,6.0,False,False,5947
Troy Drayton,1995,STL,16,68,47,458,4,0,0,0,0,0,0,,,0,69.8,116.8,7.3,False,False,5947
Troy Drayton,1996,STL/MIA,13,39,28,331,0,0,0,0,0,0,0,,,0,33.1,61.1,4.7,False,False,5947
Troy Drayton,1997,MIA,16,50,39,558,4,0,0,0,0,0,0,,,0,79.8,118.8,7.42,False,False,5947
Troy Drayton,1998,MIA,15,49,30,334,3,0,0,0,0,0,0,,,0,51.4,81.4,5.43,False,False,5947
Troy Drayton,1999,MIA,14,50,32,299,1,0,0,0,0,0,0,0,0,0,35.9,67.9,4.85,False,False,5947
Walter White,1975,KAN,14,,23,559,3,3,-10,0,0,0,1,0,,0,70.9,93.9,6.71,False,False,23821
Walter White,1976,KAN,14,,47,808,7,2,15,0,0,0,0,0,,0,124.3,171.3,12.24,False,False,23821
Walter White,1977,KAN,13,,48,674,5,2,-3,0,0,0,0,0,,0,97.1,145.1,11.16,False,False,23821
Walter White,1978,KAN,16,,42,340,1,0,0,0,44,0,0,0,,0,41.76,83.76,5.23,False,False,23821
Walter White,1979,KAN,6,,3,15,0,0,0,0,0,0,0,0,,0,1.5,4.5,0.75,False,False,23821
Wesley Walls,1989,SFO,16,,4,16,1,0,0,0,0,0,0,0,,0,7.6,11.6,0.72,False,False,23180
Wesley Walls,1990,SFO,16,,5,27,0,0,0,0,0,0,0,0,,0,2.7,7.7,0.48,False,False,23180
Wesley Walls,1991,SFO,15,,2,24,0,0,0,0,0,0,0,0,,0,2.4,4.4,0.29,False,False,23180
Wesley Walls,1993,SFO,6,0,0,0,0,0,0,0,0,0,0,0,,0,0.0,0.0,0.0,False,False,23180
Wesley Walls,1994,NOR,15,69,38,406,4,0,0,0,0,0,0,,,0,64.6,102.6,6.84,False,False,23180
Wesley Walls,1995,NOR,16,92,57,694,4,0,0,0,0,0,0,,,0,93.4,150.4,9.4,False,False,23180
Wesley Walls,1996,CAR,16,111,61,713,10,0,0,0,0,0,0,,,0,131.3,192.3,12.02,False,False,23180
Wesley Walls,1997,CAR,15,97,58,746,6,0,0,0,0,0,0,,,0,110.6,168.6,11.24,False,False,23180
Wesley Walls,1998,CAR,14,78,49,506,5,0,0,0,0,0,0,,,0,80.6,129.6,9.26,False,False,23180
Wesley Walls,1999,CAR,16,108,63,822,12,0,0,0,0,0,0,0,0,0,154.2,217.2,13.57,False,False,23180
Willie Frazier,1964,HOU,6,,11,227,2,0,0,0,0,0,0,,,0,34.7,45.7,7.62,False,False,7329
Willie Frazier,1965,HOU,12,,37,521,8,0,0,0,0,0,0,,,0,100.1,137.1,11.42,False,False,7329
Willie Frazier,1966,SDG,4,,9,144,2,0,0,0,0,0,0,,,0,26.4,35.4,8.85,False,False,7329
Willie Frazier,1967,SDG,14,,57,922,10,0,0,0,0,0,0,,,0,152.2,209.2,14.94,False,False,7329
Willie Frazier,1968,SDG,7,,16,237,3,0,0,0,0,0,0,,,0,41.7,57.7,8.24,False,False,7329
Willie Frazier,1969,SDG,8,,17,205,0,0,0,0,0,0,0,,,0,20.5,37.5,4.69,False,False,7329
Willie Frazier,1970,SDG,14,,38,497,6,5,120,1,0,0,0,0,,0,103.7,141.7,10.12,False,False,7329
Willie Frazier,1971,HOU/KAN,14,,10,154,0,1,-2,0,0,0,0,0,,0,15.2,25.2,1.8,False,False,7329
Willie Frazier,1972,KAN,14,,13,172,5,0,0,0,0,0,0,0,,0,47.2,60.2,4.3,False,False,7329
Willie Frazier,1975,HOU,5,,1,9,0,0,0,0,0,0,0,0,,0,0.9,1.9,0.38,False,False,7329
Zeke Mowatt,1983,NYG,16,,21,280,1,0,0,0,0,0,0,0,,0,34.0,55.0,3.44,False,False,15959
Zeke Mowatt,1984,NYG,16,,48,698,6,0,0,0,0,0,0,0,,0,105.8,153.8,9.61,False,False,15959
Zeke Mowatt,1986,NYG,16,,10,119,2,0,0,0,0,0,0,0,,0,23.9,33.9,2.12,False,False,15959
Zeke Mowatt,1987,NYG,12,,3,39,1,0,0,0,0,0,0,0,,0,9.9,12.9,1.07,False,False,15959
Zeke Mowatt,1988,NYG,16,,15,196,1,0,0,0,0,0,0,0,,0,25.6,40.6,2.54,False,False,15959
Zeke Mowatt,1989,NYG,16,,27,288,0,0,0,0,0,0,0,0,,0,28.8,55.8,3.49,False,False,15959
Zeke Mowatt,1990,NWE,10,,6,67,0,0,0,0,0,0,0,0,,0,6.7,12.7,1.27,False,False,15959
Zeke Mowatt,1991,NYG,16,,5,78,1,0,0,0,0,0,0,0,,0,13.8,18.8,1.18,False,False,15959
